start,end,chr,type,sample,numb_exons,decon,gatk,cnvkit,grapes,gc_content,mappability,cnv_length,gene,qual,true_positive,decon_qual,gatk_qual,cnvkit_qual,grapes_qual,cnv_origin,sample_correlation,is_outlier
67862865,67863057,chr10,DEL,RB38634,1,1,1,0,1,45.59585492227979,1.0,192,"{'ID': 'CDS:ENST00000433211.7', 'Parent': 'ENST00000433211.7', 'gene_id': 'ENSG00000183230.18_1', 'transcript_id': 'ENST00000433211.7_1', 'gene_type': 'protein_coding', 'gene_name': 'CTNNA3', 'transcript_type': 'protein_coding', 'transcript_name': 'CTNNA3-203', 'exon_number': '14', 'exon_id': 'ENSE00001298371.1', 'level': '2', 'protein_id': 'ENSP00000389714.1', 'transcript_support_level': '1', 'hgnc_id': 'HGNC:2511', 'tag': 'basic,Ensembl_canonical,MANE_Select,appris_principal_1,CCDS', 'ccdsid': 'CCDS7269.1', 'havana_gene': 'OTTHUMG00000018334.8_1', 'havana_transcript': 'OTTHUMT00000048282.3_1', 'remap_original_location': 'chr10:-:66103157-66103249', 'remap_status': 'full_contig93', 'feature': 'CDS', 'feature_coordinates': 'chr10:67862915-67863007', 'probegroup': 'CTNNA3', 'offset_coordinates': 'chr10:67862889-67863032', 'five_prime_bases': 75, 'three_prime_bases': 73, 'region_id': 'chr10:67862840-67863080'}","{'GRAPES2': '0.895', 'CNVKIT': None, 'DECON': '11.5', 'GATK_GCNV': '80.29'}",True,11.5,80.29,,0.895,in_silico,0.848063535242153,False
73614678,73659622,chr14,DEL,RB38634,5,1,1,0,1,42.76560240293693,0.15331378274354532,44944,"{'ID': 'CDS:ENST00000324501.10', 'Parent': 'ENST00000324501.10', 'gene_id': 'ENSG00000080815.19_1', 'transcript_id': 'ENST00000324501.10_1', 'gene_type': 'protein_coding', 'gene_name': 'PSEN1', 'transcript_type': 'protein_coding', 'transcript_name': 'PSEN1-201', 'exon_number': '3', 'exon_id': 'ENSE00001343119.1', 'level': '2', 'protein_id': 'ENSP00000326366.5', 'transcript_support_level': '1', 'hgnc_id': 'HGNC:9508', 'tag': 'basic,Ensembl_canonical,MANE_Select,appris_principal_4,CCDS', 'ccdsid': 'CCDS9812.1', 'havana_gene': 'OTTHUMG00000141279.18_1', 'havana_transcript': 'OTTHUMT00000280500.3_1', 'remap_original_location': 'chr14:+:73148020-73148106', 'remap_status': 'full_contig87', 'feature': 'CDS', 'feature_coordinates': 'chr14:73614728-73614814', 'probegroup': 'PSEN1', 'offset_coordinates': 'chr14:73614702-73614839', 'five_prime_bases': 78, 'three_prime_bases': 76, 'region_id': 'chr14:73614650-73614890'}","{'GRAPES2': '0.999', 'CNVKIT': None, 'DECON': '48.7', 'GATK_GCNV': '631.92'}",True,48.7,631.92,,0.999,in_silico,0.848063535242153,False
15847201,15870083,chr16,DUP,RB38634,8,1,1,0,1,46.36629812524581,0.3687325967619047,22882,"{'ID': 'CDS:ENST00000300036.6', 'Parent': 'ENST00000300036.6', 'gene_id': 'ENSG00000133392.18_1', 'transcript_id': 'ENST00000300036.6_1', 'gene_type': 'protein_coding', 'gene_name': 'MYH11', 'transcript_type': 'protein_coding', 'transcript_name': 'MYH11-201', 'exon_number': '15', 'exon_id': 'ENSE00003604193.1', 'level': '2', 'protein_id': 'ENSP00000300036.5', 'transcript_support_level': '1', 'hgnc_id': 'HGNC:7569', 'tag': 'CAGE_supported_TSS,basic,Ensembl_canonical,MANE_Select,CCDS', 'ccdsid': 'CCDS10565.1', 'havana_gene': 'OTTHUMG00000129935.9_1', 'havana_transcript': 'OTTHUMT00000252192.6_1', 'remap_original_location': 'chr16:-:15753394-15753508', 'remap_status': 'full_contig115', 'feature': 'CDS', 'feature_coordinates': 'chr16:15847251-15847365', 'probegroup': 'MYH11', 'offset_coordinates': 'chr16:15847225-15847390', 'five_prime_bases': 76, 'three_prime_bases': 74, 'region_id': 'chr16:15847175-15847439'}","{'GRAPES2': '1.0', 'CNVKIT': None, 'DECON': '121', 'GATK_GCNV': '234.10'}",True,121,234.10,,1.0,in_silico,0.848063535242153,False
92174195,92187726,chr1,DUP,RB38634,7,1,0,0,0,41.00650310375406,1.0,13531,"{'ID': 'CDS:ENST00000212355.9', 'Parent': 'ENST00000212355.9', 'gene_id': 'ENSG00000069702.11_1', 'transcript_id': 'ENST00000212355.9_1', 'gene_type': 'protein_coding', 'gene_name': 'TGFBR3', 'transcript_type': 'protein_coding', 'transcript_name': 'TGFBR3-201', 'exon_number': '14', 'exon_id': 'ENSE00003476285.1', 'level': '2', 'protein_id': 'ENSP00000212355.4', 'transcript_support_level': '1', 'hgnc_id': 'HGNC:11774', 'tag': 'basic,Ensembl_canonical,MANE_Select,appris_principal_3,CCDS', 'ccdsid': 'CCDS30770.1', 'havana_gene': 'OTTHUMG00000010097.7_1', 'havana_transcript': 'OTTHUMT00000504230.2_1', 'remap_original_location': 'chr1:-:91708663-91708783', 'remap_status': 'full_contig121', 'feature': 'CDS', 'feature_coordinates': 'chr1:92174220-92174340', 'probegroup': 'TGFBR3', 'offset_coordinates': 'chr1:92174194-92174365', 'five_prime_bases': 85, 'three_prime_bases': 83, 'region_id': 'chr1:92174135-92174423'}","{'GRAPES2': None, 'CNVKIT': None, 'DECON': '6.73', 'GATK_GCNV': None}",False,6.73,,,,,0.848063535242153,False
179518323,179519747,chr2,DEL,RB38634,7,1,0,0,0,40.35087719298245,0.4833332,1424,"{'ID': 'CDS:ENST00000589042.5', 'Parent': 'ENST00000589042.5', 'gene_id': 'ENSG00000155657.29_1', 'transcript_id': 'ENST00000589042.5_1', 'gene_type': 'protein_coding', 'gene_name': 'TTN', 'transcript_type': 'protein_coding', 'transcript_name': 'TTN-214', 'exon_number': '196', 'exon_id': 'ENSE00002750222.1', 'level': '1', 'protein_id': 'ENSP00000467141.1', 'transcript_support_level': '5', 'hgnc_id': 'HGNC:12403', 'tag': 'inferred_exon_combination,non_submitted_evidence,basic,Ensembl_canonical,MANE_Select,appris_principal_1,exp_conf,CCDS', 'ccdsid': 'CCDS59435.1', 'havana_gene': 'OTTHUMG00000154448.23_1', 'havana_transcript': 'OTTHUMT00000450680.3_1', 'remap_original_location': 'chr2:-:178653621-178653701', 'remap_status': 'full_contig81', 'feature': 'CDS', 'feature_coordinates': 'chr2:179518348-179518428', 'probegroup': 'TTN', 'offset_coordinates': 'chr2:179518322-179518453', 'five_prime_bases': 2460, 'three_prime_bases': 1372, 'region_id': 'chr2:179515888-179519800'}","{'GRAPES2': None, 'CNVKIT': None, 'DECON': '67.5', 'GATK_GCNV': None}",False,67.5,,,,,0.848063535242153,False
179522583,179522909,chr2,DUP,RB38634,2,1,0,0,0,41.896024464831804,0.333333,326,"{'ID': 'CDS:ENST00000589042.5', 'Parent': 'ENST00000589042.5', 'gene_id': 'ENSG00000155657.29_1', 'transcript_id': 'ENST00000589042.5_1', 'gene_type': 'protein_coding', 'gene_name': 'TTN', 'transcript_type': 'protein_coding', 'transcript_name': 'TTN-214', 'exon_number': '187', 'exon_id': 'ENSE00002960777.1', 'level': '1', 'protein_id': 'ENSP00000467141.1', 'transcript_support_level': '5', 'hgnc_id': 'HGNC:12403', 'tag': 'inferred_exon_combination,non_submitted_evidence,basic,Ensembl_canonical,MANE_Select,appris_principal_1,exp_conf,CCDS', 'ccdsid': 'CCDS59435.1', 'havana_gene': 'OTTHUMG00000154448.23_1', 'havana_transcript': 'OTTHUMT00000450680.3_1', 'remap_original_location': 'chr2:-:178657881-178657961', 'remap_status': 'full_contig81', 'feature': 'CDS', 'feature_coordinates': 'chr2:179522608-179522688', 'probegroup': 'TTN', 'offset_coordinates': 'chr2:179522582-179522713', 'five_prime_bases': 462, 'three_prime_bases': 1372, 'region_id': 'chr2:179522146-179524060'}","{'GRAPES2': None, 'CNVKIT': None, 'DECON': '4.76', 'GATK_GCNV': None}",False,4.76,,,,,0.848063535242153,False
121719397,121742525,chr4,DEL,RB38634,7,1,0,0,0,37.078991741968956,0.24415387535951155,23128,"{'ID': 'CDS:ENST00000264808.8', 'Parent': 'ENST00000264808.8', 'gene_id': 'ENSG00000138738.11_1', 'transcript_id': 'ENST00000264808.8_1', 'gene_type': 'protein_coding', 'gene_name': 'PRDM5', 'transcript_type': 'protein_coding', 'transcript_name': 'PRDM5-201', 'exon_number': '10', 'exon_id': 'ENSE00003604782.1', 'level': '2', 'protein_id': 'ENSP00000264808.3', 'transcript_support_level': '1', 'hgnc_id': 'HGNC:9349', 'tag': 'basic,Ensembl_canonical,MANE_Select,appris_principal_1,CCDS', 'ccdsid': 'CCDS3716.1', 'havana_gene': 'OTTHUMG00000132970.2_1', 'havana_transcript': 'OTTHUMT00000256528.2_1', 'remap_original_location': 'chr4:-:120798267-120798424', 'remap_status': 'full_contig158', 'feature': 'CDS', 'feature_coordinates': 'chr4:121719422-121719579', 'probegroup': 'PRDM5', 'offset_coordinates': 'chr4:121719396-121719604', 'five_prime_bases': 78, 'three_prime_bases': 77, 'region_id': 'chr4:121719344-121719656'}","{'GRAPES2': None, 'CNVKIT': None, 'DECON': '33.2', 'GATK_GCNV': None}",False,33.2,,,,,0.848063535242153,False
75863553,75871895,chr10,DEL,RB38634,5,1,0,0,0,44.744096847656714,0.7777776666666667,8342,"{'ID': 'CDS:ENST00000211998.10', 'Parent': 'ENST00000211998.10', 'gene_id': 'ENSG00000035403.18_1', 'transcript_id': 'ENST00000211998.10_1', 'gene_type': 'protein_coding', 'gene_name': 'VCL', 'transcript_type': 'protein_coding', 'transcript_name': 'VCL-201', 'exon_number': '15', 'exon_id': 'ENSE00003463820.1', 'level': '2', 'protein_id': 'ENSP00000211998.5', 'transcript_support_level': '1', 'hgnc_id': 'HGNC:12665', 'tag': 'basic,Ensembl_canonical,MANE_Select,appris_principal_1,CCDS', 'ccdsid': 'CCDS7341.1', 'havana_gene': 'OTTHUMG00000018498.4_1', 'havana_transcript': 'OTTHUMT00000048752.3_1', 'remap_original_location': 'chr10:+:74103820-74103928', 'remap_status': 'full_contig109', 'feature': 'CDS', 'feature_coordinates': 'chr10:75863578-75863686', 'probegroup': 'VCL', 'offset_coordinates': 'chr10:75863552-75863711', 'five_prime_bases': 79, 'three_prime_bases': 77, 'region_id': 'chr10:75863499-75863763'}","{'GRAPES2': None, 'CNVKIT': None, 'DECON': '14.7', 'GATK_GCNV': None}",False,14.7,,,,,0.848063535242153,False
66777303,66777554,chr15,DUP,RB38634,1,1,0,0,0,58.730158730158735,0.8333333333333334,251,"{'ID': 'CDS:ENST00000307102.10', 'Parent': 'ENST00000307102.10', 'gene_id': 'ENSG00000169032.11_1', 'transcript_id': 'ENST00000307102.10_1', 'gene_type': 'protein_coding', 'gene_name': 'MAP2K1', 'transcript_type': 'protein_coding', 'transcript_name': 'MAP2K1-201', 'exon_number': '7', 'exon_id': 'ENSE00001257056.1', 'level': '2', 'protein_id': 'ENSP00000302486.5', 'transcript_support_level': '1', 'hgnc_id': 'HGNC:6840', 'tag': 'basic,Ensembl_canonical,MANE_Select,appris_principal_1,CCDS', 'ccdsid': 'CCDS10216.1', 'havana_gene': 'OTTHUMG00000133196.5_1', 'havana_transcript': 'OTTHUMT00000256906.4_1', 'remap_original_location': 'chr15:+:66484990-66485191', 'remap_status': 'full_contig202', 'feature': 'CDS', 'feature_coordinates': 'chr15:66777328-66777529', 'probegroup': 'MAP2K1', 'offset_coordinates': 'chr15:66777302-66777554', 'five_prime_bases': 32, 'three_prime_bases': 31, 'region_id': 'chr15:66777296-66777560'}","{'GRAPES2': None, 'CNVKIT': None, 'DECON': '3.89', 'GATK_GCNV': None}",False,3.89,,,,,0.848063535242153,False
25562883,25573626,chr18,DUP,RB38634,7,1,0,0,0,37.09977661950856,1.0,10743,"{'ID': 'CDS:ENST00000269141.8', 'Parent': 'ENST00000269141.8', 'gene_id': 'ENSG00000170558.10_1', 'transcript_id': 'ENST00000269141.8_1', 'gene_type': 'protein_coding', 'gene_name': 'CDH2', 'transcript_type': 'protein_coding', 'transcript_name': 'CDH2-201', 'exon_number': '14', 'exon_id': 'ENSE00001199798.1', 'level': '2', 'protein_id': 'ENSP00000269141.3', 'transcript_support_level': '1', 'hgnc_id': 'HGNC:1759', 'tag': 'basic,Ensembl_canonical,MANE_Select,appris_principal_1,CCDS', 'ccdsid': 'CCDS11891.1', 'havana_gene': 'OTTHUMG00000059940.12_1', 'havana_transcript': 'OTTHUMT00000133246.4_1', 'remap_original_location': 'chr18:-:27982944-27983083', 'remap_status': 'full_contig140', 'feature': 'CDS', 'feature_coordinates': 'chr18:25562908-25563047', 'probegroup': 'CDH2', 'offset_coordinates': 'chr18:25562882-25563072', 'five_prime_bases': 75, 'three_prime_bases': 74, 'region_id': 'chr18:25562833-25563121'}","{'GRAPES2': None, 'CNVKIT': None, 'DECON': '23.1', 'GATK_GCNV': None}",False,23.1,,,,,0.848063535242153,False
45377620,45377723,chr18,DEL,RB38634,1,1,0,0,0,38.46153846153847,1.0,103,"{'ID': 'CDS:ENST00000262160.11', 'Parent': 'ENST00000262160.11', 'gene_id': 'ENSG00000175387.16_1', 'transcript_id': 'ENST00000262160.11_1', 'gene_type': 'protein_coding', 'gene_name': 'SMAD2', 'transcript_type': 'protein_coding', 'transcript_name': 'SMAD2-201', 'exon_number': '7', 'exon_id': 'ENSE00001248493.1', 'level': '2', 'protein_id': 'ENSP00000262160.6', 'transcript_support_level': '1', 'hgnc_id': 'HGNC:6768', 'tag': 'basic,Ensembl_canonical,MANE_Select,CCDS', 'ccdsid': 'CCDS11934.1', 'havana_gene': 'OTTHUMG00000132652.5_1', 'havana_transcript': 'OTTHUMT00000255903.3_1', 'remap_original_location': 'chr18:-:47851274-47851327', 'remap_status': 'full_contig54', 'feature': 'CDS', 'feature_coordinates': 'chr18:45377645-45377698', 'probegroup': 'SMAD2', 'offset_coordinates': 'chr18:45377619-45377723', 'five_prime_bases': 82, 'three_prime_bases': 81, 'region_id': 'chr18:45377563-45377779'}","{'GRAPES2': None, 'CNVKIT': None, 'DECON': '3.04', 'GATK_GCNV': None}",False,3.04,,,,,0.848063535242153,False
30411254,30411410,chr20,DUP,RB38634,1,1,0,0,1,63.05732484076433,1.0,156,"{'ID': 'CDS:ENST00000375985.5', 'Parent': 'ENST00000375985.5', 'gene_id': 'ENSG00000101306.11_1', 'transcript_id': 'ENST00000375985.5_1', 'gene_type': 'protein_coding', 'gene_name': 'MYLK2', 'transcript_type': 'protein_coding', 'transcript_name': 'MYLK2-201', 'exon_number': '5', 'exon_id': 'ENSE00000661108.1', 'level': '2', 'protein_id': 'ENSP00000365152.4', 'transcript_support_level': '1', 'hgnc_id': 'HGNC:16243', 'tag': 'basic,Ensembl_canonical,MANE_Select,appris_principal_1,CCDS', 'ccdsid': 'CCDS13191.1', 'havana_gene': 'OTTHUMG00000032194.3_1', 'havana_transcript': 'OTTHUMT00000078582.3_1', 'remap_original_location': 'chr20:+:31823477-31823582', 'remap_status': 'full_contig106', 'feature': 'CDS', 'feature_coordinates': 'chr20:30411280-30411385', 'probegroup': 'MYLK2', 'offset_coordinates': 'chr20:30411254-30411410', 'five_prime_bases': 80, 'three_prime_bases': 79, 'region_id': 'chr20:30411200-30411464'}","{'GRAPES2': '0.143', 'CNVKIT': None, 'DECON': '13.6', 'GATK_GCNV': None}",False,13.6,,,0.143,,0.848063535242153,False
30648326,30715788,chr3,DUP,RB38146,5,1,1,0,1,40.343595748780814,0.2934390114712644,67462,"{'ID': 'CDS:ENST00000295754.10', 'Parent': 'ENST00000295754.10', 'gene_id': 'ENSG00000163513.19_1', 'transcript_id': 'ENST00000295754.10_1', 'gene_type': 'protein_coding', 'gene_name': 'TGFBR2', 'transcript_type': 'protein_coding', 'transcript_name': 'TGFBR2-201', 'exon_number': '1', 'exon_id': 'ENSE00002704195.1', 'level': '2', 'protein_id': 'ENSP00000295754.5', 'transcript_support_level': '1', 'hgnc_id': 'HGNC:11773', 'tag': 'CAGE_supported_TSS,basic,Ensembl_canonical,MANE_Select,appris_principal_1,CCDS', 'ccdsid': 'CCDS2648.1', 'havana_gene': 'OTTHUMG00000130569.8_1', 'havana_transcript': 'OTTHUMT00000252994.3_1', 'remap_original_location': 'chr3:+:30606884-30606977', 'remap_status': 'full_contig94', 'feature': 'CDS', 'feature_coordinates': 'chr3:30648376-30648469', 'probegroup': 'TGFBR2', 'offset_coordinates': 'chr3:30648350-30648494', 'five_prime_bases': 74, 'three_prime_bases': 73, 'region_id': 'chr3:30648302-30648542'}","{'GRAPES2': '0.967', 'CNVKIT': None, 'DECON': '75.9', 'GATK_GCNV': '72.62'}",True,75.9,72.62,,0.967,in_silico,0.7539530058222164,False
155756537,156074596,chr5,DEL,RB38146,6,1,1,0,1,38.83040935672515,0.1865869295606809,318059,"{'ID': 'CDS:ENST00000337851.9', 'Parent': 'ENST00000337851.9', 'gene_id': 'ENSG00000170624.14_1', 'transcript_id': 'ENST00000337851.9_1', 'gene_type': 'protein_coding', 'gene_name': 'SGCD', 'transcript_type': 'protein_coding', 'transcript_name': 'SGCD-201', 'exon_number': '2', 'exon_id': 'ENSE00002322170.1', 'level': '2', 'protein_id': 'ENSP00000338343.4', 'transcript_support_level': '1', 'hgnc_id': 'HGNC:10807', 'tag': 'basic,Ensembl_canonical,MANE_Select,appris_principal_4,CCDS', 'ccdsid': 'CCDS47325.1', 'havana_gene': 'OTTHUMG00000163445.4_1', 'havana_transcript': 'OTTHUMT00000373470.2_1', 'remap_original_location': 'chr5:+:156329577-156329579', 'remap_status': 'full_contig3', 'feature': 'CDS', 'feature_coordinates': 'chr5:155756587-155756589', 'probegroup': 'SGCD', 'offset_coordinates': 'chr5:155756561-155756614', 'five_prime_bases': 84, 'three_prime_bases': 82, 'region_id': 'chr5:155756503-155756671'}","{'GRAPES2': '0.922', 'CNVKIT': None, 'DECON': '57.3', 'GATK_GCNV': '347.26'}",True,57.3,347.26,,0.922,in_silico,0.7539530058222164,False
31854785,31854986,chrX,DEL,RB38146,1,1,1,0,1,40.5940594059406,1.0,201,"{'ID': 'CDS:ENST00000357033.9', 'Parent': 'ENST00000357033.9', 'gene_id': 'ENSG00000198947.18_1', 'transcript_id': 'ENST00000357033.9_1', 'gene_type': 'protein_coding', 'gene_name': 'DMD', 'transcript_type': 'protein_coding', 'transcript_name': 'DMD-203', 'exon_number': '49', 'exon_id': 'ENSE00003592729.1', 'level': '2', 'protein_id': 'ENSP00000354923.3', 'transcript_support_level': '1', 'hgnc_id': 'HGNC:2928', 'tag': 'basic,Ensembl_canonical,MANE_Select,appris_principal_3,CCDS', 'ccdsid': 'CCDS14233.1', 'havana_gene': 'OTTHUMG00000021336.7_1', 'havana_transcript': 'OTTHUMT00000056182.2_1', 'remap_original_location': 'chrX:-:31836718-31836819', 'remap_status': 'full_contig102', 'feature': 'CDS', 'feature_coordinates': 'chrX:31854835-31854936', 'probegroup': 'DMD', 'offset_coordinates': 'chrX:31854809-31854961', 'five_prime_bases': 81, 'three_prime_bases': 82, 'region_id': 'chrX:31854754-31855018'}","{'GRAPES2': '0.916', 'CNVKIT': None, 'DECON': '13.8', 'GATK_GCNV': '47.45'}",True,13.8,47.45,,0.916,in_silico,0.7539530058222164,False
179518323,179518649,chr2,DUP,RB38146,2,1,0,0,0,41.59021406727829,0.333333,326,"{'ID': 'CDS:ENST00000589042.5', 'Parent': 'ENST00000589042.5', 'gene_id': 'ENSG00000155657.29_1', 'transcript_id': 'ENST00000589042.5_1', 'gene_type': 'protein_coding', 'gene_name': 'TTN', 'transcript_type': 'protein_coding', 'transcript_name': 'TTN-214', 'exon_number': '196', 'exon_id': 'ENSE00002750222.1', 'level': '1', 'protein_id': 'ENSP00000467141.1', 'transcript_support_level': '5', 'hgnc_id': 'HGNC:12403', 'tag': 'inferred_exon_combination,non_submitted_evidence,basic,Ensembl_canonical,MANE_Select,appris_principal_1,exp_conf,CCDS', 'ccdsid': 'CCDS59435.1', 'havana_gene': 'OTTHUMG00000154448.23_1', 'havana_transcript': 'OTTHUMT00000450680.3_1', 'remap_original_location': 'chr2:-:178653621-178653701', 'remap_status': 'full_contig81', 'feature': 'CDS', 'feature_coordinates': 'chr2:179518348-179518428', 'probegroup': 'TTN', 'offset_coordinates': 'chr2:179518322-179518453', 'five_prime_bases': 2460, 'three_prime_bases': 1372, 'region_id': 'chr2:179515888-179519800'}","{'GRAPES2': None, 'CNVKIT': None, 'DECON': '7.62', 'GATK_GCNV': None}",False,7.62,,,,,0.7539530058222164,False
179519147,179519580,chr2,DEL,RB38146,2,1,0,0,0,38.47926267281106,0.333333,433,"{'ID': 'CDS:ENST00000589042.5', 'Parent': 'ENST00000589042.5', 'gene_id': 'ENSG00000155657.29_1', 'transcript_id': 'ENST00000589042.5_1', 'gene_type': 'protein_coding', 'gene_name': 'TTN', 'transcript_type': 'protein_coding', 'transcript_name': 'TTN-214', 'exon_number': '192', 'exon_id': 'ENSE00002836035.1', 'level': '1', 'protein_id': 'ENSP00000467141.1', 'transcript_support_level': '5', 'hgnc_id': 'HGNC:12403', 'tag': 'inferred_exon_combination,non_submitted_evidence,basic,Ensembl_canonical,MANE_Select,appris_principal_1,exp_conf,CCDS', 'ccdsid': 'CCDS59435.1', 'havana_gene': 'OTTHUMG00000154448.23_1', 'havana_transcript': 'OTTHUMT00000450680.3_1', 'remap_original_location': 'chr2:-:178654445-178654534', 'remap_status': 'full_contig90', 'feature': 'CDS', 'feature_coordinates': 'chr2:179519172-179519261', 'probegroup': 'TTN', 'offset_coordinates': 'chr2:179519146-179519286', 'five_prime_bases': 3284, 'three_prime_bases': 539, 'region_id': 'chr2:179515888-179519800'}","{'GRAPES2': None, 'CNVKIT': None, 'DECON': '4.68', 'GATK_GCNV': None}",False,4.68,,,,,0.7539530058222164,False
179522583,179523107,chr2,DEL,RB38146,3,1,0,0,0,40.95238095238095,0.4166665,524,"{'ID': 'CDS:ENST00000589042.5', 'Parent': 'ENST00000589042.5', 'gene_id': 'ENSG00000155657.29_1', 'transcript_id': 'ENST00000589042.5_1', 'gene_type': 'protein_coding', 'gene_name': 'TTN', 'transcript_type': 'protein_coding', 'transcript_name': 'TTN-214', 'exon_number': '187', 'exon_id': 'ENSE00002960777.1', 'level': '1', 'protein_id': 'ENSP00000467141.1', 'transcript_support_level': '5', 'hgnc_id': 'HGNC:12403', 'tag': 'inferred_exon_combination,non_submitted_evidence,basic,Ensembl_canonical,MANE_Select,appris_principal_1,exp_conf,CCDS', 'ccdsid': 'CCDS59435.1', 'havana_gene': 'OTTHUMG00000154448.23_1', 'havana_transcript': 'OTTHUMT00000450680.3_1', 'remap_original_location': 'chr2:-:178657881-178657961', 'remap_status': 'full_contig81', 'feature': 'CDS', 'feature_coordinates': 'chr2:179522608-179522688', 'probegroup': 'TTN', 'offset_coordinates': 'chr2:179522582-179522713', 'five_prime_bases': 462, 'three_prime_bases': 1372, 'region_id': 'chr2:179522146-179524060'}","{'GRAPES2': None, 'CNVKIT': None, 'DECON': '16.8', 'GATK_GCNV': None}",False,16.8,,,,,0.7539530058222164,False
179526844,179527368,chr2,DEL,RB38146,3,1,0,0,0,40.57142857142857,0.4166665,524,"{'ID': 'CDS:ENST00000589042.5', 'Parent': 'ENST00000589042.5', 'gene_id': 'ENSG00000155657.29_1', 'transcript_id': 'ENST00000589042.5_1', 'gene_type': 'protein_coding', 'gene_name': 'TTN', 'transcript_type': 'protein_coding', 'transcript_name': 'TTN-214', 'exon_number': '178', 'exon_id': 'ENSE00002852676.1', 'level': '1', 'protein_id': 'ENSP00000467141.1', 'transcript_support_level': '5', 'hgnc_id': 'HGNC:12403', 'tag': 'inferred_exon_combination,non_submitted_evidence,basic,Ensembl_canonical,MANE_Select,appris_principal_1,exp_conf,CCDS', 'ccdsid': 'CCDS59435.1', 'havana_gene': 'OTTHUMG00000154448.23_1', 'havana_transcript': 'OTTHUMT00000450680.3_1', 'remap_original_location': 'chr2:-:178662142-178662222', 'remap_status': 'full_contig81', 'feature': 'CDS', 'feature_coordinates': 'chr2:179526869-179526949', 'probegroup': 'TTN', 'offset_coordinates': 'chr2:179526843-179526974', 'five_prime_bases': 462, 'three_prime_bases': 1954, 'region_id': 'chr2:179526407-179528903'}","{'GRAPES2': None, 'CNVKIT': None, 'DECON': '22.3', 'GATK_GCNV': None}",False,22.3,,,,,0.7539530058222164,False
179527968,179528268,chr2,DEL,RB38146,2,1,0,0,0,41.86046511627907,0.52083325,300,"{'ID': 'CDS:ENST00000589042.5', 'Parent': 'ENST00000589042.5', 'gene_id': 'ENSG00000155657.29_1', 'transcript_id': 'ENST00000589042.5_1', 'gene_type': 'protein_coding', 'gene_name': 'TTN', 'transcript_type': 'protein_coding', 'transcript_name': 'TTN-214', 'exon_number': '173', 'exon_id': 'ENSE00002763838.1', 'level': '1', 'protein_id': 'ENSP00000467141.1', 'transcript_support_level': '5', 'hgnc_id': 'HGNC:12403', 'tag': 'inferred_exon_combination,non_submitted_evidence,basic,Ensembl_canonical,MANE_Select,appris_principal_1,exp_conf,CCDS', 'ccdsid': 'CCDS59435.1', 'havana_gene': 'OTTHUMG00000154448.23_1', 'havana_transcript': 'OTTHUMT00000450680.3_1', 'remap_original_location': 'chr2:-:178663266-178663349', 'remap_status': 'full_contig84', 'feature': 'CDS', 'feature_coordinates': 'chr2:179527993-179528076', 'probegroup': 'TTN', 'offset_coordinates': 'chr2:179527967-179528101', 'five_prime_bases': 1586, 'three_prime_bases': 827, 'region_id': 'chr2:179526407-179528903'}","{'GRAPES2': None, 'CNVKIT': None, 'DECON': '10.6', 'GATK_GCNV': None}",False,10.6,,,,,0.7539530058222164,False
57875743,57902829,chr3,DEL,RB38146,8,1,0,0,0,37.92594233396094,0.3265809300892856,27086,"{'ID': 'CDS:ENST00000671191.1', 'Parent': 'ENST00000671191.1', 'gene_id': 'ENSG00000163681.16_1', 'transcript_id': 'ENST00000671191.1_1', 'gene_type': 'protein_coding', 'gene_name': 'SLMAP', 'transcript_type': 'protein_coding', 'transcript_name': 'SLMAP-230', 'exon_number': '15', 'exon_id': 'ENSE00003625243.1', 'level': '2', 'protein_id': 'ENSP00000499458.1', 'hgnc_id': 'HGNC:16643', 'tag': 'CAGE_supported_TSS,RNA_Seq_supported_only,basic,Ensembl_canonical,MANE_Select,appris_alternative_1', 'havana_gene': 'OTTHUMG00000133764.5_1', 'havana_transcript': 'OTTHUMT00000504658.2_1', 'remap_original_location': 'chr3:+:57890041-57890100', 'remap_status': 'full_contig60', 'feature': 'CDS', 'feature_coordinates': 'chr3:57875768-57875827', 'probegroup': 'SLMAP', 'offset_coordinates': 'chr3:57875742-57875852', 'five_prime_bases': 79, 'three_prime_bases': 78, 'region_id': 'chr3:57875689-57875905'}","{'GRAPES2': None, 'CNVKIT': None, 'DECON': '9.16', 'GATK_GCNV': None}",False,9.16,,,,,0.7539530058222164,False
114208735,114208884,chr4,DUP,RB38146,1,1,0,0,1,43.333333333333336,1.0,149,"{'ID': 'CDS:ENST00000357077.9', 'Parent': 'ENST00000357077.9', 'gene_id': 'ENSG00000145362.21_1', 'transcript_id': 'ENST00000357077.9_1', 'gene_type': 'protein_coding', 'gene_name': 'ANK2', 'transcript_type': 'protein_coding', 'transcript_name': 'ANK2-202', 'exon_number': '19', 'exon_id': 'ENSE00002472969.1', 'level': '2', 'protein_id': 'ENSP00000349588.4', 'transcript_support_level': '1', 'hgnc_id': 'HGNC:493', 'tag': 'basic,Ensembl_canonical,MANE_Select,appris_principal_2,CCDS', 'ccdsid': 'CCDS3702.1', 'havana_gene': 'OTTHUMG00000132912.13_1', 'havana_transcript': 'OTTHUMT00000256422.5_1', 'remap_original_location': 'chr4:+:113287605-113287703', 'remap_status': 'full_contig99', 'feature': 'CDS', 'feature_coordinates': 'chr4:114208761-114208859', 'probegroup': 'ANK2', 'offset_coordinates': 'chr4:114208735-114208884', 'five_prime_bases': 84, 'three_prime_bases': 82, 'region_id': 'chr4:114208677-114208941'}","{'GRAPES2': '0.528', 'CNVKIT': None, 'DECON': '13.1', 'GATK_GCNV': None}",False,13.1,,,0.528,,0.7539530058222164,False
127673664,127673839,chr5,DEL,RB38146,1,1,0,0,0,51.13636363636363,1.0,175,"{'ID': 'CDS:ENST00000262464.9', 'Parent': 'ENST00000262464.9', 'gene_id': 'ENSG00000138829.12_1', 'transcript_id': 'ENST00000262464.9_1', 'gene_type': 'protein_coding', 'gene_name': 'FBN2', 'transcript_type': 'protein_coding', 'transcript_name': 'FBN2-201', 'exon_number': '27', 'exon_id': 'ENSE00003889041.1', 'level': '2', 'protein_id': 'ENSP00000262464.4', 'transcript_support_level': '1', 'hgnc_id': 'HGNC:3604', 'tag': 'basic,Ensembl_canonical,MANE_Select,appris_principal_1,CCDS', 'ccdsid': 'CCDS34222.1', 'havana_gene': 'OTTHUMG00000163082.4_1', 'havana_transcript': 'OTTHUMT00000504447.2_1', 'remap_original_location': 'chr5:-:128337997-128338122', 'remap_status': 'full_contig126', 'feature': 'CDS', 'feature_coordinates': 'chr5:127673689-127673814', 'probegroup': 'FBN2', 'offset_coordinates': 'chr5:127673663-127673839', 'five_prime_bases': 82, 'three_prime_bases': 81, 'region_id': 'chr5:127673607-127673895'}","{'GRAPES2': None, 'CNVKIT': None, 'DECON': '2.72', 'GATK_GCNV': None}",False,2.72,,,,,0.7539530058222164,False
116754481,116758533,chr6,DUP,RB38146,2,1,0,0,0,38.909449790278806,0.7692307692307693,4052,"{'ID': 'CDS:ENST00000644252.3', 'Parent': 'ENST00000644252.3', 'gene_id': 'ENSG00000111817.19_1', 'transcript_id': 'ENST00000644252.3_1', 'gene_type': 'protein_coding', 'gene_name': 'DSE', 'transcript_type': 'protein_coding', 'transcript_name': 'DSE-213', 'exon_number': '5', 'exon_id': 'ENSE00000762640.1', 'level': '2', 'protein_id': 'ENSP00000494147.2', 'hgnc_id': 'HGNC:21144', 'tag': 'basic,Ensembl_canonical,MANE_Select,appris_principal_1,CCDS', 'ccdsid': 'CCDS5107.1', 'havana_gene': 'OTTHUMG00000015434.16_1', 'havana_transcript': 'OTTHUMT00000497107.2_1', 'remap_original_location': 'chr6:+:116433343-116433550', 'remap_status': 'full_contig208', 'feature': 'CDS', 'feature_coordinates': 'chr6:116754506-116754713', 'probegroup': 'DSE', 'offset_coordinates': 'chr6:116754480-116754738', 'five_prime_bases': 29, 'three_prime_bases': 28, 'region_id': 'chr6:116754477-116754741'}","{'GRAPES2': None, 'CNVKIT': None, 'DECON': '10.5', 'GATK_GCNV': None}",False,10.5,,,,,0.7539530058222164,False
45291140,45300433,chr17,DEL,RB38146,5,1,0,0,0,45.97589842909404,0.5800243420833333,9293,"{'ID': 'CDS:ENST00000393450.5', 'Parent': 'ENST00000393450.5', 'gene_id': 'ENSG00000198336.9_1', 'transcript_id': 'ENST00000393450.5_1', 'gene_type': 'protein_coding', 'gene_name': 'MYL4', 'transcript_type': 'protein_coding', 'transcript_name': 'MYL4-202', 'exon_number': '2', 'exon_id': 'ENSE00001110506.1', 'level': '2', 'protein_id': 'ENSP00000377096.1', 'transcript_support_level': '1', 'hgnc_id': 'HGNC:7585', 'tag': 'basic,Ensembl_canonical,MANE_Select,appris_principal_1,CCDS', 'ccdsid': 'CCDS11510.1', 'havana_gene': 'OTTHUMG00000178232.2_1', 'havana_transcript': 'OTTHUMT00000441064.1_1', 'remap_original_location': 'chr17:+:47213799-47213826', 'remap_status': 'full_contig28', 'feature': 'CDS', 'feature_coordinates': 'chr17:45291165-45291192', 'probegroup': 'MYL4', 'offset_coordinates': 'chr17:45291139-45291217', 'five_prime_bases': 83, 'three_prime_bases': 82, 'region_id': 'chr17:45291082-45291274'}","{'GRAPES2': None, 'CNVKIT': None, 'DECON': '21.8', 'GATK_GCNV': None}",False,21.8,,,,,0.7539530058222164,False
21340105,21340211,chr22,DUP,RB38146,1,1,0,0,0,61.6822429906542,1.0,106,"{'ID': 'CDS:ENST00000646124.2', 'Parent': 'ENST00000646124.2', 'gene_id': 'ENSG00000099949.21_1', 'transcript_id': 'ENST00000646124.2_1', 'gene_type': 'protein_coding', 'gene_name': 'LZTR1', 'transcript_type': 'protein_coding', 'transcript_name': 'LZTR1-221', 'exon_number': '3', 'exon_id': 'ENSE00003508485.1', 'level': '2', 'protein_id': 'ENSP00000496779.1', 'hgnc_id': 'HGNC:6742', 'tag': 'CAGE_supported_TSS,basic,Ensembl_canonical,MANE_Select,appris_principal_1,CCDS', 'ccdsid': 'CCDS33606.1', 'havana_gene': 'OTTHUMG00000150878.7_1', 'havana_transcript': 'OTTHUMT00000497424.2_1', 'remap_original_location': 'chr22:+:20985841-20985897', 'remap_status': 'full_contig57', 'feature': 'CDS', 'feature_coordinates': 'chr22:21340130-21340186', 'probegroup': 'LZTR1', 'offset_coordinates': 'chr22:21340104-21340211', 'five_prime_bases': 81, 'three_prime_bases': 79, 'region_id': 'chr22:21340049-21340265'}","{'GRAPES2': None, 'CNVKIT': None, 'DECON': '3.53', 'GATK_GCNV': None}",False,3.53,,,,,0.7539530058222164,False
83823741,83823952,chr7,DUP,RB38138,1,1,1,0,1,41.509433962264154,1.0,211,"{'ID': 'CDS:ENST00000265362.9', 'Parent': 'ENST00000265362.9', 'gene_id': 'ENSG00000075213.11_1', 'transcript_id': 'ENST00000265362.9_1', 'gene_type': 'protein_coding', 'gene_name': 'SEMA3A', 'transcript_type': 'protein_coding', 'transcript_name': 'SEMA3A-201', 'exon_number': '1', 'exon_id': 'ENSE00001163673.3', 'level': '2', 'protein_id': 'ENSP00000265362.3', 'transcript_support_level': '1', 'hgnc_id': 'HGNC:10723', 'tag': 'basic,Ensembl_canonical,MANE_Select,appris_principal_1,CCDS', 'ccdsid': 'CCDS5599.1', 'havana_gene': 'OTTHUMG00000023443.16_1', 'havana_transcript': 'OTTHUMT00000253355.3_1', 'remap_original_location': 'chr7:-:84194475-84194586', 'remap_status': 'full_contig112', 'feature': 'CDS', 'feature_coordinates': 'chr7:83823791-83823902', 'probegroup': 'SEMA3A', 'offset_coordinates': 'chr7:83823765-83823927', 'five_prime_bases': 77, 'three_prime_bases': 76, 'region_id': 'chr7:83823714-83823978'}","{'GRAPES2': '0.685', 'CNVKIT': None, 'DECON': '9.55', 'GATK_GCNV': '87.66'}",True,9.55,87.66,,0.685,in_silico,0.8902887435990194,False
18787234,18795501,chr10,DUP,RB38138,3,1,1,0,1,40.51765844218674,0.6347222499999999,8267,"{'ID': 'CDS:ENST00000324631.13', 'Parent': 'ENST00000324631.13', 'gene_id': 'ENSG00000165995.23_1', 'transcript_id': 'ENST00000324631.13_1', 'gene_type': 'protein_coding', 'gene_name': 'CACNB2', 'transcript_type': 'protein_coding', 'transcript_name': 'CACNB2-202', 'exon_number': '4', 'exon_id': 'ENSE00001005446.1', 'level': '2', 'protein_id': 'ENSP00000320025.8', 'transcript_support_level': '1', 'hgnc_id': 'HGNC:1402', 'tag': 'basic,Ensembl_canonical,MANE_Select,CCDS', 'ccdsid': 'CCDS7125.1', 'havana_gene': 'OTTHUMG00000017764.9_1', 'havana_transcript': 'OTTHUMT00000047072.3_1', 'remap_original_location': 'chr10:+:18498355-18498477', 'remap_status': 'full_contig123', 'feature': 'CDS', 'feature_coordinates': 'chr10:18787284-18787406', 'probegroup': 'CACNB2', 'offset_coordinates': 'chr10:18787258-18787431', 'five_prime_bases': 84, 'three_prime_bases': 82, 'region_id': 'chr10:18787200-18787488'}","{'GRAPES2': '1.0', 'CNVKIT': None, 'DECON': '25.5', 'GATK_GCNV': '143.80'}",True,25.5,143.80,,1.0,in_silico,0.8902887435990194,False
121431717,121432218,chr10,DEL,RB38138,1,1,1,0,1,64.34262948207171,1.0,501,"{'ID': 'CDS:ENST00000369085.8', 'Parent': 'ENST00000369085.8', 'gene_id': 'ENSG00000151929.10_1', 'transcript_id': 'ENST00000369085.8_1', 'gene_type': 'protein_coding', 'gene_name': 'BAG3', 'transcript_type': 'protein_coding', 'transcript_name': 'BAG3-201', 'exon_number': '3', 'exon_id': 'ENSE00001002492.1', 'level': '2', 'protein_id': 'ENSP00000358081.4', 'transcript_support_level': '1', 'hgnc_id': 'HGNC:939', 'tag': 'basic,Ensembl_canonical,MANE_Select,appris_principal_1,CCDS', 'ccdsid': 'CCDS7615.1', 'havana_gene': 'OTTHUMG00000019155.2_1', 'havana_transcript': 'OTTHUMT00000050662.1_1', 'remap_original_location': 'chr10:+:119672255-119672656', 'remap_status': 'full_contig402', 'feature': 'CDS', 'feature_coordinates': 'chr10:121431767-121432168', 'probegroup': 'BAG3', 'offset_coordinates': 'chr10:121431741-121432193', 'five_prime_bases': 28, 'three_prime_bases': 27, 'region_id': 'chr10:121431739-121432195'}","{'GRAPES2': '0.31', 'CNVKIT': None, 'DECON': '10.6', 'GATK_GCNV': '576.63'}",True,10.6,576.63,,0.31,in_silico,0.8902887435990194,False
32395823,32409503,chr18,DEL,RB38138,5,1,1,0,1,37.66537533806008,0.5369432684210526,13680,"{'ID': 'CDS:ENST00000444659.6', 'Parent': 'ENST00000444659.6', 'gene_id': 'ENSG00000134769.23_1', 'transcript_id': 'ENST00000444659.6_1', 'gene_type': 'protein_coding', 'gene_name': 'DTNA', 'transcript_type': 'protein_coding', 'transcript_name': 'DTNA-207', 'exon_number': '7', 'exon_id': 'ENSE00003675278.1', 'level': '2', 'protein_id': 'ENSP00000405819.2', 'transcript_support_level': '5', 'hgnc_id': 'HGNC:3057', 'tag': 'RNA_Seq_supported_only,basic,Ensembl_canonical,MANE_Select', 'havana_gene': 'OTTHUMG00000132309.6_1', 'remap_original_location': 'chr18:+:34815909-34816014', 'remap_status': 'full_contig106', 'feature': 'CDS', 'feature_coordinates': 'chr18:32395873-32395978', 'probegroup': 'DTNA', 'offset_coordinates': 'chr18:32395847-32396003', 'five_prime_bases': 80, 'three_prime_bases': 79, 'region_id': 'chr18:32395793-32396057'}","{'GRAPES2': '1.0', 'CNVKIT': None, 'DECON': '37.6', 'GATK_GCNV': '1796.22'}",True,37.6,1796.22,,1.0,in_silico,0.8902887435990194,False
78398942,78399189,chr1,DUP,RB38138,1,1,0,0,0,31.85483870967742,1.0,247,"{'ID': 'CDS:ENST00000334785.12', 'Parent': 'ENST00000334785.12', 'gene_id': 'ENSG00000162614.19_1', 'transcript_id': 'ENST00000334785.12_1', 'gene_type': 'protein_coding', 'gene_name': 'NEXN', 'transcript_type': 'protein_coding', 'transcript_name': 'NEXN-202', 'exon_number': '10', 'exon_id': 'ENSE00003632010.1', 'level': '2', 'protein_id': 'ENSP00000333938.7', 'transcript_support_level': '1', 'hgnc_id': 'HGNC:29557', 'tag': 'basic,Ensembl_canonical,MANE_Select,appris_principal_3,CCDS', 'ccdsid': 'CCDS41351.1', 'havana_gene': 'OTTHUMG00000040533.4_1', 'havana_transcript': 'OTTHUMT00000097549.1_1', 'remap_original_location': 'chr1:+:77933282-77933479', 'remap_status': 'full_contig198', 'feature': 'CDS', 'feature_coordinates': 'chr1:78398967-78399164', 'probegroup': 'NEXN', 'offset_coordinates': 'chr1:78398941-78399189', 'five_prime_bases': 34, 'three_prime_bases': 33, 'region_id': 'chr1:78398933-78399197'}","{'GRAPES2': None, 'CNVKIT': None, 'DECON': '2.85', 'GATK_GCNV': None}",False,2.85,,,,,0.8902887435990194,False
179519147,179519747,chr2,DUP,RB38138,3,1,0,0,0,39.10149750415973,0.361111,600,"{'ID': 'CDS:ENST00000589042.5', 'Parent': 'ENST00000589042.5', 'gene_id': 'ENSG00000155657.29_1', 'transcript_id': 'ENST00000589042.5_1', 'gene_type': 'protein_coding', 'gene_name': 'TTN', 'transcript_type': 'protein_coding', 'transcript_name': 'TTN-214', 'exon_number': '192', 'exon_id': 'ENSE00002836035.1', 'level': '1', 'protein_id': 'ENSP00000467141.1', 'transcript_support_level': '5', 'hgnc_id': 'HGNC:12403', 'tag': 'inferred_exon_combination,non_submitted_evidence,basic,Ensembl_canonical,MANE_Select,appris_principal_1,exp_conf,CCDS', 'ccdsid': 'CCDS59435.1', 'havana_gene': 'OTTHUMG00000154448.23_1', 'havana_transcript': 'OTTHUMT00000450680.3_1', 'remap_original_location': 'chr2:-:178654445-178654534', 'remap_status': 'full_contig90', 'feature': 'CDS', 'feature_coordinates': 'chr2:179519172-179519261', 'probegroup': 'TTN', 'offset_coordinates': 'chr2:179519146-179519286', 'five_prime_bases': 3284, 'three_prime_bases': 539, 'region_id': 'chr2:179515888-179519800'}","{'GRAPES2': None, 'CNVKIT': None, 'DECON': '6.27', 'GATK_GCNV': None}",False,6.27,,,,,0.8902887435990194,False
179527968,179528101,chr2,DUP,RB38138,1,1,0,0,0,43.28358208955223,0.333333,133,"{'ID': 'CDS:ENST00000589042.5', 'Parent': 'ENST00000589042.5', 'gene_id': 'ENSG00000155657.29_1', 'transcript_id': 'ENST00000589042.5_1', 'gene_type': 'protein_coding', 'gene_name': 'TTN', 'transcript_type': 'protein_coding', 'transcript_name': 'TTN-214', 'exon_number': '173', 'exon_id': 'ENSE00002763838.1', 'level': '1', 'protein_id': 'ENSP00000467141.1', 'transcript_support_level': '5', 'hgnc_id': 'HGNC:12403', 'tag': 'inferred_exon_combination,non_submitted_evidence,basic,Ensembl_canonical,MANE_Select,appris_principal_1,exp_conf,CCDS', 'ccdsid': 'CCDS59435.1', 'havana_gene': 'OTTHUMG00000154448.23_1', 'havana_transcript': 'OTTHUMT00000450680.3_1', 'remap_original_location': 'chr2:-:178663266-178663349', 'remap_status': 'full_contig84', 'feature': 'CDS', 'feature_coordinates': 'chr2:179527993-179528076', 'probegroup': 'TTN', 'offset_coordinates': 'chr2:179527967-179528101', 'five_prime_bases': 1586, 'three_prime_bases': 827, 'region_id': 'chr2:179526407-179528903'}","{'GRAPES2': None, 'CNVKIT': None, 'DECON': '3.07', 'GATK_GCNV': None}",False,3.07,,,,,0.8902887435990194,False
86633766,86642566,chr5,DUP,RB38138,3,1,0,0,0,34.0302238382002,1.0,8800,"{'ID': 'CDS:ENST00000274376.11', 'Parent': 'ENST00000274376.11', 'gene_id': 'ENSG00000145715.15_1', 'transcript_id': 'ENST00000274376.11_1', 'gene_type': 'protein_coding', 'gene_name': 'RASA1', 'transcript_type': 'protein_coding', 'transcript_name': 'RASA1-201', 'exon_number': '5', 'exon_id': 'ENSE00002242328.1', 'level': '2', 'protein_id': 'ENSP00000274376.6', 'transcript_support_level': '1', 'hgnc_id': 'HGNC:9871', 'tag': 'basic,Ensembl_canonical,MANE_Select,appris_principal_3,CCDS', 'ccdsid': 'CCDS34200.1', 'havana_gene': 'OTTHUMG00000162605.3_1', 'havana_transcript': 'OTTHUMT00000369729.2_1', 'remap_original_location': 'chr5:+:87337974-87338091', 'remap_status': 'full_contig118', 'feature': 'CDS', 'feature_coordinates': 'chr5:86633791-86633908', 'probegroup': 'RASA1', 'offset_coordinates': 'chr5:86633765-86633933', 'five_prime_bases': 74, 'three_prime_bases': 73, 'region_id': 'chr5:86633717-86633981'}","{'GRAPES2': None, 'CNVKIT': None, 'DECON': '4.41', 'GATK_GCNV': None}",False,4.41,,,,,0.8902887435990194,False
123573532,123581808,chr6,DUP,RB38138,5,1,0,0,0,33.297088317023075,0.37528630313888883,8276,"{'ID': 'CDS:ENST00000334268.9', 'Parent': 'ENST00000334268.9', 'gene_id': 'ENSG00000186439.14_1', 'transcript_id': 'ENST00000334268.9_1', 'gene_type': 'protein_coding', 'gene_name': 'TRDN', 'transcript_type': 'protein_coding', 'transcript_name': 'TRDN-201', 'exon_number': '38', 'exon_id': 'ENSE00003766474.1', 'level': '2', 'protein_id': 'ENSP00000333984.5', 'transcript_support_level': '1', 'hgnc_id': 'HGNC:12261', 'tag': 'CAGE_supported_TSS,basic,Ensembl_canonical,MANE_Select,appris_principal_3,CCDS', 'ccdsid': 'CCDS55053.1', 'havana_gene': 'OTTHUMG00000015497.4_1', 'havana_transcript': 'OTTHUMT00000042050.3_1', 'remap_original_location': 'chr6:-:123252412-123252435', 'remap_status': 'full_contig24', 'feature': 'CDS', 'feature_coordinates': 'chr6:123573557-123573580', 'probegroup': 'TRDN', 'offset_coordinates': 'chr6:123573531-123573605', 'five_prime_bases': 85, 'three_prime_bases': 84, 'region_id': 'chr6:123573472-123573664'}","{'GRAPES2': None, 'CNVKIT': None, 'DECON': '4.52', 'GATK_GCNV': None}",False,4.52,,,,,0.8902887435990194,False
133804145,133804278,chr6,DUP,RB38138,1,1,0,0,0,38.80597014925373,1.0,133,"{'ID': 'CDS:ENST00000355286.12', 'Parent': 'ENST00000355286.12', 'gene_id': 'ENSG00000112319.20_1', 'transcript_id': 'ENST00000355286.12_1', 'gene_type': 'protein_coding', 'gene_name': 'EYA4', 'transcript_type': 'protein_coding', 'transcript_name': 'EYA4-202', 'exon_number': '13', 'exon_id': 'ENSE00003468302.1', 'level': '2', 'protein_id': 'ENSP00000347434.7', 'transcript_support_level': '1', 'hgnc_id': 'HGNC:3522', 'tag': 'CAGE_supported_TSS,basic,Ensembl_canonical,MANE_Select,appris_principal_3,CCDS', 'ccdsid': 'CCDS5165.1', 'havana_gene': 'OTTHUMG00000015602.8_1', 'havana_transcript': 'OTTHUMT00000495639.2_1', 'remap_original_location': 'chr6:+:133483032-133483115', 'remap_status': 'full_contig84', 'feature': 'CDS', 'feature_coordinates': 'chr6:133804170-133804253', 'probegroup': 'EYA4', 'offset_coordinates': 'chr6:133804144-133804278', 'five_prime_bases': 79, 'three_prime_bases': 78, 'region_id': 'chr6:133804091-133804331'}","{'GRAPES2': None, 'CNVKIT': None, 'DECON': '2.47', 'GATK_GCNV': None}",False,2.47,,,,,0.8902887435990194,False
18439787,18439929,chr10,DUP,RB38138,1,1,0,0,0,31.46853146853147,1.0,142,"{'ID': 'CDS:ENST00000324631.13', 'Parent': 'ENST00000324631.13', 'gene_id': 'ENSG00000165995.23_1', 'transcript_id': 'ENST00000324631.13_1', 'gene_type': 'protein_coding', 'gene_name': 'CACNB2', 'transcript_type': 'protein_coding', 'transcript_name': 'CACNB2-202', 'exon_number': '2', 'exon_id': 'ENSE00003566244.1', 'level': '2', 'protein_id': 'ENSP00000320025.8', 'transcript_support_level': '1', 'hgnc_id': 'HGNC:1402', 'tag': 'basic,Ensembl_canonical,MANE_Select,CCDS', 'ccdsid': 'CCDS7125.1', 'havana_gene': 'OTTHUMG00000017764.9_1', 'havana_transcript': 'OTTHUMT00000047072.3_1', 'remap_original_location': 'chr10:+:18150883-18150975', 'remap_status': 'full_contig93', 'feature': 'CDS', 'feature_coordinates': 'chr10:18439812-18439904', 'probegroup': 'CACNB2', 'offset_coordinates': 'chr10:18439786-18439929', 'five_prime_bases': 75, 'three_prime_bases': 73, 'region_id': 'chr10:18439737-18439977'}","{'GRAPES2': None, 'CNVKIT': None, 'DECON': '2.55', 'GATK_GCNV': None}",False,2.55,,,,,0.8902887435990194,False
107819115,107821374,chrX,DUP,RB38138,3,1,0,0,0,36.50442477876106,0.7222223333333333,2259,"{'ID': 'CDS:ENST00000328300.11', 'Parent': 'ENST00000328300.11', 'gene_id': 'ENSG00000188153.14_1', 'transcript_id': 'ENST00000328300.11_1', 'gene_type': 'protein_coding', 'gene_name': 'COL4A5', 'transcript_type': 'protein_coding', 'transcript_name': 'COL4A5-201', 'exon_number': '10', 'exon_id': 'ENSE00001435485.1', 'level': '2', 'protein_id': 'ENSP00000331902.7', 'transcript_support_level': '1', 'hgnc_id': 'HGNC:2207', 'tag': 'dotter_confirmed,basic,Ensembl_canonical,MANE_Select,appris_alternative_1,CCDS', 'ccdsid': 'CCDS35366.1', 'havana_gene': 'OTTHUMG00000022182.6_1', 'havana_transcript': 'OTTHUMT00000360023.1_1', 'remap_original_location': 'chrX:+:108575910-108575972', 'remap_status': 'full_contig63', 'feature': 'CDS', 'feature_coordinates': 'chrX:107819140-107819202', 'probegroup': 'COL4A5', 'offset_coordinates': 'chrX:107819114-107819227', 'five_prime_bases': 78, 'three_prime_bases': 76, 'region_id': 'chrX:107819062-107819278'}","{'GRAPES2': None, 'CNVKIT': None, 'DECON': '3.93', 'GATK_GCNV': None}",False,3.93,,,,,0.8902887435990194,False
115251106,115252399,chr1,DUP,RB36462,2,1,1,0,1,39.18083462132921,1.0,1293,"{'ID': 'CDS:ENST00000369535.5', 'Parent': 'ENST00000369535.5', 'gene_id': 'ENSG00000213281.5_1', 'transcript_id': 'ENST00000369535.5_1', 'gene_type': 'protein_coding', 'gene_name': 'NRAS', 'transcript_type': 'protein_coding', 'transcript_name': 'NRAS-201', 'exon_number': '5', 'exon_id': 'ENSE00000800104.3', 'level': '2', 'protein_id': 'ENSP00000358548.4', 'transcript_support_level': '1', 'hgnc_id': 'HGNC:7989', 'tag': 'basic,Ensembl_canonical,MANE_Select,appris_principal_1,CCDS', 'ccdsid': 'CCDS877.1', 'havana_gene': 'OTTHUMG00000012059.3_1', 'havana_transcript': 'OTTHUMT00000033395.3_1', 'remap_original_location': 'chr1:-:114708535-114708654', 'remap_status': 'full_contig120', 'feature': 'CDS', 'feature_coordinates': 'chr1:115251156-115251275', 'probegroup': 'NRAS', 'offset_coordinates': 'chr1:115251130-115251300', 'five_prime_bases': 85, 'three_prime_bases': 84, 'region_id': 'chr1:115251071-115251359'}","{'GRAPES2': '1.0', 'CNVKIT': None, 'DECON': '31', 'GATK_GCNV': '146.66'}",True,31,146.66,,1.0,in_silico,0.9149800447864369,False
131722667,131722893,chr5,DUP,RB36462,1,1,1,0,1,55.06607929515418,1.0,226,"{'ID': 'CDS:ENST00000245407.8', 'Parent': 'ENST00000245407.8', 'gene_id': 'ENSG00000197375.14_1', 'transcript_id': 'ENST00000245407.8_1', 'gene_type': 'protein_coding', 'gene_name': 'SLC22A5', 'transcript_type': 'protein_coding', 'transcript_name': 'SLC22A5-201', 'exon_number': '5', 'exon_id': 'ENSE00003787991.1', 'level': '2', 'protein_id': 'ENSP00000245407.3', 'transcript_support_level': '1', 'hgnc_id': 'HGNC:10969', 'tag': 'basic,Ensembl_canonical,MANE_Select,appris_principal_1,CCDS', 'ccdsid': 'CCDS4154.1', 'havana_gene': 'OTTHUMG00000059634.15_1', 'havana_transcript': 'OTTHUMT00000132631.2_1', 'remap_original_location': 'chr5:+:132387025-132387151', 'remap_status': 'full_contig127', 'feature': 'CDS', 'feature_coordinates': 'chr5:131722717-131722843', 'probegroup': 'SLC22A5', 'offset_coordinates': 'chr5:131722691-131722868', 'five_prime_bases': 82, 'three_prime_bases': 80, 'region_id': 'chr5:131722635-131722923'}","{'GRAPES2': '0.376', 'CNVKIT': None, 'DECON': '16.7', 'GATK_GCNV': '40.56'}",True,16.7,40.56,,0.376,in_silico,0.9149800447864369,False
54011280,54053710,chr10,DEL,RB36462,9,1,1,0,1,34.93672079375928,0.11815598917674396,42430,"{'ID': 'CDS:ENST00000373980.11', 'Parent': 'ENST00000373980.11', 'gene_id': 'ENSG00000185532.20_1', 'transcript_id': 'ENST00000373980.11_1', 'gene_type': 'protein_coding', 'gene_name': 'PRKG1', 'transcript_type': 'protein_coding', 'transcript_name': 'PRKG1-203', 'exon_number': '10', 'exon_id': 'ENSE00003429550.1', 'level': '2', 'protein_id': 'ENSP00000363092.5', 'transcript_support_level': '1', 'hgnc_id': 'HGNC:9414', 'tag': 'dotter_confirmed,basic,Ensembl_canonical,MANE_Select,CCDS', 'ccdsid': 'CCDS7244.1', 'havana_gene': 'OTTHUMG00000018248.15_1', 'havana_transcript': 'OTTHUMT00000496473.2_1', 'remap_original_location': 'chr10:+:52251570-52251666', 'remap_status': 'full_contig97', 'feature': 'CDS', 'feature_coordinates': 'chr10:54011330-54011426', 'probegroup': 'PRKG1', 'offset_coordinates': 'chr10:54011304-54011451', 'five_prime_bases': 85, 'three_prime_bases': 83, 'region_id': 'chr10:54011245-54011509'}","{'GRAPES2': '1.0', 'CNVKIT': None, 'DECON': '111', 'GATK_GCNV': '2034.41'}",True,111,2034.41,,1.0,in_silico,0.9149800447864369,False
21998487,21998816,chr12,DEL,RB36462,1,1,1,0,1,40.909090909090914,1.0,329,"{'ID': 'CDS:ENST00000261200.9', 'Parent': 'ENST00000261200.9', 'gene_id': 'ENSG00000069431.14_1', 'transcript_id': 'ENST00000261200.9_1', 'gene_type': 'protein_coding', 'gene_name': 'ABCC9', 'transcript_type': 'protein_coding', 'transcript_name': 'ABCC9-201', 'exon_number': '26', 'exon_id': 'ENSE00000822304.1', 'level': '2', 'protein_id': 'ENSP00000261200.4', 'transcript_support_level': '5', 'hgnc_id': 'HGNC:60', 'tag': 'CAGE_supported_TSS,basic,Ensembl_canonical,MANE_Select,appris_principal_5,CCDS', 'ccdsid': 'CCDS8693.1', 'havana_gene': 'OTTHUMG00000169094.4_1', 'havana_transcript': 'OTTHUMT00000402228.2_1', 'remap_original_location': 'chr12:-:21845603-21845832', 'remap_status': 'full_contig230', 'feature': 'CDS', 'feature_coordinates': 'chr12:21998537-21998766', 'probegroup': 'ABCC9', 'offset_coordinates': 'chr12:21998511-21998791', 'five_prime_bases': 30, 'three_prime_bases': 29, 'region_id': 'chr12:21998507-21998795'}","{'GRAPES2': '0.54', 'CNVKIT': None, 'DECON': '12.1', 'GATK_GCNV': '214.79'}",True,12.1,214.79,,0.54,in_silico,0.9149800447864369,False
92193191,92193388,chr1,DEL,RB36462,1,1,0,0,0,38.38383838383838,1.0,197,"{'ID': 'CDS:ENST00000212355.9', 'Parent': 'ENST00000212355.9', 'gene_id': 'ENSG00000069702.11_1', 'transcript_id': 'ENST00000212355.9_1', 'gene_type': 'protein_coding', 'gene_name': 'TGFBR3', 'transcript_type': 'protein_coding', 'transcript_name': 'TGFBR3-201', 'exon_number': '7', 'exon_id': 'ENSE00003490625.1', 'level': '2', 'protein_id': 'ENSP00000212355.4', 'transcript_support_level': '1', 'hgnc_id': 'HGNC:11774', 'tag': 'basic,Ensembl_canonical,MANE_Select,appris_principal_3,CCDS', 'ccdsid': 'CCDS30770.1', 'havana_gene': 'OTTHUMG00000010097.7_1', 'havana_transcript': 'OTTHUMT00000504230.2_1', 'remap_original_location': 'chr1:-:91727659-91727806', 'remap_status': 'full_contig148', 'feature': 'CDS', 'feature_coordinates': 'chr1:92193216-92193363', 'probegroup': 'TGFBR3', 'offset_coordinates': 'chr1:92193190-92193388', 'five_prime_bases': 83, 'three_prime_bases': 82, 'region_id': 'chr1:92193133-92193445'}","{'GRAPES2': None, 'CNVKIT': None, 'DECON': '5.31', 'GATK_GCNV': None}",False,5.31,,,,,0.9149800447864369,False
179522200,179524007,chr2,DUP,RB36462,9,1,0,0,0,40.099557522123895,0.4027776666666667,1807,"{'ID': 'CDS:ENST00000589042.5', 'Parent': 'ENST00000589042.5', 'gene_id': 'ENSG00000155657.29_1', 'transcript_id': 'ENST00000589042.5_1', 'gene_type': 'protein_coding', 'gene_name': 'TTN', 'transcript_type': 'protein_coding', 'transcript_name': 'TTN-214', 'exon_number': '189', 'exon_id': 'ENSE00002949545.1', 'level': '1', 'protein_id': 'ENSP00000467141.1', 'transcript_support_level': '5', 'hgnc_id': 'HGNC:12403', 'tag': 'inferred_exon_combination,non_submitted_evidence,basic,Ensembl_canonical,MANE_Select,appris_principal_1,exp_conf,CCDS', 'ccdsid': 'CCDS59435.1', 'havana_gene': 'OTTHUMG00000154448.23_1', 'havana_transcript': 'OTTHUMT00000450680.3_1', 'remap_original_location': 'chr2:-:178657498-178657581', 'remap_status': 'full_contig84', 'feature': 'CDS', 'feature_coordinates': 'chr2:179522225-179522308', 'probegroup': 'TTN', 'offset_coordinates': 'chr2:179522199-179522333', 'five_prime_bases': 79, 'three_prime_bases': 1752, 'region_id': 'chr2:179522146-179524060'}","{'GRAPES2': None, 'CNVKIT': None, 'DECON': '9.48', 'GATK_GCNV': None}",False,9.48,,,,,0.9149800447864369,False
186427651,186427831,chr4,DEL,RB36462,1,1,0,0,0,65.19337016574586,1.0,180,"{'ID': 'CDS:ENST00000284767.12', 'Parent': 'ENST00000284767.12', 'gene_id': 'ENSG00000154553.16_1', 'transcript_id': 'ENST00000284767.12_1', 'gene_type': 'protein_coding', 'gene_name': 'PDLIM3', 'transcript_type': 'protein_coding', 'transcript_name': 'PDLIM3-201', 'exon_number': '6', 'exon_id': 'ENSE00003567254.1', 'level': '2', 'protein_id': 'ENSP00000284767.8', 'transcript_support_level': '5', 'hgnc_id': 'HGNC:20767', 'tag': 'basic,Ensembl_canonical,MANE_Select,appris_principal_3,CCDS', 'ccdsid': 'CCDS3844.1', 'havana_gene': 'OTTHUMG00000160412.8_1', 'havana_transcript': 'OTTHUMT00000360499.4_1', 'remap_original_location': 'chr4:-:185506522-185506652', 'remap_status': 'full_contig131', 'feature': 'CDS', 'feature_coordinates': 'chr4:186427676-186427806', 'probegroup': 'PDLIM3', 'offset_coordinates': 'chr4:186427650-186427831', 'five_prime_bases': 80, 'three_prime_bases': 78, 'region_id': 'chr4:186427596-186427884'}","{'GRAPES2': None, 'CNVKIT': None, 'DECON': '2.73', 'GATK_GCNV': None}",False,2.73,,,,,0.9149800447864369,False
116720389,116758533,chr6,DUP,RB36462,5,1,0,0,0,37.5645562983353,0.2244259371314741,38144,"{'ID': 'CDS:ENST00000644252.3', 'Parent': 'ENST00000644252.3', 'gene_id': 'ENSG00000111817.19_1', 'transcript_id': 'ENST00000644252.3_1', 'gene_type': 'protein_coding', 'gene_name': 'DSE', 'transcript_type': 'protein_coding', 'transcript_name': 'DSE-213', 'exon_number': '2', 'exon_id': 'ENSE00003459633.1', 'level': '2', 'protein_id': 'ENSP00000494147.2', 'hgnc_id': 'HGNC:21144', 'tag': 'basic,Ensembl_canonical,MANE_Select,appris_principal_1,CCDS', 'ccdsid': 'CCDS5107.1', 'havana_gene': 'OTTHUMG00000015434.16_1', 'havana_transcript': 'OTTHUMT00000497107.2_1', 'remap_original_location': 'chr6:+:116399251-116399666', 'remap_status': 'full_contig416', 'feature': 'CDS', 'feature_coordinates': 'chr6:116720414-116720829', 'probegroup': 'DSE', 'offset_coordinates': 'chr6:116720388-116720854', 'five_prime_bases': 82, 'three_prime_bases': 31, 'region_id': 'chr6:116720332-116720860'}","{'GRAPES2': None, 'CNVKIT': None, 'DECON': '24.8', 'GATK_GCNV': None}",False,24.8,,,,,0.9149800447864369,False
123586438,123586508,chr6,DUP,RB36462,1,1,0,0,0,25.352112676056336,1.0,70,"{'ID': 'CDS:ENST00000334268.9', 'Parent': 'ENST00000334268.9', 'gene_id': 'ENSG00000186439.14_1', 'transcript_id': 'ENST00000334268.9_1', 'gene_type': 'protein_coding', 'gene_name': 'TRDN', 'transcript_type': 'protein_coding', 'transcript_name': 'TRDN-201', 'exon_number': '33', 'exon_id': 'ENSE00001006436.1', 'level': '2', 'protein_id': 'ENSP00000333984.5', 'transcript_support_level': '1', 'hgnc_id': 'HGNC:12261', 'tag': 'CAGE_supported_TSS,basic,Ensembl_canonical,MANE_Select,appris_principal_3,CCDS', 'ccdsid': 'CCDS55053.1', 'havana_gene': 'OTTHUMG00000015497.4_1', 'havana_transcript': 'OTTHUMT00000042050.3_1', 'remap_original_location': 'chr6:-:123265318-123265338', 'remap_status': 'full_contig21', 'feature': 'CDS', 'feature_coordinates': 'chr6:123586463-123586483', 'probegroup': 'TRDN', 'offset_coordinates': 'chr6:123586437-123586508', 'five_prime_bases': 75, 'three_prime_bases': 73, 'region_id': 'chr6:123586388-123586556'}","{'GRAPES2': None, 'CNVKIT': None, 'DECON': '2.8', 'GATK_GCNV': None}",False,2.8,,,,,0.9149800447864369,False
30054326,30062457,chr7,DEL,RB36462,3,1,0,0,0,37.59222823413674,0.09957741375384618,8131,"{'ID': 'CDS:ENST00000222803.10', 'Parent': 'ENST00000222803.10', 'gene_id': 'ENSG00000106080.11_1', 'transcript_id': 'ENST00000222803.10_1', 'gene_type': 'protein_coding', 'gene_name': 'FKBP14', 'transcript_type': 'protein_coding', 'transcript_name': 'FKBP14-201', 'exon_number': '4', 'exon_id': 'ENSE00001138174.3', 'level': '2', 'protein_id': 'ENSP00000222803.5', 'transcript_support_level': '1', 'hgnc_id': 'HGNC:18625', 'tag': 'basic,Ensembl_canonical,MANE_Select,appris_principal_1,CCDS', 'ccdsid': 'CCDS5423.1', 'havana_gene': 'OTTHUMG00000023442.4_1', 'havana_transcript': 'OTTHUMT00000214229.2_1', 'remap_original_location': 'chr7:-:30014735-30014893', 'remap_status': 'full_contig159', 'feature': 'CDS', 'feature_coordinates': 'chr7:30054351-30054509', 'probegroup': 'FKBP14', 'offset_coordinates': 'chr7:30054325-30054534', 'five_prime_bases': 78, 'three_prime_bases': 76, 'region_id': 'chr7:30054273-30054585'}","{'GRAPES2': None, 'CNVKIT': None, 'DECON': '17.6', 'GATK_GCNV': None}",False,17.6,,,,,0.9149800447864369,False
114839606,114839750,chr12,DUP,RB36462,1,1,0,0,0,44.827586206896555,1.0,144,"{'ID': 'CDS:ENST00000405440.7', 'Parent': 'ENST00000405440.7', 'gene_id': 'ENSG00000089225.20_1', 'transcript_id': 'ENST00000405440.7_1', 'gene_type': 'protein_coding', 'gene_name': 'TBX5', 'transcript_type': 'protein_coding', 'transcript_name': 'TBX5-203', 'exon_number': '3', 'exon_id': 'ENSE00003522498.1', 'level': '1', 'protein_id': 'ENSP00000384152.3', 'transcript_support_level': '1', 'hgnc_id': 'HGNC:11604', 'tag': 'alternative_5_UTR,basic,Ensembl_canonical,MANE_Select,appris_principal_1,exp_conf,CCDS', 'ccdsid': 'CCDS9173.1', 'havana_gene': 'OTTHUMG00000166191.3_1', 'havana_transcript': 'OTTHUMT00000388295.1_1', 'remap_original_location': 'chr12:-:114401826-114401920', 'remap_status': 'full_contig95', 'feature': 'CDS', 'feature_coordinates': 'chr12:114839631-114839725', 'probegroup': 'TBX5', 'offset_coordinates': 'chr12:114839605-114839750', 'five_prime_bases': 86, 'three_prime_bases': 84, 'region_id': 'chr12:114839545-114839809'}","{'GRAPES2': None, 'CNVKIT': None, 'DECON': '5.06', 'GATK_GCNV': None}",False,5.06,,,,,0.9149800447864369,False
2152037,2152282,chr16,DUP,RB36462,1,1,0,0,0,65.4471544715447,0.2166668,245,"{'ID': 'CDS:ENST00000262304.9', 'Parent': 'ENST00000262304.9', 'gene_id': 'ENSG00000008710.20_1', 'transcript_id': 'ENST00000262304.9_1', 'gene_type': 'protein_coding', 'gene_name': 'PKD1', 'transcript_type': 'protein_coding', 'transcript_name': 'PKD1-201', 'exon_number': '26', 'exon_id': 'ENSE00003665951.1', 'level': '2', 'protein_id': 'ENSP00000262304.4', 'transcript_support_level': '1', 'hgnc_id': 'HGNC:9008', 'tag': 'basic,Ensembl_canonical,MANE_Select,appris_principal_3,CCDS', 'ccdsid': 'CCDS32369.1', 'havana_gene': 'OTTHUMG00000155795.6_1', 'havana_transcript': 'OTTHUMT00000341688.2_1', 'remap_original_location': 'chr16:-:2102061-2102256', 'remap_status': 'full_contig196', 'feature': 'CDS', 'feature_coordinates': 'chr16:2152062-2152257', 'probegroup': 'PKD1', 'offset_coordinates': 'chr16:2152036-2152282', 'five_prime_bases': 35, 'three_prime_bases': 791, 'region_id': 'chr16:2152027-2153048'}","{'GRAPES2': None, 'CNVKIT': None, 'DECON': '6.68', 'GATK_GCNV': None}",False,6.68,,,,,0.9149800447864369,False
48584470,48604862,chr18,DUP,RB36462,7,1,0,0,0,36.169273770411415,0.5473931166666667,20392,"{'ID': 'CDS:ENST00000342988.8', 'Parent': 'ENST00000342988.8', 'gene_id': 'ENSG00000141646.15_1', 'transcript_id': 'ENST00000342988.8_1', 'gene_type': 'protein_coding', 'gene_name': 'SMAD4', 'transcript_type': 'protein_coding', 'transcript_name': 'SMAD4-201', 'exon_number': '6', 'exon_id': 'ENSE00003581893.1', 'level': '2', 'protein_id': 'ENSP00000341551.3', 'transcript_support_level': '5', 'hgnc_id': 'HGNC:6770', 'tag': 'alternative_5_UTR,RNA_Seq_supported_partial,basic,Ensembl_canonical,MANE_Select,appris_principal_1,CCDS', 'ccdsid': 'CCDS11950.1', 'havana_gene': 'OTTHUMG00000132696.11_1', 'havana_transcript': 'OTTHUMT00000449733.3_1', 'remap_original_location': 'chr18:+:51058125-51058244', 'remap_status': 'full_contig120', 'feature': 'CDS', 'feature_coordinates': 'chr18:48584495-48584614', 'probegroup': 'SMAD4', 'offset_coordinates': 'chr18:48584469-48584639', 'five_prime_bases': 85, 'three_prime_bases': 285, 'region_id': 'chr18:48584410-48584899'}","{'GRAPES2': None, 'CNVKIT': None, 'DECON': '11.5', 'GATK_GCNV': None}",False,11.5,,,,,0.9149800447864369,False
92174170,92187751,chr1,DEL,RB38621,7,1,1,0,1,41.01752319246061,1.0,13581,"{'ID': 'CDS:ENST00000212355.9', 'Parent': 'ENST00000212355.9', 'gene_id': 'ENSG00000069702.11_1', 'transcript_id': 'ENST00000212355.9_1', 'gene_type': 'protein_coding', 'gene_name': 'TGFBR3', 'transcript_type': 'protein_coding', 'transcript_name': 'TGFBR3-201', 'exon_number': '14', 'exon_id': 'ENSE00003476285.1', 'level': '2', 'protein_id': 'ENSP00000212355.4', 'transcript_support_level': '1', 'hgnc_id': 'HGNC:11774', 'tag': 'basic,Ensembl_canonical,MANE_Select,appris_principal_3,CCDS', 'ccdsid': 'CCDS30770.1', 'havana_gene': 'OTTHUMG00000010097.7_1', 'havana_transcript': 'OTTHUMT00000504230.2_1', 'remap_original_location': 'chr1:-:91708663-91708783', 'remap_status': 'full_contig121', 'feature': 'CDS', 'feature_coordinates': 'chr1:92174220-92174340', 'probegroup': 'TGFBR3', 'offset_coordinates': 'chr1:92174194-92174365', 'five_prime_bases': 85, 'three_prime_bases': 83, 'region_id': 'chr1:92174135-92174423'}","{'GRAPES2': '1.0', 'CNVKIT': None, 'DECON': '87.2', 'GATK_GCNV': '1768.35'}",True,87.2,1768.35,,1.0,in_silico,0.8589328540433053,False
75863528,75874170,chr10,DUP,RB38621,6,1,1,0,1,45.6920041341727,0.7777776666666667,10642,"{'ID': 'CDS:ENST00000211998.10', 'Parent': 'ENST00000211998.10', 'gene_id': 'ENSG00000035403.18_1', 'transcript_id': 'ENST00000211998.10_1', 'gene_type': 'protein_coding', 'gene_name': 'VCL', 'transcript_type': 'protein_coding', 'transcript_name': 'VCL-201', 'exon_number': '15', 'exon_id': 'ENSE00003463820.1', 'level': '2', 'protein_id': 'ENSP00000211998.5', 'transcript_support_level': '1', 'hgnc_id': 'HGNC:12665', 'tag': 'basic,Ensembl_canonical,MANE_Select,appris_principal_1,CCDS', 'ccdsid': 'CCDS7341.1', 'havana_gene': 'OTTHUMG00000018498.4_1', 'havana_transcript': 'OTTHUMT00000048752.3_1', 'remap_original_location': 'chr10:+:74103820-74103928', 'remap_status': 'full_contig109', 'feature': 'CDS', 'feature_coordinates': 'chr10:75863578-75863686', 'probegroup': 'VCL', 'offset_coordinates': 'chr10:75863552-75863711', 'five_prime_bases': 79, 'three_prime_bases': 77, 'region_id': 'chr10:75863499-75863763'}","{'GRAPES2': '1.0', 'CNVKIT': None, 'DECON': '70.8', 'GATK_GCNV': '231.05'}",True,70.8,231.05,,1.0,in_silico,0.8589328540433053,False
3071782,3071937,chr18,DUP,RB38621,1,1,1,0,1,57.05128205128205,1.0,155,"{'ID': 'CDS:ENST00000356443.9', 'Parent': 'ENST00000356443.9', 'gene_id': 'ENSG00000101605.14_1', 'transcript_id': 'ENST00000356443.9_1', 'gene_type': 'protein_coding', 'gene_name': 'MYOM1', 'transcript_type': 'protein_coding', 'transcript_name': 'MYOM1-202', 'exon_number': '37', 'exon_id': 'ENSE00003484401.1', 'level': '2', 'protein_id': 'ENSP00000348821.4', 'transcript_support_level': '1', 'hgnc_id': 'HGNC:7613', 'tag': 'CAGE_supported_TSS,basic,Ensembl_canonical,MANE_Select,appris_principal_4,CCDS', 'ccdsid': 'CCDS45824.1', 'havana_gene': 'OTTHUMG00000178209.7_1', 'havana_transcript': 'OTTHUMT00000441037.3_1', 'remap_original_location': 'chr18:-:3071834-3071889', 'remap_status': 'full_contig56', 'feature': 'CDS', 'feature_coordinates': 'chr18:3071832-3071887', 'probegroup': 'MYOM1', 'offset_coordinates': 'chr18:3071806-3071912', 'five_prime_bases': 81, 'three_prime_bases': 80, 'region_id': 'chr18:3071751-3071967'}","{'GRAPES2': '0.292', 'CNVKIT': None, 'DECON': '15.3', 'GATK_GCNV': '33.51'}",False,15.3,33.51,,0.292,,0.8589328540433053,False
237655080,237655249,chr1,DEL,RB38621,1,1,0,0,1,29.411764705882355,1.0,169,"{'ID': 'CDS:ENST00000366574.7', 'Parent': 'ENST00000366574.7', 'gene_id': 'ENSG00000198626.18_1', 'transcript_id': 'ENST00000366574.7_1', 'gene_type': 'protein_coding', 'gene_name': 'RYR2', 'transcript_type': 'protein_coding', 'transcript_name': 'RYR2-201', 'exon_number': '18', 'exon_id': 'ENSE00001165684.1', 'level': '2', 'protein_id': 'ENSP00000355533.2', 'transcript_support_level': '1', 'hgnc_id': 'HGNC:10484', 'tag': 'non_canonical_conserved,basic,Ensembl_canonical,MANE_Select,appris_principal_1,CCDS', 'ccdsid': 'CCDS55691.1', 'havana_gene': 'OTTHUMG00000039543.5_1', 'havana_transcript': 'OTTHUMT00000095402.3_1', 'remap_original_location': 'chr1:+:237491806-237491924', 'remap_status': 'full_contig119', 'feature': 'CDS', 'feature_coordinates': 'chr1:237655106-237655224', 'probegroup': 'RYR2', 'offset_coordinates': 'chr1:237655080-237655249', 'five_prime_bases': 86, 'three_prime_bases': 84, 'region_id': 'chr1:237655020-237655308'}","{'GRAPES2': '0.662', 'CNVKIT': None, 'DECON': '3.53', 'GATK_GCNV': None}",False,3.53,,,0.662,,0.8589328540433053,False
179518323,179518649,chr2,DUP,RB38621,2,1,0,0,0,41.59021406727829,0.333333,326,"{'ID': 'CDS:ENST00000589042.5', 'Parent': 'ENST00000589042.5', 'gene_id': 'ENSG00000155657.29_1', 'transcript_id': 'ENST00000589042.5_1', 'gene_type': 'protein_coding', 'gene_name': 'TTN', 'transcript_type': 'protein_coding', 'transcript_name': 'TTN-214', 'exon_number': '196', 'exon_id': 'ENSE00002750222.1', 'level': '1', 'protein_id': 'ENSP00000467141.1', 'transcript_support_level': '5', 'hgnc_id': 'HGNC:12403', 'tag': 'inferred_exon_combination,non_submitted_evidence,basic,Ensembl_canonical,MANE_Select,appris_principal_1,exp_conf,CCDS', 'ccdsid': 'CCDS59435.1', 'havana_gene': 'OTTHUMG00000154448.23_1', 'havana_transcript': 'OTTHUMT00000450680.3_1', 'remap_original_location': 'chr2:-:178653621-178653701', 'remap_status': 'full_contig81', 'feature': 'CDS', 'feature_coordinates': 'chr2:179518348-179518428', 'probegroup': 'TTN', 'offset_coordinates': 'chr2:179518322-179518453', 'five_prime_bases': 2460, 'three_prime_bases': 1372, 'region_id': 'chr2:179515888-179519800'}","{'GRAPES2': None, 'CNVKIT': None, 'DECON': '6.17', 'GATK_GCNV': None}",False,6.17,,,,,0.8589328540433053,False
179523707,179526594,chr2,DUP,RB38621,3,1,0,0,0,40.06232686980609,0.10807081153138069,2887,"{'ID': 'CDS:ENST00000589042.5', 'Parent': 'ENST00000589042.5', 'gene_id': 'ENSG00000155657.29_1', 'transcript_id': 'ENST00000589042.5_1', 'gene_type': 'protein_coding', 'gene_name': 'TTN', 'transcript_type': 'protein_coding', 'transcript_name': 'TTN-214', 'exon_number': '182', 'exon_id': 'ENSE00003809569.1', 'level': '1', 'protein_id': 'ENSP00000467141.1', 'transcript_support_level': '5', 'hgnc_id': 'HGNC:12403', 'tag': 'inferred_exon_combination,non_submitted_evidence,basic,Ensembl_canonical,MANE_Select,appris_principal_1,exp_conf,CCDS', 'ccdsid': 'CCDS59435.1', 'havana_gene': 'OTTHUMG00000154448.23_1', 'havana_transcript': 'OTTHUMT00000450680.3_1', 'remap_original_location': 'chr2:-:178659005-178659088', 'remap_status': 'full_contig84', 'feature': 'CDS', 'feature_coordinates': 'chr2:179523732-179523815', 'probegroup': 'TTN', 'offset_coordinates': 'chr2:179523706-179523840', 'five_prime_bases': 1586, 'three_prime_bases': 245, 'region_id': 'chr2:179522146-179524060'}","{'GRAPES2': None, 'CNVKIT': None, 'DECON': '5.27', 'GATK_GCNV': None}",False,5.27,,,,,0.8589328540433053,False
179526844,179528101,chr2,DEL,RB38621,6,1,0,0,0,40.30206677265501,0.38888866666666666,1257,"{'ID': 'CDS:ENST00000589042.5', 'Parent': 'ENST00000589042.5', 'gene_id': 'ENSG00000155657.29_1', 'transcript_id': 'ENST00000589042.5_1', 'gene_type': 'protein_coding', 'gene_name': 'TTN', 'transcript_type': 'protein_coding', 'transcript_name': 'TTN-214', 'exon_number': '178', 'exon_id': 'ENSE00002852676.1', 'level': '1', 'protein_id': 'ENSP00000467141.1', 'transcript_support_level': '5', 'hgnc_id': 'HGNC:12403', 'tag': 'inferred_exon_combination,non_submitted_evidence,basic,Ensembl_canonical,MANE_Select,appris_principal_1,exp_conf,CCDS', 'ccdsid': 'CCDS59435.1', 'havana_gene': 'OTTHUMG00000154448.23_1', 'havana_transcript': 'OTTHUMT00000450680.3_1', 'remap_original_location': 'chr2:-:178662142-178662222', 'remap_status': 'full_contig81', 'feature': 'CDS', 'feature_coordinates': 'chr2:179526869-179526949', 'probegroup': 'TTN', 'offset_coordinates': 'chr2:179526843-179526974', 'five_prime_bases': 462, 'three_prime_bases': 1954, 'region_id': 'chr2:179526407-179528903'}","{'GRAPES2': None, 'CNVKIT': None, 'DECON': '36.2', 'GATK_GCNV': None}",False,36.2,,,,,0.8589328540433053,False
121720791,121742525,chr4,DEL,RB38621,6,1,0,0,0,37.391304347826086,0.24415387535951155,21734,"{'ID': 'CDS:ENST00000264808.8', 'Parent': 'ENST00000264808.8', 'gene_id': 'ENSG00000138738.11_1', 'transcript_id': 'ENST00000264808.8_1', 'gene_type': 'protein_coding', 'gene_name': 'PRDM5', 'transcript_type': 'protein_coding', 'transcript_name': 'PRDM5-201', 'exon_number': '9', 'exon_id': 'ENSE00003461944.1', 'level': '2', 'protein_id': 'ENSP00000264808.3', 'transcript_support_level': '1', 'hgnc_id': 'HGNC:9349', 'tag': 'basic,Ensembl_canonical,MANE_Select,appris_principal_1,CCDS', 'ccdsid': 'CCDS3716.1', 'havana_gene': 'OTTHUMG00000132970.2_1', 'havana_transcript': 'OTTHUMT00000256528.2_1', 'remap_original_location': 'chr4:-:120799661-120799745', 'remap_status': 'full_contig85', 'feature': 'CDS', 'feature_coordinates': 'chr4:121720816-121720900', 'probegroup': 'PRDM5', 'offset_coordinates': 'chr4:121720790-121720925', 'five_prime_bases': 79, 'three_prime_bases': 77, 'region_id': 'chr4:121720737-121720977'}","{'GRAPES2': None, 'CNVKIT': None, 'DECON': '10.5', 'GATK_GCNV': None}",False,10.5,,,,,0.8589328540433053,False
92678597,92679050,chr10,DEL,RB38621,2,1,0,0,0,35.02202643171806,1.0,453,"{'ID': 'CDS:ENST00000371697.4', 'Parent': 'ENST00000371697.4', 'gene_id': 'ENSG00000148677.7_1', 'transcript_id': 'ENST00000371697.4_1', 'gene_type': 'protein_coding', 'gene_name': 'ANKRD1', 'transcript_type': 'protein_coding', 'transcript_name': 'ANKRD1-201', 'exon_number': '4', 'exon_id': 'ENSE00000986569.1', 'level': '2', 'protein_id': 'ENSP00000360762.3', 'transcript_support_level': '1', 'hgnc_id': 'HGNC:15819', 'tag': 'CAGE_supported_TSS,basic,Ensembl_canonical,MANE_Select,appris_principal_1,CCDS', 'ccdsid': 'CCDS7412.1', 'havana_gene': 'OTTHUMG00000018734.1_1', 'havana_transcript': 'OTTHUMT00000049357.1_1', 'remap_original_location': 'chr10:-:90918865-90918972', 'remap_status': 'full_contig108', 'feature': 'CDS', 'feature_coordinates': 'chr10:92678622-92678729', 'probegroup': 'ANKRD1', 'offset_coordinates': 'chr10:92678596-92678754', 'five_prime_bases': 79, 'three_prime_bases': 371, 'region_id': 'chr10:92678543-92679100'}","{'GRAPES2': None, 'CNVKIT': None, 'DECON': '15.2', 'GATK_GCNV': None}",False,15.2,,,,,0.8589328540433053,False
112583213,112583397,chr10,DEL,RB38621,1,1,0,0,0,45.40540540540541,1.0,184,"{'ID': 'CDS:ENST00000369519.4', 'Parent': 'ENST00000369519.4', 'gene_id': 'ENSG00000203867.8_1', 'transcript_id': 'ENST00000369519.4_1', 'gene_type': 'protein_coding', 'gene_name': 'RBM20', 'transcript_type': 'protein_coding', 'transcript_name': 'RBM20-201', 'exon_number': '12', 'exon_id': 'ENSE00002449242.1', 'level': '2', 'protein_id': 'ENSP00000358532.3', 'transcript_support_level': '1', 'hgnc_id': 'HGNC:27424', 'tag': 'basic,Ensembl_canonical,MANE_Select,appris_principal_1,CCDS', 'ccdsid': 'CCDS44477.1', 'havana_gene': 'OTTHUMG00000019043.6_1', 'havana_transcript': 'OTTHUMT00000050339.4_1', 'remap_original_location': 'chr10:+:110823480-110823614', 'remap_status': 'full_contig135', 'feature': 'CDS', 'feature_coordinates': 'chr10:112583238-112583372', 'probegroup': 'RBM20', 'offset_coordinates': 'chr10:112583212-112583397', 'five_prime_bases': 78, 'three_prime_bases': 76, 'region_id': 'chr10:112583160-112583448'}","{'GRAPES2': None, 'CNVKIT': None, 'DECON': '7.03', 'GATK_GCNV': None}",False,7.03,,,,,0.8589328540433053,False
2152037,2152282,chr16,DEL,RB38621,1,1,0,0,0,65.4471544715447,0.2166668,245,"{'ID': 'CDS:ENST00000262304.9', 'Parent': 'ENST00000262304.9', 'gene_id': 'ENSG00000008710.20_1', 'transcript_id': 'ENST00000262304.9_1', 'gene_type': 'protein_coding', 'gene_name': 'PKD1', 'transcript_type': 'protein_coding', 'transcript_name': 'PKD1-201', 'exon_number': '26', 'exon_id': 'ENSE00003665951.1', 'level': '2', 'protein_id': 'ENSP00000262304.4', 'transcript_support_level': '1', 'hgnc_id': 'HGNC:9008', 'tag': 'basic,Ensembl_canonical,MANE_Select,appris_principal_3,CCDS', 'ccdsid': 'CCDS32369.1', 'havana_gene': 'OTTHUMG00000155795.6_1', 'havana_transcript': 'OTTHUMT00000341688.2_1', 'remap_original_location': 'chr16:-:2102061-2102256', 'remap_status': 'full_contig196', 'feature': 'CDS', 'feature_coordinates': 'chr16:2152062-2152257', 'probegroup': 'PKD1', 'offset_coordinates': 'chr16:2152036-2152282', 'five_prime_bases': 35, 'three_prime_bases': 791, 'region_id': 'chr16:2152027-2153048'}","{'GRAPES2': None, 'CNVKIT': None, 'DECON': '13.3', 'GATK_GCNV': None}",False,13.3,,,,,0.8589328540433053,False
2155297,2155500,chr16,DEL,RB38621,1,1,0,0,1,65.19607843137256,0.5833335,203,"{'ID': 'CDS:ENST00000262304.9', 'Parent': 'ENST00000262304.9', 'gene_id': 'ENSG00000008710.20_1', 'transcript_id': 'ENST00000262304.9_1', 'gene_type': 'protein_coding', 'gene_name': 'PKD1', 'transcript_type': 'protein_coding', 'transcript_name': 'PKD1-201', 'exon_number': '21', 'exon_id': 'ENSE00003607637.1', 'level': '2', 'protein_id': 'ENSP00000262304.4', 'transcript_support_level': '1', 'hgnc_id': 'HGNC:9008', 'tag': 'basic,Ensembl_canonical,MANE_Select,appris_principal_3,CCDS', 'ccdsid': 'CCDS32369.1', 'havana_gene': 'OTTHUMG00000155795.6_1', 'havana_transcript': 'OTTHUMT00000341688.2_1', 'remap_original_location': 'chr16:-:2105322-2105474', 'remap_status': 'full_contig153', 'feature': 'CDS', 'feature_coordinates': 'chr16:2155323-2155475', 'probegroup': 'PKD1', 'offset_coordinates': 'chr16:2155297-2155500', 'five_prime_bases': 81, 'three_prime_bases': 79, 'region_id': 'chr16:2155242-2155554'}","{'GRAPES2': '0.409', 'CNVKIT': None, 'DECON': '10.2', 'GATK_GCNV': None}",False,10.2,,,0.409,,0.8589328540433053,False
2156781,2156974,chr16,DEL,RB38621,1,1,0,0,0,64.43298969072166,0.277778,193,"{'ID': 'CDS:ENST00000262304.9', 'Parent': 'ENST00000262304.9', 'gene_id': 'ENSG00000008710.20_1', 'transcript_id': 'ENST00000262304.9_1', 'gene_type': 'protein_coding', 'gene_name': 'PKD1', 'transcript_type': 'protein_coding', 'transcript_name': 'PKD1-201', 'exon_number': '17', 'exon_id': 'ENSE00003647173.1', 'level': '2', 'protein_id': 'ENSP00000262304.4', 'transcript_support_level': '1', 'hgnc_id': 'HGNC:9008', 'tag': 'basic,Ensembl_canonical,MANE_Select,appris_principal_3,CCDS', 'ccdsid': 'CCDS32369.1', 'havana_gene': 'OTTHUMG00000155795.6_1', 'havana_transcript': 'OTTHUMT00000341688.2_1', 'remap_original_location': 'chr16:-:2106805-2106948', 'remap_status': 'full_contig144', 'feature': 'CDS', 'feature_coordinates': 'chr16:2156806-2156949', 'probegroup': 'PKD1', 'offset_coordinates': 'chr16:2156780-2156974', 'five_prime_bases': 1017, 'three_prime_bases': 84, 'region_id': 'chr16:2155789-2157033'}","{'GRAPES2': None, 'CNVKIT': None, 'DECON': '5.64', 'GATK_GCNV': None}",False,5.64,,,,,0.8589328540433053,False
15892492,15892569,chr16,DEL,RB38621,1,1,0,0,0,42.30769230769231,1.0,77,"{'ID': 'CDS:ENST00000300036.6', 'Parent': 'ENST00000300036.6', 'gene_id': 'ENSG00000133392.18_1', 'transcript_id': 'ENST00000300036.6_1', 'gene_type': 'protein_coding', 'gene_name': 'MYH11', 'transcript_type': 'protein_coding', 'transcript_name': 'MYH11-201', 'exon_number': '4', 'exon_id': 'ENSE00003478662.1', 'level': '2', 'protein_id': 'ENSP00000300036.5', 'transcript_support_level': '1', 'hgnc_id': 'HGNC:7569', 'tag': 'CAGE_supported_TSS,basic,Ensembl_canonical,MANE_Select,CCDS', 'ccdsid': 'CCDS10565.1', 'havana_gene': 'OTTHUMG00000129935.9_1', 'havana_transcript': 'OTTHUMT00000252192.6_1', 'remap_original_location': 'chr16:-:15798660-15798687', 'remap_status': 'full_contig28', 'feature': 'CDS', 'feature_coordinates': 'chr16:15892517-15892544', 'probegroup': 'MYH11', 'offset_coordinates': 'chr16:15892491-15892569', 'five_prime_bases': 83, 'three_prime_bases': 82, 'region_id': 'chr16:15892434-15892626'}","{'GRAPES2': None, 'CNVKIT': None, 'DECON': '5.28', 'GATK_GCNV': None}",False,5.28,,,,,0.8589328540433053,False
29100741,29101231,chr18,DEL,RB38621,2,1,0,0,0,32.382892057026474,1.0,490,"{'ID': 'CDS:ENST00000261590.13', 'Parent': 'ENST00000261590.13', 'gene_id': 'ENSG00000046604.14_1', 'transcript_id': 'ENST00000261590.13_1', 'gene_type': 'protein_coding', 'gene_name': 'DSG2', 'transcript_type': 'protein_coding', 'transcript_name': 'DSG2-201', 'exon_number': '4', 'exon_id': 'ENSE00001107958.1', 'level': '2', 'protein_id': 'ENSP00000261590.8', 'transcript_support_level': '1', 'hgnc_id': 'HGNC:3049', 'tag': 'basic,Ensembl_canonical,MANE_Select,appris_principal_1,CCDS', 'ccdsid': 'CCDS42423.1', 'havana_gene': 'OTTHUMG00000179649.3_1', 'havana_transcript': 'OTTHUMT00000447506.2_1', 'remap_original_location': 'chr18:+:31520803-31520964', 'remap_status': 'full_contig162', 'feature': 'CDS', 'feature_coordinates': 'chr18:29100766-29100927', 'probegroup': 'DSG2', 'offset_coordinates': 'chr18:29100740-29100952', 'five_prime_bases': 76, 'three_prime_bases': 362, 'region_id': 'chr18:29100690-29101289'}","{'GRAPES2': None, 'CNVKIT': None, 'DECON': '3.17', 'GATK_GCNV': None}",False,3.17,,,,,0.8589328540433053,False
120071977,120085599,chr4,DUP,RB38567,3,1,1,0,1,33.85451075387213,1.0,13622,"{'ID': 'CDS:ENST00000307128.6', 'Parent': 'ENST00000307128.6', 'gene_id': 'ENSG00000172399.6_1', 'transcript_id': 'ENST00000307128.6_1', 'gene_type': 'protein_coding', 'gene_name': 'MYOZ2', 'transcript_type': 'protein_coding', 'transcript_name': 'MYOZ2-201', 'exon_number': '3', 'exon_id': 'ENSE00001161361.1', 'level': '2', 'protein_id': 'ENSP00000306997.6', 'transcript_support_level': '1', 'hgnc_id': 'HGNC:1330', 'tag': 'basic,Ensembl_canonical,MANE_Select,appris_principal_1,CCDS', 'ccdsid': 'CCDS3711.1', 'havana_gene': 'OTTHUMG00000132968.2_1', 'havana_transcript': 'OTTHUMT00000256526.2_1', 'remap_original_location': 'chr4:+:119150872-119151041', 'remap_status': 'full_contig170', 'feature': 'CDS', 'feature_coordinates': 'chr4:120072027-120072196', 'probegroup': 'MYOZ2', 'offset_coordinates': 'chr4:120072001-120072221', 'five_prime_bases': 36, 'three_prime_bases': 35, 'region_id': 'chr4:120071991-120072231'}","{'GRAPES2': '1.0', 'CNVKIT': None, 'DECON': '64.8', 'GATK_GCNV': '6.26'}",True,64.8,6.26,,1.0,in_silico,0.8344981757888176,False
127674575,127674803,chr5,DEL,RB38567,1,1,1,0,1,45.851528384279476,1.0,228,"{'ID': 'CDS:ENST00000262464.9', 'Parent': 'ENST00000262464.9', 'gene_id': 'ENSG00000138829.12_1', 'transcript_id': 'ENST00000262464.9_1', 'gene_type': 'protein_coding', 'gene_name': 'FBN2', 'transcript_type': 'protein_coding', 'transcript_name': 'FBN2-201', 'exon_number': '26', 'exon_id': 'ENSE00003892264.1', 'level': '2', 'protein_id': 'ENSP00000262464.4', 'transcript_support_level': '1', 'hgnc_id': 'HGNC:3604', 'tag': 'basic,Ensembl_canonical,MANE_Select,appris_principal_1,CCDS', 'ccdsid': 'CCDS34222.1', 'havana_gene': 'OTTHUMG00000163082.4_1', 'havana_transcript': 'OTTHUMT00000504447.2_1', 'remap_original_location': 'chr5:-:128338933-128339061', 'remap_status': 'full_contig129', 'feature': 'CDS', 'feature_coordinates': 'chr5:127674625-127674753', 'probegroup': 'FBN2', 'offset_coordinates': 'chr5:127674599-127674778', 'five_prime_bases': 81, 'three_prime_bases': 79, 'region_id': 'chr5:127674544-127674832'}","{'GRAPES2': '0.677', 'CNVKIT': None, 'DECON': '16.8', 'GATK_GCNV': '17.46'}",True,16.8,17.46,,0.677,in_silico,0.8344981757888176,False
105984002,105990215,chr2,DEL,RB38567,2,1,0,0,0,46.94238815577727,0.670833375,6213,"{'ID': 'CDS:ENST00000530340.6', 'Parent': 'ENST00000530340.6', 'gene_id': 'ENSG00000115641.19_1', 'transcript_id': 'ENST00000530340.6_1', 'gene_type': 'protein_coding', 'gene_name': 'FHL2', 'transcript_type': 'protein_coding', 'transcript_name': 'FHL2-211', 'exon_number': '5', 'exon_id': 'ENSE00003484131.1', 'level': '2', 'protein_id': 'ENSP00000433567.2', 'transcript_support_level': '1', 'hgnc_id': 'HGNC:3703', 'tag': 'alternative_5_UTR,CAGE_supported_TSS,upstream_ATG,basic,Ensembl_canonical,MANE_Select,appris_principal_1,CCDS', 'ccdsid': 'CCDS2070.1', 'havana_gene': 'OTTHUMG00000153120.6_1', 'havana_transcript': 'OTTHUMT00000329655.3_1', 'remap_original_location': 'chr2:-:105367570-105367739', 'remap_status': 'full_contig170', 'feature': 'CDS', 'feature_coordinates': 'chr2:105984027-105984196', 'probegroup': 'FHL2', 'offset_coordinates': 'chr2:105984001-105984221', 'five_prime_bases': 36, 'three_prime_bases': 35, 'region_id': 'chr2:105983991-105984231'}","{'GRAPES2': None, 'CNVKIT': None, 'DECON': '8.76', 'GATK_GCNV': None}",False,8.76,,,,,0.8344981757888176,False
179518129,179518259,chr2,DEL,RB38567,1,1,0,0,0,38.93129770992366,0.333333,130,"{'ID': 'CDS:ENST00000589042.5', 'Parent': 'ENST00000589042.5', 'gene_id': 'ENSG00000155657.29_1', 'transcript_id': 'ENST00000589042.5_1', 'gene_type': 'protein_coding', 'gene_name': 'TTN', 'transcript_type': 'protein_coding', 'transcript_name': 'TTN-214', 'exon_number': '197', 'exon_id': 'ENSE00002834894.1', 'level': '1', 'protein_id': 'ENSP00000467141.1', 'transcript_support_level': '5', 'hgnc_id': 'HGNC:12403', 'tag': 'inferred_exon_combination,non_submitted_evidence,basic,Ensembl_canonical,MANE_Select,appris_principal_1,exp_conf,CCDS', 'ccdsid': 'CCDS59435.1', 'havana_gene': 'OTTHUMG00000154448.23_1', 'havana_transcript': 'OTTHUMT00000450680.3_1', 'remap_original_location': 'chr2:-:178653427-178653507', 'remap_status': 'full_contig81', 'feature': 'CDS', 'feature_coordinates': 'chr2:179518154-179518234', 'probegroup': 'TTN', 'offset_coordinates': 'chr2:179518128-179518259', 'five_prime_bases': 2266, 'three_prime_bases': 1566, 'region_id': 'chr2:179515888-179519800'}","{'GRAPES2': None, 'CNVKIT': None, 'DECON': '5.53', 'GATK_GCNV': None}",False,5.53,,,,,0.8344981757888176,False
179518519,179518649,chr2,DUP,RB38567,1,1,0,0,0,42.74809160305343,0.333333,130,"{'ID': 'CDS:ENST00000589042.5', 'Parent': 'ENST00000589042.5', 'gene_id': 'ENSG00000155657.29_1', 'transcript_id': 'ENST00000589042.5_1', 'gene_type': 'protein_coding', 'gene_name': 'TTN', 'transcript_type': 'protein_coding', 'transcript_name': 'TTN-214', 'exon_number': '195', 'exon_id': 'ENSE00002771288.1', 'level': '1', 'protein_id': 'ENSP00000467141.1', 'transcript_support_level': '5', 'hgnc_id': 'HGNC:12403', 'tag': 'inferred_exon_combination,non_submitted_evidence,basic,Ensembl_canonical,MANE_Select,appris_principal_1,exp_conf,CCDS', 'ccdsid': 'CCDS59435.1', 'havana_gene': 'OTTHUMG00000154448.23_1', 'havana_transcript': 'OTTHUMT00000450680.3_1', 'remap_original_location': 'chr2:-:178653817-178653897', 'remap_status': 'full_contig81', 'feature': 'CDS', 'feature_coordinates': 'chr2:179518544-179518624', 'probegroup': 'TTN', 'offset_coordinates': 'chr2:179518518-179518649', 'five_prime_bases': 2656, 'three_prime_bases': 1176, 'region_id': 'chr2:179515888-179519800'}","{'GRAPES2': None, 'CNVKIT': None, 'DECON': '9.41', 'GATK_GCNV': None}",False,9.41,,,,,0.8344981757888176,False
179518910,179523546,chr2,DEL,RB38567,11,1,0,0,0,40.241535475522966,0.10757571655793985,4636,"{'ID': 'CDS:ENST00000589042.5', 'Parent': 'ENST00000589042.5', 'gene_id': 'ENSG00000155657.29_1', 'transcript_id': 'ENST00000589042.5_1', 'gene_type': 'protein_coding', 'gene_name': 'TTN', 'transcript_type': 'protein_coding', 'transcript_name': 'TTN-214', 'exon_number': '193', 'exon_id': 'ENSE00002759095.1', 'level': '1', 'protein_id': 'ENSP00000467141.1', 'transcript_support_level': '5', 'hgnc_id': 'HGNC:12403', 'tag': 'inferred_exon_combination,non_submitted_evidence,basic,Ensembl_canonical,MANE_Select,appris_principal_1,exp_conf,CCDS', 'ccdsid': 'CCDS59435.1', 'havana_gene': 'OTTHUMG00000154448.23_1', 'havana_transcript': 'OTTHUMT00000450680.3_1', 'remap_original_location': 'chr2:-:178654208-178654291', 'remap_status': 'full_contig84', 'feature': 'CDS', 'feature_coordinates': 'chr2:179518935-179519018', 'probegroup': 'TTN', 'offset_coordinates': 'chr2:179518909-179519043', 'five_prime_bases': 3047, 'three_prime_bases': 782, 'region_id': 'chr2:179515888-179519800'}","{'GRAPES2': None, 'CNVKIT': None, 'DECON': '87', 'GATK_GCNV': None}",False,87,,,,,0.8344981757888176,False
179523874,179526780,chr2,DUP,RB38567,3,1,0,0,0,40.041279669762645,0.10712433174789912,2906,"{'ID': 'CDS:ENST00000589042.5', 'Parent': 'ENST00000589042.5', 'gene_id': 'ENSG00000155657.29_1', 'transcript_id': 'ENST00000589042.5_1', 'gene_type': 'protein_coding', 'gene_name': 'TTN', 'transcript_type': 'protein_coding', 'transcript_name': 'TTN-214', 'exon_number': '181', 'exon_id': 'ENSE00003802745.1', 'level': '1', 'protein_id': 'ENSP00000467141.1', 'transcript_support_level': '5', 'hgnc_id': 'HGNC:12403', 'tag': 'inferred_exon_combination,non_submitted_evidence,basic,Ensembl_canonical,MANE_Select,appris_principal_1,exp_conf,CCDS', 'ccdsid': 'CCDS59435.1', 'havana_gene': 'OTTHUMG00000154448.23_1', 'havana_transcript': 'OTTHUMT00000450680.3_1', 'remap_original_location': 'chr2:-:178659172-178659255', 'remap_status': 'full_contig84', 'feature': 'CDS', 'feature_coordinates': 'chr2:179523899-179523982', 'probegroup': 'TTN', 'offset_coordinates': 'chr2:179523873-179524007', 'five_prime_bases': 1753, 'three_prime_bases': 78, 'region_id': 'chr2:179522146-179524060'}","{'GRAPES2': None, 'CNVKIT': None, 'DECON': '16.2', 'GATK_GCNV': None}",False,16.2,,,,,0.8344981757888176,False
179527040,179527170,chr2,DEL,RB38567,1,1,0,0,0,41.98473282442748,0.333333,130,"{'ID': 'CDS:ENST00000589042.5', 'Parent': 'ENST00000589042.5', 'gene_id': 'ENSG00000155657.29_1', 'transcript_id': 'ENST00000589042.5_1', 'gene_type': 'protein_coding', 'gene_name': 'TTN', 'transcript_type': 'protein_coding', 'transcript_name': 'TTN-214', 'exon_number': '177', 'exon_id': 'ENSE00002825030.1', 'level': '1', 'protein_id': 'ENSP00000467141.1', 'transcript_support_level': '5', 'hgnc_id': 'HGNC:12403', 'tag': 'inferred_exon_combination,non_submitted_evidence,basic,Ensembl_canonical,MANE_Select,appris_principal_1,exp_conf,CCDS', 'ccdsid': 'CCDS59435.1', 'havana_gene': 'OTTHUMG00000154448.23_1', 'havana_transcript': 'OTTHUMT00000450680.3_1', 'remap_original_location': 'chr2:-:178662338-178662418', 'remap_status': 'full_contig81', 'feature': 'CDS', 'feature_coordinates': 'chr2:179527065-179527145', 'probegroup': 'TTN', 'offset_coordinates': 'chr2:179527039-179527170', 'five_prime_bases': 658, 'three_prime_bases': 1758, 'region_id': 'chr2:179526407-179528903'}","{'GRAPES2': None, 'CNVKIT': None, 'DECON': '5.71', 'GATK_GCNV': None}",False,5.71,,,,,0.8344981757888176,False
179527431,179527807,chr2,DUP,RB38567,2,1,0,0,1,45.09283819628647,0.333333,376,"{'ID': 'CDS:ENST00000589042.5', 'Parent': 'ENST00000589042.5', 'gene_id': 'ENSG00000155657.29_1', 'transcript_id': 'ENST00000589042.5_1', 'gene_type': 'protein_coding', 'gene_name': 'TTN', 'transcript_type': 'protein_coding', 'transcript_name': 'TTN-214', 'exon_number': '175', 'exon_id': 'ENSE00002810615.1', 'level': '1', 'protein_id': 'ENSP00000467141.1', 'transcript_support_level': '5', 'hgnc_id': 'HGNC:12403', 'tag': 'inferred_exon_combination,non_submitted_evidence,basic,Ensembl_canonical,MANE_Select,appris_principal_1,exp_conf,CCDS', 'ccdsid': 'CCDS59435.1', 'havana_gene': 'OTTHUMG00000154448.23_1', 'havana_transcript': 'OTTHUMT00000450680.3_1', 'remap_original_location': 'chr2:-:178662729-178662812', 'remap_status': 'full_contig84', 'feature': 'CDS', 'feature_coordinates': 'chr2:179527456-179527539', 'probegroup': 'TTN', 'offset_coordinates': 'chr2:179527430-179527564', 'five_prime_bases': 1049, 'three_prime_bases': 1364, 'region_id': 'chr2:179526407-179528903'}","{'GRAPES2': '0.627', 'CNVKIT': None, 'DECON': '22.6', 'GATK_GCNV': None}",False,22.6,,,0.627,,0.8344981757888176,False
141278710,141278862,chr3,DUP,RB38567,1,1,0,0,1,41.17647058823529,1.0,152,"{'ID': 'CDS:ENST00000286364.9', 'Parent': 'ENST00000286364.9', 'gene_id': 'ENSG00000155903.14_1', 'transcript_id': 'ENST00000286364.9_1', 'gene_type': 'protein_coding', 'gene_name': 'RASA2', 'transcript_type': 'protein_coding', 'transcript_name': 'RASA2-201', 'exon_number': '9', 'exon_id': 'ENSE00002415458.1', 'level': '2', 'protein_id': 'ENSP00000286364.3', 'transcript_support_level': '1', 'hgnc_id': 'HGNC:9872', 'tag': 'basic,Ensembl_canonical,MANE_Select,appris_principal_1,CCDS', 'ccdsid': 'CCDS3117.1', 'havana_gene': 'OTTHUMG00000160221.5_1', 'havana_transcript': 'OTTHUMT00000359711.4_1', 'remap_original_location': 'chr3:+:141559894-141559995', 'remap_status': 'full_contig102', 'feature': 'CDS', 'feature_coordinates': 'chr3:141278736-141278837', 'probegroup': 'RASA2', 'offset_coordinates': 'chr3:141278710-141278862', 'five_prime_bases': 82, 'three_prime_bases': 81, 'region_id': 'chr3:141278654-141278918'}","{'GRAPES2': '0.66', 'CNVKIT': None, 'DECON': '21.5', 'GATK_GCNV': None}",False,21.5,,,0.66,,0.8344981757888176,False
112457300,112457481,chr6,DEL,RB38567,1,1,0,0,0,38.46153846153847,1.0,181,"{'ID': 'CDS:ENST00000230538.12', 'Parent': 'ENST00000230538.12', 'gene_id': 'ENSG00000112769.20_1', 'transcript_id': 'ENST00000230538.12_1', 'gene_type': 'protein_coding', 'gene_name': 'LAMA4', 'transcript_type': 'protein_coding', 'transcript_name': 'LAMA4-201', 'exon_number': '25', 'exon_id': 'ENSE00000762322.1', 'level': '2', 'protein_id': 'ENSP00000230538.7', 'transcript_support_level': '1', 'hgnc_id': 'HGNC:6484', 'tag': 'basic,Ensembl_canonical,MANE_Select,appris_alternative_1,CCDS', 'ccdsid': 'CCDS43491.1', 'havana_gene': 'OTTHUMG00000015386.10_1', 'havana_transcript': 'OTTHUMT00000041876.4_1', 'remap_original_location': 'chr6:-:112136123-112136254', 'remap_status': 'full_contig132', 'feature': 'CDS', 'feature_coordinates': 'chr6:112457325-112457456', 'probegroup': 'LAMA4', 'offset_coordinates': 'chr6:112457299-112457481', 'five_prime_bases': 79, 'three_prime_bases': 78, 'region_id': 'chr6:112457246-112457534'}","{'GRAPES2': None, 'CNVKIT': None, 'DECON': '3.3', 'GATK_GCNV': None}",False,3.3,,,,,0.8344981757888176,False
2152037,2152282,chr16,DEL,RB38567,1,1,0,0,0,65.4471544715447,0.2166668,245,"{'ID': 'CDS:ENST00000262304.9', 'Parent': 'ENST00000262304.9', 'gene_id': 'ENSG00000008710.20_1', 'transcript_id': 'ENST00000262304.9_1', 'gene_type': 'protein_coding', 'gene_name': 'PKD1', 'transcript_type': 'protein_coding', 'transcript_name': 'PKD1-201', 'exon_number': '26', 'exon_id': 'ENSE00003665951.1', 'level': '2', 'protein_id': 'ENSP00000262304.4', 'transcript_support_level': '1', 'hgnc_id': 'HGNC:9008', 'tag': 'basic,Ensembl_canonical,MANE_Select,appris_principal_3,CCDS', 'ccdsid': 'CCDS32369.1', 'havana_gene': 'OTTHUMG00000155795.6_1', 'havana_transcript': 'OTTHUMT00000341688.2_1', 'remap_original_location': 'chr16:-:2102061-2102256', 'remap_status': 'full_contig196', 'feature': 'CDS', 'feature_coordinates': 'chr16:2152062-2152257', 'probegroup': 'PKD1', 'offset_coordinates': 'chr16:2152036-2152282', 'five_prime_bases': 35, 'three_prime_bases': 791, 'region_id': 'chr16:2152027-2153048'}","{'GRAPES2': None, 'CNVKIT': None, 'DECON': '3.1', 'GATK_GCNV': None}",False,3.1,,,,,0.8344981757888176,False
15892492,15892569,chr16,DUP,RB38567,1,1,0,0,0,42.30769230769231,1.0,77,"{'ID': 'CDS:ENST00000300036.6', 'Parent': 'ENST00000300036.6', 'gene_id': 'ENSG00000133392.18_1', 'transcript_id': 'ENST00000300036.6_1', 'gene_type': 'protein_coding', 'gene_name': 'MYH11', 'transcript_type': 'protein_coding', 'transcript_name': 'MYH11-201', 'exon_number': '4', 'exon_id': 'ENSE00003478662.1', 'level': '2', 'protein_id': 'ENSP00000300036.5', 'transcript_support_level': '1', 'hgnc_id': 'HGNC:7569', 'tag': 'CAGE_supported_TSS,basic,Ensembl_canonical,MANE_Select,CCDS', 'ccdsid': 'CCDS10565.1', 'havana_gene': 'OTTHUMG00000129935.9_1', 'havana_transcript': 'OTTHUMT00000252192.6_1', 'remap_original_location': 'chr16:-:15798660-15798687', 'remap_status': 'full_contig28', 'feature': 'CDS', 'feature_coordinates': 'chr16:15892517-15892544', 'probegroup': 'MYH11', 'offset_coordinates': 'chr16:15892491-15892569', 'five_prime_bases': 83, 'three_prime_bases': 82, 'region_id': 'chr16:15892434-15892626'}","{'GRAPES2': None, 'CNVKIT': None, 'DECON': '4.27', 'GATK_GCNV': None}",False,4.27,,,,,0.8344981757888176,False
31792051,31893515,chrX,DEL,RB38567,4,1,0,0,1,36.93687478440842,0.22902989138243635,101464,"{'ID': 'CDS:ENST00000357033.9', 'Parent': 'ENST00000357033.9', 'gene_id': 'ENSG00000198947.18_1', 'transcript_id': 'ENST00000357033.9_1', 'gene_type': 'protein_coding', 'gene_name': 'DMD', 'transcript_type': 'protein_coding', 'transcript_name': 'DMD-203', 'exon_number': '51', 'exon_id': 'ENSE00003669071.1', 'level': '2', 'protein_id': 'ENSP00000354923.3', 'transcript_support_level': '1', 'hgnc_id': 'HGNC:2928', 'tag': 'basic,Ensembl_canonical,MANE_Select,appris_principal_3,CCDS', 'ccdsid': 'CCDS14233.1', 'havana_gene': 'OTTHUMG00000021336.7_1', 'havana_transcript': 'OTTHUMT00000056182.2_1', 'remap_original_location': 'chrX:-:31773960-31774192', 'remap_status': 'full_contig233', 'feature': 'CDS', 'feature_coordinates': 'chrX:31792077-31792309', 'probegroup': 'DMD', 'offset_coordinates': 'chrX:31792051-31792334', 'five_prime_bases': 29, 'three_prime_bases': 27, 'region_id': 'chrX:31792048-31792336'}","{'GRAPES2': '0.979', 'CNVKIT': None, 'DECON': '34.4', 'GATK_GCNV': None}",True,34.4,,,0.979,in_silico,0.8344981757888176,False
114232361,114232605,chr4,DEL,RB38144,1,1,1,0,1,42.857142857142854,1.0,244,"{'ID': 'CDS:ENST00000357077.9', 'Parent': 'ENST00000357077.9', 'gene_id': 'ENSG00000145362.21_1', 'transcript_id': 'ENST00000357077.9_1', 'gene_type': 'protein_coding', 'gene_name': 'ANK2', 'transcript_type': 'protein_coding', 'transcript_name': 'ANK2-202', 'exon_number': '24', 'exon_id': 'ENSE00003517727.1', 'level': '2', 'protein_id': 'ENSP00000349588.4', 'transcript_support_level': '1', 'hgnc_id': 'HGNC:493', 'tag': 'basic,Ensembl_canonical,MANE_Select,appris_principal_2,CCDS', 'ccdsid': 'CCDS3702.1', 'havana_gene': 'OTTHUMG00000132912.13_1', 'havana_transcript': 'OTTHUMT00000256422.5_1', 'remap_original_location': 'chr4:+:113311255-113311399', 'remap_status': 'full_contig145', 'feature': 'CDS', 'feature_coordinates': 'chr4:114232411-114232555', 'probegroup': 'ANK2', 'offset_coordinates': 'chr4:114232385-114232580', 'five_prime_bases': 85, 'three_prime_bases': 83, 'region_id': 'chr4:114232326-114232638'}","{'GRAPES2': '0.622', 'CNVKIT': None, 'DECON': '19.1', 'GATK_GCNV': '31.06'}",True,19.1,31.06,,0.622,in_silico,0.8574177691108688,False
186435374,186446375,chr4,DUP,RB38144,3,1,1,0,1,38.70205417196873,0.5266974814814814,11001,"{'ID': 'CDS:ENST00000284767.12', 'Parent': 'ENST00000284767.12', 'gene_id': 'ENSG00000154553.16_1', 'transcript_id': 'ENST00000284767.12_1', 'gene_type': 'protein_coding', 'gene_name': 'PDLIM3', 'transcript_type': 'protein_coding', 'transcript_name': 'PDLIM3-201', 'exon_number': '4', 'exon_id': 'ENSE00003754284.1', 'level': '2', 'protein_id': 'ENSP00000284767.8', 'transcript_support_level': '5', 'hgnc_id': 'HGNC:20767', 'tag': 'basic,Ensembl_canonical,MANE_Select,appris_principal_3,CCDS', 'ccdsid': 'CCDS3844.1', 'havana_gene': 'OTTHUMG00000160412.8_1', 'havana_transcript': 'OTTHUMT00000360499.4_1', 'remap_original_location': 'chr4:-:185514270-185514337', 'remap_status': 'full_contig68', 'feature': 'CDS', 'feature_coordinates': 'chr4:186435424-186435491', 'probegroup': 'PDLIM3', 'offset_coordinates': 'chr4:186435398-186435516', 'five_prime_bases': 75, 'three_prime_bases': 74, 'region_id': 'chr4:186435349-186435565'}","{'GRAPES2': '1.0', 'CNVKIT': None, 'DECON': '46.4', 'GATK_GCNV': '20.58'}",True,46.4,20.58,,1.0,in_silico,0.8574177691108688,False
76545568,76558298,chr6,DEL,RB38144,5,1,1,0,1,35.338936454324084,0.40890690547945197,12730,"{'ID': 'CDS:ENST00000369977.8', 'Parent': 'ENST00000369977.8', 'gene_id': 'ENSG00000196586.17_1', 'transcript_id': 'ENST00000369977.8_1', 'gene_type': 'protein_coding', 'gene_name': 'MYO6', 'transcript_type': 'protein_coding', 'transcript_name': 'MYO6-202', 'exon_number': '7', 'exon_id': 'ENSE00002182048.1', 'level': '2', 'protein_id': 'ENSP00000358994.3', 'transcript_support_level': '1', 'hgnc_id': 'HGNC:7605', 'tag': 'basic,Ensembl_canonical,MANE_Select,appris_principal_2,CCDS', 'ccdsid': 'CCDS34487.1', 'havana_gene': 'OTTHUMG00000015061.7_1', 'havana_transcript': 'OTTHUMT00000041279.3_1', 'remap_original_location': 'chr6:+:75835901-75835956', 'remap_status': 'full_contig56', 'feature': 'CDS', 'feature_coordinates': 'chr6:76545618-76545673', 'probegroup': 'MYO6', 'offset_coordinates': 'chr6:76545592-76545698', 'five_prime_bases': 81, 'three_prime_bases': 80, 'region_id': 'chr6:76545537-76545753'}","{'GRAPES2': '0.966', 'CNVKIT': None, 'DECON': '48.2', 'GATK_GCNV': '385.56'}",True,48.2,385.56,,0.966,in_silico,0.8574177691108688,False
91570364,91570511,chr7,DEL,RB38144,1,0,1,0,0,64.86486486486487,1.0,147,"{'ID': 'CDS:ENST00000356239.8', 'Parent': 'ENST00000356239.8', 'gene_id': 'ENSG00000127914.19_1', 'transcript_id': 'ENST00000356239.8_1', 'gene_type': 'protein_coding', 'gene_name': 'AKAP9', 'transcript_type': 'protein_coding', 'transcript_name': 'AKAP9-201', 'exon_number': '1', 'exon_id': 'ENSE00001396791.4', 'level': '2', 'protein_id': 'ENSP00000348573.3', 'transcript_support_level': '1', 'hgnc_id': 'HGNC:379', 'tag': 'CAGE_supported_TSS,basic,Ensembl_canonical,MANE_Select,appris_principal_2,CCDS', 'ccdsid': 'CCDS5622.1', 'havana_gene': 'OTTHUMG00000131127.6_1', 'havana_transcript': 'OTTHUMT00000253808.3_1', 'remap_original_location': 'chr7:+:91941100-91941147', 'remap_status': 'full_contig48', 'feature': 'CDS', 'feature_coordinates': 'chr7:91570414-91570461', 'probegroup': 'AKAP9', 'offset_coordinates': 'chr7:91570388-91570486', 'five_prime_bases': 78, 'three_prime_bases': 91, 'region_id': 'chr7:91570336-91570552'}","{'GRAPES2': None, 'CNVKIT': None, 'DECON': None, 'GATK_GCNV': '4.67'}",False,,4.67,,,,0.8574177691108688,False
72766931,72767405,chr15,DEL,RB38144,1,0,1,0,0,72.21052631578947,1.0,474,"{'ID': 'CDS:ENST00000379887.9', 'Parent': 'ENST00000379887.9', 'gene_id': 'ENSG00000166233.15_1', 'transcript_id': 'ENST00000379887.9_1', 'gene_type': 'protein_coding', 'gene_name': 'ARIH1', 'transcript_type': 'protein_coding', 'transcript_name': 'ARIH1-201', 'exon_number': '1', 'exon_id': 'ENSE00001179017.6', 'level': '2', 'protein_id': 'ENSP00000369217.4', 'transcript_support_level': '1', 'hgnc_id': 'HGNC:689', 'tag': 'RNA_Seq_supported_partial,basic,Ensembl_canonical,MANE_Select,appris_principal_1,CCDS', 'ccdsid': 'CCDS10244.1', 'havana_gene': 'OTTHUMG00000133474.5_1', 'havana_transcript': 'OTTHUMT00000257350.3_1', 'remap_original_location': 'chr15:+:72474640-72475014', 'remap_status': 'full_contig375', 'feature': 'CDS', 'feature_coordinates': 'chr15:72766981-72767355', 'probegroup': 'ARIH1', 'offset_coordinates': 'chr15:72766955-72767380', 'five_prime_bases': 30, 'three_prime_bases': 28, 'region_id': 'chr15:72766951-72767383'}","{'GRAPES2': None, 'CNVKIT': None, 'DECON': None, 'GATK_GCNV': '11.18'}",False,,11.18,,,,0.8574177691108688,False
21616832,21616932,chr1,DUP,RB38144,1,1,0,0,0,80.19801980198021,1.0,100,"{'ID': 'CDS:ENST00000374893.11', 'Parent': 'ENST00000374893.11', 'gene_id': 'ENSG00000117298.16_1', 'transcript_id': 'ENST00000374893.11_1', 'gene_type': 'protein_coding', 'gene_name': 'ECE1', 'transcript_type': 'protein_coding', 'transcript_name': 'ECE1-203', 'exon_number': '1', 'exon_id': 'ENSE00002301044.2', 'level': '2', 'protein_id': 'ENSP00000364028.6', 'transcript_support_level': '1', 'hgnc_id': 'HGNC:3146', 'tag': 'basic,Ensembl_canonical,MANE_Select,CCDS', 'ccdsid': 'CCDS215.1', 'havana_gene': 'OTTHUMG00000002625.6_1', 'havana_transcript': 'OTTHUMT00000007470.3_1', 'remap_original_location': 'chr1:-:21290364-21290414', 'remap_status': 'full_contig51', 'feature': 'CDS', 'feature_coordinates': 'chr1:21616857-21616907', 'probegroup': 'ECE1', 'offset_coordinates': 'chr1:21616831-21616932', 'five_prime_bases': 375, 'three_prime_bases': 82, 'region_id': 'chr1:21616482-21616989'}","{'GRAPES2': None, 'CNVKIT': None, 'DECON': '2.49', 'GATK_GCNV': None}",False,2.49,,,,,0.8574177691108688,False
179519447,179519747,chr2,DUP,RB38144,2,1,0,0,0,42.19269102990033,0.361111,300,"{'ID': 'CDS:ENST00000589042.5', 'Parent': 'ENST00000589042.5', 'gene_id': 'ENSG00000155657.29_1', 'transcript_id': 'ENST00000589042.5_1', 'gene_type': 'protein_coding', 'gene_name': 'TTN', 'transcript_type': 'protein_coding', 'transcript_name': 'TTN-214', 'exon_number': '191', 'exon_id': 'ENSE00001744095.2', 'level': '1', 'protein_id': 'ENSP00000467141.1', 'transcript_support_level': '5', 'hgnc_id': 'HGNC:12403', 'tag': 'inferred_exon_combination,non_submitted_evidence,basic,Ensembl_canonical,MANE_Select,appris_principal_1,exp_conf,CCDS', 'ccdsid': 'CCDS59435.1', 'havana_gene': 'OTTHUMG00000154448.23_1', 'havana_transcript': 'OTTHUMT00000450680.3_1', 'remap_original_location': 'chr2:-:178654745-178654828', 'remap_status': 'full_contig84', 'feature': 'CDS', 'feature_coordinates': 'chr2:179519472-179519555', 'probegroup': 'TTN', 'offset_coordinates': 'chr2:179519446-179519580', 'five_prime_bases': 3584, 'three_prime_bases': 245, 'region_id': 'chr2:179515888-179519800'}","{'GRAPES2': None, 'CNVKIT': None, 'DECON': '3.15', 'GATK_GCNV': None}",False,3.15,,,,,0.8574177691108688,False
75804799,75804920,chr6,DEL,RB38144,1,1,0,0,0,56.557377049180324,1.0,121,"{'ID': 'CDS:ENST00000322507.13', 'Parent': 'ENST00000322507.13', 'gene_id': 'ENSG00000111799.22_1', 'transcript_id': 'ENST00000322507.13_1', 'gene_type': 'protein_coding', 'gene_name': 'COL12A1', 'transcript_type': 'protein_coding', 'transcript_name': 'COL12A1-201', 'exon_number': '60', 'exon_id': 'ENSE00003538754.1', 'level': '2', 'protein_id': 'ENSP00000325146.8', 'transcript_support_level': '1', 'hgnc_id': 'HGNC:2188', 'tag': 'basic,Ensembl_canonical,MANE_Select,appris_principal_2,CCDS', 'ccdsid': 'CCDS43482.1', 'havana_gene': 'OTTHUMG00000015051.8_1', 'havana_transcript': 'OTTHUMT00000041249.4_1', 'remap_original_location': 'chr6:-:75095108-75095179', 'remap_status': 'full_contig72', 'feature': 'CDS', 'feature_coordinates': 'chr6:75804824-75804895', 'probegroup': 'COL12A1', 'offset_coordinates': 'chr6:75804798-75804920', 'five_prime_bases': 85, 'three_prime_bases': 84, 'region_id': 'chr6:75804739-75804979'}","{'GRAPES2': None, 'CNVKIT': None, 'DECON': '5.67', 'GATK_GCNV': None}",False,5.67,,,,,0.8574177691108688,False
81667368,81695865,chr7,DEL,RB38144,4,1,0,0,0,35.44459260298968,0.15379969120183493,28497,"{'ID': 'CDS:ENST00000356860.8', 'Parent': 'ENST00000356860.8', 'gene_id': 'ENSG00000153956.16_1', 'transcript_id': 'ENST00000356860.8_1', 'gene_type': 'protein_coding', 'gene_name': 'CACNA2D1', 'transcript_type': 'protein_coding', 'transcript_name': 'CACNA2D1-202', 'exon_number': '11', 'exon_id': 'ENSE00003497123.1', 'level': '2', 'protein_id': 'ENSP00000349320.3', 'transcript_support_level': '1', 'hgnc_id': 'HGNC:1399', 'tag': 'basic,Ensembl_canonical,MANE_Select,CCDS', 'ccdsid': 'CCDS5598.1', 'havana_gene': 'OTTHUMG00000023622.11_1', 'havana_transcript': 'OTTHUMT00000253340.5_1', 'remap_original_location': 'chr7:-:82038077-82038235', 'remap_status': 'full_contig159', 'feature': 'CDS', 'feature_coordinates': 'chr7:81667393-81667551', 'probegroup': 'CACNA2D1', 'offset_coordinates': 'chr7:81667367-81667576', 'five_prime_bases': 78, 'three_prime_bases': 76, 'region_id': 'chr7:81667315-81667627'}","{'GRAPES2': None, 'CNVKIT': None, 'DECON': '26.4', 'GATK_GCNV': None}",False,26.4,,,,,0.8574177691108688,False
91674297,91674552,chr7,DEL,RB38144,1,1,0,0,0,40.234375,1.0,255,"{'ID': 'CDS:ENST00000356239.8', 'Parent': 'ENST00000356239.8', 'gene_id': 'ENSG00000127914.19_1', 'transcript_id': 'ENST00000356239.8_1', 'gene_type': 'protein_coding', 'gene_name': 'AKAP9', 'transcript_type': 'protein_coding', 'transcript_name': 'AKAP9-201', 'exon_number': '21', 'exon_id': 'ENSE00000918950.1', 'level': '2', 'protein_id': 'ENSP00000348573.3', 'transcript_support_level': '1', 'hgnc_id': 'HGNC:379', 'tag': 'CAGE_supported_TSS,basic,Ensembl_canonical,MANE_Select,appris_principal_2,CCDS', 'ccdsid': 'CCDS5622.1', 'havana_gene': 'OTTHUMG00000131127.6_1', 'havana_transcript': 'OTTHUMT00000253808.3_1', 'remap_original_location': 'chr7:+:92045008-92045213', 'remap_status': 'full_contig206', 'feature': 'CDS', 'feature_coordinates': 'chr7:91674322-91674527', 'probegroup': 'AKAP9', 'offset_coordinates': 'chr7:91674296-91674552', 'five_prime_bases': 30, 'three_prime_bases': 29, 'region_id': 'chr7:91674292-91674556'}","{'GRAPES2': None, 'CNVKIT': None, 'DECON': '5.66', 'GATK_GCNV': None}",False,5.66,,,,,0.8574177691108688,False
18429641,18439929,chr10,DUP,RB38144,2,1,0,0,0,40.849450869861016,0.5312498750000001,10288,"{'ID': 'CDS:ENST00000324631.13', 'Parent': 'ENST00000324631.13', 'gene_id': 'ENSG00000165995.23_1', 'transcript_id': 'ENST00000324631.13_1', 'gene_type': 'protein_coding', 'gene_name': 'CACNB2', 'transcript_type': 'protein_coding', 'transcript_name': 'CACNB2-202', 'exon_number': '1', 'exon_id': 'ENSE00001552836.2', 'level': '2', 'protein_id': 'ENSP00000320025.8', 'transcript_support_level': '1', 'hgnc_id': 'HGNC:1402', 'tag': 'basic,Ensembl_canonical,MANE_Select,CCDS', 'ccdsid': 'CCDS7125.1', 'havana_gene': 'OTTHUMG00000017764.9_1', 'havana_transcript': 'OTTHUMT00000047072.3_1', 'remap_original_location': 'chr10:+:18140737-18140856', 'remap_status': 'full_contig120', 'feature': 'CDS', 'feature_coordinates': 'chr10:18429666-18429785', 'probegroup': 'CACNB2', 'offset_coordinates': 'chr10:18429640-18429810', 'five_prime_bases': 85, 'three_prime_bases': 84, 'region_id': 'chr10:18429581-18429869'}","{'GRAPES2': None, 'CNVKIT': None, 'DECON': '2.89', 'GATK_GCNV': None}",False,2.89,,,,,0.8574177691108688,False
112856891,112856954,chr12,DUP,RB38144,1,1,0,0,0,76.5625,1.0,63,"{'ID': 'CDS:ENST00000351677.7', 'Parent': 'ENST00000351677.7', 'gene_id': 'ENSG00000179295.19_1', 'transcript_id': 'ENST00000351677.7_1', 'gene_type': 'protein_coding', 'gene_name': 'PTPN11', 'transcript_type': 'protein_coding', 'transcript_name': 'PTPN11-201', 'exon_number': '1', 'exon_id': 'ENSE00001202658.5', 'level': '2', 'protein_id': 'ENSP00000340944.3', 'transcript_support_level': '1', 'hgnc_id': 'HGNC:9644', 'tag': 'basic,Ensembl_canonical,MANE_Select,appris_principal_3,CCDS', 'ccdsid': 'CCDS9163.1', 'havana_gene': 'OTTHUMG00000134334.4_1', 'havana_transcript': 'OTTHUMT00000259496.2_1', 'remap_original_location': 'chr12:+:112419112-112419125', 'remap_status': 'full_contig14', 'feature': 'CDS', 'feature_coordinates': 'chr12:112856916-112856929', 'probegroup': 'PTPN11', 'offset_coordinates': 'chr12:112856890-112856954', 'five_prime_bases': 78, 'three_prime_bases': 77, 'region_id': 'chr12:112856838-112857006'}","{'GRAPES2': None, 'CNVKIT': None, 'DECON': '2.78', 'GATK_GCNV': None}",False,2.78,,,,,0.8574177691108688,False
30114180,30114256,chr15,DUP,RB38144,1,1,0,0,0,74.02597402597402,1.0,76,"{'ID': 'CDS:ENST00000614355.5', 'Parent': 'ENST00000614355.5', 'gene_id': 'ENSG00000104067.17_1', 'transcript_id': 'ENST00000614355.5_1', 'gene_type': 'protein_coding', 'gene_name': 'TJP1', 'transcript_type': 'protein_coding', 'transcript_name': 'TJP1-211', 'exon_number': '1', 'exon_id': 'ENSE00003718880.2', 'level': '2', 'protein_id': 'ENSP00000483470.2', 'transcript_support_level': '5', 'hgnc_id': 'HGNC:11827', 'tag': 'CAGE_supported_TSS,basic,Ensembl_canonical,MANE_Select,appris_alternative_2,CCDS', 'ccdsid': 'CCDS81858.1', 'havana_gene': 'OTTHUMG00000137397.7_1', 'havana_transcript': 'OTTHUMT00000417263.1_1', 'remap_original_location': 'chr15:-:29822002-29822028', 'remap_status': 'full_contig27', 'feature': 'CDS', 'feature_coordinates': 'chr15:30114205-30114231', 'probegroup': 'TJP1', 'offset_coordinates': 'chr15:30114179-30114256', 'five_prime_bases': 84, 'three_prime_bases': 82, 'region_id': 'chr15:30114121-30114313'}","{'GRAPES2': None, 'CNVKIT': None, 'DECON': '2.73', 'GATK_GCNV': None}",False,2.73,,,,,0.8574177691108688,False
34229254,34273411,chr18,DUP,RB38144,7,1,0,0,0,40.216948231351054,0.6833333333333332,44157,"{'ID': 'CDS:ENST00000590592.6', 'Parent': 'ENST00000590592.6', 'gene_id': 'ENSG00000134775.16_1', 'transcript_id': 'ENST00000590592.6_1', 'gene_type': 'protein_coding', 'gene_name': 'FHOD3', 'transcript_type': 'protein_coding', 'transcript_name': 'FHOD3-206', 'exon_number': '11', 'exon_id': 'ENSE00002954260.1', 'level': '1', 'protein_id': 'ENSP00000466937.1', 'transcript_support_level': '1', 'hgnc_id': 'HGNC:26178', 'tag': 'basic,Ensembl_canonical,MANE_Select,exp_conf,CCDS', 'ccdsid': 'CCDS62418.1', 'havana_gene': 'OTTHUMG00000182381.5_1', 'havana_transcript': 'OTTHUMT00000460883.2_1', 'remap_original_location': 'chr18:+:36649316-36649405', 'remap_status': 'full_contig90', 'feature': 'CDS', 'feature_coordinates': 'chr18:34229279-34229368', 'probegroup': 'FHOD3', 'offset_coordinates': 'chr18:34229253-34229393', 'five_prime_bases': 76, 'three_prime_bases': 75, 'region_id': 'chr18:34229203-34229443'}","{'GRAPES2': None, 'CNVKIT': None, 'DECON': '26.2', 'GATK_GCNV': None}",False,26.2,,,,,0.8574177691108688,False
61048434,61048659,chr20,DUP,RB38144,1,1,0,0,0,66.3716814159292,1.0,225,"{'ID': 'CDS:ENST00000252997.3', 'Parent': 'ENST00000252997.3', 'gene_id': 'ENSG00000130700.7_1', 'transcript_id': 'ENST00000252997.3_1', 'gene_type': 'protein_coding', 'gene_name': 'GATA5', 'transcript_type': 'protein_coding', 'transcript_name': 'GATA5-201', 'exon_number': '3', 'exon_id': 'ENSE00002469558.1', 'level': '2', 'protein_id': 'ENSP00000252997.2', 'transcript_support_level': '1', 'hgnc_id': 'HGNC:15802', 'tag': 'basic,Ensembl_canonical,MANE_Select,appris_principal_1,CCDS', 'ccdsid': 'CCDS13499.1', 'havana_gene': 'OTTHUMG00000032919.3_1', 'havana_transcript': 'OTTHUMT00000080038.3_1', 'remap_original_location': 'chr20:-:62473403-62473578', 'remap_status': 'full_contig176', 'feature': 'CDS', 'feature_coordinates': 'chr20:61048459-61048634', 'probegroup': 'GATA5', 'offset_coordinates': 'chr20:61048433-61048659', 'five_prime_bases': 33, 'three_prime_bases': 32, 'region_id': 'chr20:61048426-61048666'}","{'GRAPES2': None, 'CNVKIT': None, 'DECON': '4.83', 'GATK_GCNV': None}",False,4.83,,,,,0.8574177691108688,False
3319305,3322262,chr1,DEL,RB38154,3,1,1,0,1,63.42123056118999,1.0,2957,"{'ID': 'CDS:ENST00000270722.10', 'Parent': 'ENST00000270722.10', 'gene_id': 'ENSG00000142611.17_1', 'transcript_id': 'ENST00000270722.10_1', 'gene_type': 'protein_coding', 'gene_name': 'PRDM16', 'transcript_type': 'protein_coding', 'transcript_name': 'PRDM16-201', 'exon_number': '6', 'exon_id': 'ENSE00003696962.1', 'level': '2', 'protein_id': 'ENSP00000270722.5', 'transcript_support_level': '1', 'hgnc_id': 'HGNC:14000', 'tag': 'basic,Ensembl_canonical,MANE_Select,appris_principal_1,CCDS', 'ccdsid': 'CCDS41236.2', 'havana_gene': 'OTTHUMG00000000581.10_1', 'havana_transcript': 'OTTHUMT00000001382.4_1', 'remap_original_location': 'chr1:+:3402791-3402998', 'remap_status': 'full_contig208', 'feature': 'CDS', 'feature_coordinates': 'chr1:3319355-3319562', 'probegroup': 'PRDM16', 'offset_coordinates': 'chr1:3319329-3319587', 'five_prime_bases': 29, 'three_prime_bases': 28, 'region_id': 'chr1:3319326-3319590'}","{'GRAPES2': '1.0', 'CNVKIT': None, 'DECON': '62.6', 'GATK_GCNV': '1473.60'}",True,62.6,1473.60,,1.0,in_silico,0.9312025031746757,False
75875173,75875545,chr6,DUP,RB38154,1,1,1,0,1,41.01876675603217,1.0,372,"{'ID': 'CDS:ENST00000322507.13', 'Parent': 'ENST00000322507.13', 'gene_id': 'ENSG00000111799.22_1', 'transcript_id': 'ENST00000322507.13_1', 'gene_type': 'protein_coding', 'gene_name': 'COL12A1', 'transcript_type': 'protein_coding', 'transcript_name': 'COL12A1-201', 'exon_number': '14', 'exon_id': 'ENSE00002276950.1', 'level': '2', 'protein_id': 'ENSP00000325146.8', 'transcript_support_level': '1', 'hgnc_id': 'HGNC:2188', 'tag': 'basic,Ensembl_canonical,MANE_Select,appris_principal_2,CCDS', 'ccdsid': 'CCDS43482.1', 'havana_gene': 'OTTHUMG00000015051.8_1', 'havana_transcript': 'OTTHUMT00000041249.4_1', 'remap_original_location': 'chr6:-:75165507-75165779', 'remap_status': 'full_contig273', 'feature': 'CDS', 'feature_coordinates': 'chr6:75875223-75875495', 'probegroup': 'COL12A1', 'offset_coordinates': 'chr6:75875197-75875520', 'five_prime_bases': 33, 'three_prime_bases': 31, 'region_id': 'chr6:75875190-75875526'}","{'GRAPES2': '0.436', 'CNVKIT': None, 'DECON': '28.3', 'GATK_GCNV': '141.20'}",True,28.3,141.20,,0.436,in_silico,0.9312025031746757,False
35293055,35293281,chr7,DEL,RB38154,1,1,1,0,1,65.63876651982379,1.0,226,"{'ID': 'CDS:ENST00000408931.4', 'Parent': 'ENST00000408931.4', 'gene_id': 'ENSG00000164532.11_1', 'transcript_id': 'ENST00000408931.4_1', 'gene_type': 'protein_coding', 'gene_name': 'TBX20', 'transcript_type': 'protein_coding', 'transcript_name': 'TBX20-201', 'exon_number': '1', 'exon_id': 'ENSE00001332935.3', 'level': '2', 'protein_id': 'ENSP00000386170.3', 'transcript_support_level': '1', 'hgnc_id': 'HGNC:11598', 'tag': 'basic,Ensembl_canonical,MANE_Select,appris_principal_1,CCDS', 'ccdsid': 'CCDS43568.1', 'havana_gene': 'OTTHUMG00000099411.5_1', 'havana_transcript': 'OTTHUMT00000216870.4_1', 'remap_original_location': 'chr7:-:35253494-35253620', 'remap_status': 'full_contig127', 'feature': 'CDS', 'feature_coordinates': 'chr7:35293105-35293231', 'probegroup': 'TBX20', 'offset_coordinates': 'chr7:35293079-35293256', 'five_prime_bases': 82, 'three_prime_bases': 80, 'region_id': 'chr7:35293023-35293311'}","{'GRAPES2': '0.728', 'CNVKIT': None, 'DECON': '24.7', 'GATK_GCNV': '312.11'}",True,24.7,312.11,,0.728,in_silico,0.9312025031746757,False
114793287,114832748,chr12,DUP,RB38154,4,1,1,0,1,43.928336120825094,0.2243823041754385,39461,"{'ID': 'CDS:ENST00000405440.7', 'Parent': 'ENST00000405440.7', 'gene_id': 'ENSG00000089225.20_1', 'transcript_id': 'ENST00000405440.7_1', 'gene_type': 'protein_coding', 'gene_name': 'TBX5', 'transcript_type': 'protein_coding', 'transcript_name': 'TBX5-203', 'exon_number': '9', 'exon_id': 'ENSE00002197056.2', 'level': '1', 'protein_id': 'ENSP00000384152.3', 'transcript_support_level': '1', 'hgnc_id': 'HGNC:11604', 'tag': 'alternative_5_UTR,basic,Ensembl_canonical,MANE_Select,appris_principal_1,exp_conf,CCDS', 'ccdsid': 'CCDS9173.1', 'havana_gene': 'OTTHUMG00000166191.3_1', 'havana_transcript': 'OTTHUMT00000388295.1_1', 'remap_original_location': 'chr12:-:114355532-114356106', 'remap_status': 'full_contig575', 'feature': 'CDS', 'feature_coordinates': 'chr12:114793337-114793911', 'probegroup': 'TBX5', 'offset_coordinates': 'chr12:114793311-114793936', 'five_prime_bases': 38, 'three_prime_bases': 36, 'region_id': 'chr12:114793299-114793947'}","{'GRAPES2': '1.0', 'CNVKIT': None, 'DECON': '114', 'GATK_GCNV': '304.39'}",True,114,304.39,,1.0,in_silico,0.9312025031746757,False
179522200,179524007,chr2,DEL,RB38154,9,1,0,0,0,40.099557522123895,0.4027776666666667,1807,"{'ID': 'CDS:ENST00000589042.5', 'Parent': 'ENST00000589042.5', 'gene_id': 'ENSG00000155657.29_1', 'transcript_id': 'ENST00000589042.5_1', 'gene_type': 'protein_coding', 'gene_name': 'TTN', 'transcript_type': 'protein_coding', 'transcript_name': 'TTN-214', 'exon_number': '189', 'exon_id': 'ENSE00002949545.1', 'level': '1', 'protein_id': 'ENSP00000467141.1', 'transcript_support_level': '5', 'hgnc_id': 'HGNC:12403', 'tag': 'inferred_exon_combination,non_submitted_evidence,basic,Ensembl_canonical,MANE_Select,appris_principal_1,exp_conf,CCDS', 'ccdsid': 'CCDS59435.1', 'havana_gene': 'OTTHUMG00000154448.23_1', 'havana_transcript': 'OTTHUMT00000450680.3_1', 'remap_original_location': 'chr2:-:178657498-178657581', 'remap_status': 'full_contig84', 'feature': 'CDS', 'feature_coordinates': 'chr2:179522225-179522308', 'probegroup': 'TTN', 'offset_coordinates': 'chr2:179522199-179522333', 'five_prime_bases': 79, 'three_prime_bases': 1752, 'region_id': 'chr2:179522146-179524060'}","{'GRAPES2': None, 'CNVKIT': None, 'DECON': '93.7', 'GATK_GCNV': None}",False,93.7,,,,,0.9312025031746757,False
37333515,37333785,chr5,DEL,RB38136,1,1,1,0,1,34.31734317343174,1.0,270,"{'ID': 'CDS:ENST00000231498.8', 'Parent': 'ENST00000231498.8', 'gene_id': 'ENSG00000113569.16_1', 'transcript_id': 'ENST00000231498.8_1', 'gene_type': 'protein_coding', 'gene_name': 'NUP155', 'transcript_type': 'protein_coding', 'transcript_name': 'NUP155-201', 'exon_number': '13', 'exon_id': 'ENSE00001006262.1', 'level': '2', 'protein_id': 'ENSP00000231498.3', 'transcript_support_level': '1', 'hgnc_id': 'HGNC:8063', 'tag': 'basic,Ensembl_canonical,MANE_Select,appris_principal_1,CCDS', 'ccdsid': 'CCDS3921.1', 'havana_gene': 'OTTHUMG00000090803.4_1', 'havana_transcript': 'OTTHUMT00000207593.3_1', 'remap_original_location': 'chr5:-:37333463-37333633', 'remap_status': 'full_contig171', 'feature': 'CDS', 'feature_coordinates': 'chr5:37333565-37333735', 'probegroup': 'NUP155', 'offset_coordinates': 'chr5:37333539-37333760', 'five_prime_bases': 36, 'three_prime_bases': 34, 'region_id': 'chr5:37333529-37333769'}","{'GRAPES2': '0.58', 'CNVKIT': None, 'DECON': '10.2', 'GATK_GCNV': '156.26'}",True,10.2,156.26,,0.58,in_silico,0.9259937275384386,False
127710271,127731017,chr5,DUP,RB38136,7,1,1,0,1,36.02448546777847,1.0,20746,"{'ID': 'CDS:ENST00000262464.9', 'Parent': 'ENST00000262464.9', 'gene_id': 'ENSG00000138829.12_1', 'transcript_id': 'ENST00000262464.9_1', 'gene_type': 'protein_coding', 'gene_name': 'FBN2', 'transcript_type': 'protein_coding', 'transcript_name': 'FBN2-201', 'exon_number': '15', 'exon_id': 'ENSE00003589246.1', 'level': '2', 'protein_id': 'ENSP00000262464.4', 'transcript_support_level': '1', 'hgnc_id': 'HGNC:3604', 'tag': 'basic,Ensembl_canonical,MANE_Select,appris_principal_1,CCDS', 'ccdsid': 'CCDS34222.1', 'havana_gene': 'OTTHUMG00000163082.4_1', 'havana_transcript': 'OTTHUMT00000504447.2_1', 'remap_original_location': 'chr5:-:128374628-128374750', 'remap_status': 'full_contig123', 'feature': 'CDS', 'feature_coordinates': 'chr5:127710321-127710443', 'probegroup': 'FBN2', 'offset_coordinates': 'chr5:127710295-127710468', 'five_prime_bases': 84, 'three_prime_bases': 82, 'region_id': 'chr5:127710237-127710525'}","{'GRAPES2': '1.0', 'CNVKIT': None, 'DECON': '112', 'GATK_GCNV': '342.46'}",True,112,342.46,,1.0,in_silico,0.9259937275384386,False
137619062,137619293,chr9,DUP,RB38136,1,1,1,0,1,53.44827586206896,1.0,231,"{'ID': 'CDS:ENST00000371817.8', 'Parent': 'ENST00000371817.8', 'gene_id': 'ENSG00000130635.16_1', 'transcript_id': 'ENST00000371817.8_1', 'gene_type': 'protein_coding', 'gene_name': 'COL5A1', 'transcript_type': 'protein_coding', 'transcript_name': 'COL5A1-201', 'exon_number': '5', 'exon_id': 'ENSE00001626599.1', 'level': '2', 'protein_id': 'ENSP00000360882.3', 'transcript_support_level': '1', 'hgnc_id': 'HGNC:2209', 'tag': 'basic,Ensembl_canonical,MANE_Select,appris_principal_3,CCDS', 'ccdsid': 'CCDS6982.1', 'havana_gene': 'OTTHUMG00000020891.5_1', 'havana_transcript': 'OTTHUMT00000054954.4_1', 'remap_original_location': 'chr9:+:134727266-134727397', 'remap_status': 'full_contig132', 'feature': 'CDS', 'feature_coordinates': 'chr9:137619112-137619243', 'probegroup': 'COL5A1', 'offset_coordinates': 'chr9:137619086-137619268', 'five_prime_bases': 79, 'three_prime_bases': 78, 'region_id': 'chr9:137619033-137619321'}","{'GRAPES2': '0.22', 'CNVKIT': None, 'DECON': '18', 'GATK_GCNV': '8.90'}",True,18,8.90,,0.22,in_silico,0.9259937275384386,False
76437419,76447286,chr14,DEL,RB38136,3,1,1,0,1,49.19943250912039,0.4871794428571428,9867,"{'ID': 'CDS:ENST00000238682.8', 'Parent': 'ENST00000238682.8', 'gene_id': 'ENSG00000119699.8_1', 'transcript_id': 'ENST00000238682.8_1', 'gene_type': 'protein_coding', 'gene_name': 'TGFB3', 'transcript_type': 'protein_coding', 'transcript_name': 'TGFB3-201', 'exon_number': '3', 'exon_id': 'ENSE00000808429.1', 'level': '2', 'protein_id': 'ENSP00000238682.3', 'transcript_support_level': '1', 'hgnc_id': 'HGNC:11769', 'tag': 'CAGE_supported_TSS,basic,Ensembl_canonical,MANE_Select,appris_principal_1,CCDS', 'ccdsid': 'CCDS9846.1', 'havana_gene': 'OTTHUMG00000171489.1_1', 'havana_transcript': 'OTTHUMT00000413685.1_1', 'remap_original_location': 'chr14:-:75971126-75971255', 'remap_status': 'full_contig130', 'feature': 'CDS', 'feature_coordinates': 'chr14:76437469-76437598', 'probegroup': 'TGFB3', 'offset_coordinates': 'chr14:76437443-76437623', 'five_prime_bases': 80, 'three_prime_bases': 79, 'region_id': 'chr14:76437389-76437677'}","{'GRAPES2': '0.993', 'CNVKIT': None, 'DECON': '33.4', 'GATK_GCNV': '824.84'}",True,33.4,824.84,,0.993,in_silico,0.9259937275384386,False
179522200,179523303,chr2,DUP,RB38136,6,1,0,0,0,39.76449275362319,0.41666650000000005,1103,"{'ID': 'CDS:ENST00000589042.5', 'Parent': 'ENST00000589042.5', 'gene_id': 'ENSG00000155657.29_1', 'transcript_id': 'ENST00000589042.5_1', 'gene_type': 'protein_coding', 'gene_name': 'TTN', 'transcript_type': 'protein_coding', 'transcript_name': 'TTN-214', 'exon_number': '189', 'exon_id': 'ENSE00002949545.1', 'level': '1', 'protein_id': 'ENSP00000467141.1', 'transcript_support_level': '5', 'hgnc_id': 'HGNC:12403', 'tag': 'inferred_exon_combination,non_submitted_evidence,basic,Ensembl_canonical,MANE_Select,appris_principal_1,exp_conf,CCDS', 'ccdsid': 'CCDS59435.1', 'havana_gene': 'OTTHUMG00000154448.23_1', 'havana_transcript': 'OTTHUMT00000450680.3_1', 'remap_original_location': 'chr2:-:178657498-178657581', 'remap_status': 'full_contig84', 'feature': 'CDS', 'feature_coordinates': 'chr2:179522225-179522308', 'probegroup': 'TTN', 'offset_coordinates': 'chr2:179522199-179522333', 'five_prime_bases': 79, 'three_prime_bases': 1752, 'region_id': 'chr2:179522146-179524060'}","{'GRAPES2': None, 'CNVKIT': None, 'DECON': '14.3', 'GATK_GCNV': None}",False,14.3,,,,,0.9259937275384386,False
179526844,179527368,chr2,DEL,RB38136,3,1,0,0,0,40.57142857142857,0.4166665,524,"{'ID': 'CDS:ENST00000589042.5', 'Parent': 'ENST00000589042.5', 'gene_id': 'ENSG00000155657.29_1', 'transcript_id': 'ENST00000589042.5_1', 'gene_type': 'protein_coding', 'gene_name': 'TTN', 'transcript_type': 'protein_coding', 'transcript_name': 'TTN-214', 'exon_number': '178', 'exon_id': 'ENSE00002852676.1', 'level': '1', 'protein_id': 'ENSP00000467141.1', 'transcript_support_level': '5', 'hgnc_id': 'HGNC:12403', 'tag': 'inferred_exon_combination,non_submitted_evidence,basic,Ensembl_canonical,MANE_Select,appris_principal_1,exp_conf,CCDS', 'ccdsid': 'CCDS59435.1', 'havana_gene': 'OTTHUMG00000154448.23_1', 'havana_transcript': 'OTTHUMT00000450680.3_1', 'remap_original_location': 'chr2:-:178662142-178662222', 'remap_status': 'full_contig81', 'feature': 'CDS', 'feature_coordinates': 'chr2:179526869-179526949', 'probegroup': 'TTN', 'offset_coordinates': 'chr2:179526843-179526974', 'five_prime_bases': 462, 'three_prime_bases': 1954, 'region_id': 'chr2:179526407-179528903'}","{'GRAPES2': None, 'CNVKIT': None, 'DECON': '8.62', 'GATK_GCNV': None}",False,8.62,,,,,0.9259937275384386,False
30648351,30648494,chr3,DEL,RB38136,1,1,0,0,0,68.05555555555556,1.0,143,"{'ID': 'CDS:ENST00000295754.10', 'Parent': 'ENST00000295754.10', 'gene_id': 'ENSG00000163513.19_1', 'transcript_id': 'ENST00000295754.10_1', 'gene_type': 'protein_coding', 'gene_name': 'TGFBR2', 'transcript_type': 'protein_coding', 'transcript_name': 'TGFBR2-201', 'exon_number': '1', 'exon_id': 'ENSE00002704195.1', 'level': '2', 'protein_id': 'ENSP00000295754.5', 'transcript_support_level': '1', 'hgnc_id': 'HGNC:11773', 'tag': 'CAGE_supported_TSS,basic,Ensembl_canonical,MANE_Select,appris_principal_1,CCDS', 'ccdsid': 'CCDS2648.1', 'havana_gene': 'OTTHUMG00000130569.8_1', 'havana_transcript': 'OTTHUMT00000252994.3_1', 'remap_original_location': 'chr3:+:30606884-30606977', 'remap_status': 'full_contig94', 'feature': 'CDS', 'feature_coordinates': 'chr3:30648376-30648469', 'probegroup': 'TGFBR2', 'offset_coordinates': 'chr3:30648350-30648494', 'five_prime_bases': 74, 'three_prime_bases': 73, 'region_id': 'chr3:30648302-30648542'}","{'GRAPES2': None, 'CNVKIT': None, 'DECON': '2.63', 'GATK_GCNV': None}",False,2.63,,,,,0.9259937275384386,False
178772166,178772354,chr5,DEL,RB38136,1,1,0,0,0,81.48148148148148,1.0,188,"{'ID': 'CDS:ENST00000251582.12', 'Parent': 'ENST00000251582.12', 'gene_id': 'ENSG00000087116.16_1', 'transcript_id': 'ENST00000251582.12_1', 'gene_type': 'protein_coding', 'gene_name': 'ADAMTS2', 'transcript_type': 'protein_coding', 'transcript_name': 'ADAMTS2-201', 'exon_number': '1', 'exon_id': 'ENSE00003847948.1', 'level': '2', 'protein_id': 'ENSP00000251582.7', 'transcript_support_level': '1', 'hgnc_id': 'HGNC:218', 'tag': 'basic,Ensembl_canonical,MANE_Select,appris_principal_2,CCDS', 'ccdsid': 'CCDS4444.1', 'havana_gene': 'OTTHUMG00000130915.7_1', 'havana_transcript': 'OTTHUMT00000253507.2_1', 'remap_original_location': 'chr5:-:179345190-179345328', 'remap_status': 'full_contig139', 'feature': 'CDS', 'feature_coordinates': 'chr5:178772191-178772329', 'probegroup': 'ADAMTS2', 'offset_coordinates': 'chr5:178772165-178772354', 'five_prime_bases': 76, 'three_prime_bases': 74, 'region_id': 'chr5:178772115-178772403'}","{'GRAPES2': None, 'CNVKIT': None, 'DECON': '2.58', 'GATK_GCNV': None}",False,2.58,,,,,0.9259937275384386,False
92678597,92678754,chr10,DEL,RB38136,1,1,0,0,0,39.24050632911392,1.0,157,"{'ID': 'CDS:ENST00000371697.4', 'Parent': 'ENST00000371697.4', 'gene_id': 'ENSG00000148677.7_1', 'transcript_id': 'ENST00000371697.4_1', 'gene_type': 'protein_coding', 'gene_name': 'ANKRD1', 'transcript_type': 'protein_coding', 'transcript_name': 'ANKRD1-201', 'exon_number': '4', 'exon_id': 'ENSE00000986569.1', 'level': '2', 'protein_id': 'ENSP00000360762.3', 'transcript_support_level': '1', 'hgnc_id': 'HGNC:15819', 'tag': 'CAGE_supported_TSS,basic,Ensembl_canonical,MANE_Select,appris_principal_1,CCDS', 'ccdsid': 'CCDS7412.1', 'havana_gene': 'OTTHUMG00000018734.1_1', 'havana_transcript': 'OTTHUMT00000049357.1_1', 'remap_original_location': 'chr10:-:90918865-90918972', 'remap_status': 'full_contig108', 'feature': 'CDS', 'feature_coordinates': 'chr10:92678622-92678729', 'probegroup': 'ANKRD1', 'offset_coordinates': 'chr10:92678596-92678754', 'five_prime_bases': 79, 'three_prime_bases': 371, 'region_id': 'chr10:92678543-92679100'}","{'GRAPES2': None, 'CNVKIT': None, 'DECON': '3.17', 'GATK_GCNV': None}",False,3.17,,,,,0.9259937275384386,False
114793287,114804246,chr12,DEL,RB38140,2,1,1,0,1,44.73540145985401,1.0,10959,"{'ID': 'CDS:ENST00000405440.7', 'Parent': 'ENST00000405440.7', 'gene_id': 'ENSG00000089225.20_1', 'transcript_id': 'ENST00000405440.7_1', 'gene_type': 'protein_coding', 'gene_name': 'TBX5', 'transcript_type': 'protein_coding', 'transcript_name': 'TBX5-203', 'exon_number': '9', 'exon_id': 'ENSE00002197056.2', 'level': '1', 'protein_id': 'ENSP00000384152.3', 'transcript_support_level': '1', 'hgnc_id': 'HGNC:11604', 'tag': 'alternative_5_UTR,basic,Ensembl_canonical,MANE_Select,appris_principal_1,exp_conf,CCDS', 'ccdsid': 'CCDS9173.1', 'havana_gene': 'OTTHUMG00000166191.3_1', 'havana_transcript': 'OTTHUMT00000388295.1_1', 'remap_original_location': 'chr12:-:114355532-114356106', 'remap_status': 'full_contig575', 'feature': 'CDS', 'feature_coordinates': 'chr12:114793337-114793911', 'probegroup': 'TBX5', 'offset_coordinates': 'chr12:114793311-114793936', 'five_prime_bases': 38, 'three_prime_bases': 36, 'region_id': 'chr12:114793299-114793947'}","{'GRAPES2': '0.993', 'CNVKIT': None, 'DECON': '10.3', 'GATK_GCNV': '153.26'}",True,10.3,153.26,,0.993,in_silico,0.8137776600179086,False
72766931,72767405,chr15,DEL,RB38140,1,1,1,0,0,72.21052631578947,1.0,474,"{'ID': 'CDS:ENST00000379887.9', 'Parent': 'ENST00000379887.9', 'gene_id': 'ENSG00000166233.15_1', 'transcript_id': 'ENST00000379887.9_1', 'gene_type': 'protein_coding', 'gene_name': 'ARIH1', 'transcript_type': 'protein_coding', 'transcript_name': 'ARIH1-201', 'exon_number': '1', 'exon_id': 'ENSE00001179017.6', 'level': '2', 'protein_id': 'ENSP00000369217.4', 'transcript_support_level': '1', 'hgnc_id': 'HGNC:689', 'tag': 'RNA_Seq_supported_partial,basic,Ensembl_canonical,MANE_Select,appris_principal_1,CCDS', 'ccdsid': 'CCDS10244.1', 'havana_gene': 'OTTHUMG00000133474.5_1', 'havana_transcript': 'OTTHUMT00000257350.3_1', 'remap_original_location': 'chr15:+:72474640-72475014', 'remap_status': 'full_contig375', 'feature': 'CDS', 'feature_coordinates': 'chr15:72766981-72767355', 'probegroup': 'ARIH1', 'offset_coordinates': 'chr15:72766955-72767380', 'five_prime_bases': 30, 'three_prime_bases': 28, 'region_id': 'chr15:72766951-72767383'}","{'GRAPES2': None, 'CNVKIT': None, 'DECON': '6.07', 'GATK_GCNV': '8.58'}",False,6.07,8.58,,,,0.8137776600179086,False
4090546,4110703,chr19,DUP,RB38140,9,1,1,0,1,57.728941363230476,0.34839109226027404,20157,"{'ID': 'CDS:ENST00000262948.10', 'Parent': 'ENST00000262948.10', 'gene_id': 'ENSG00000126934.15_1', 'transcript_id': 'ENST00000262948.10_1', 'gene_type': 'protein_coding', 'gene_name': 'MAP2K2', 'transcript_type': 'protein_coding', 'transcript_name': 'MAP2K2-201', 'exon_number': '11', 'exon_id': 'ENSE00003028134.2', 'level': '2', 'protein_id': 'ENSP00000262948.4', 'transcript_support_level': '1', 'hgnc_id': 'HGNC:6842', 'tag': 'basic,Ensembl_canonical,MANE_Select,appris_principal_1,CCDS', 'ccdsid': 'CCDS12120.1', 'havana_gene': 'OTTHUMG00000134286.6_1', 'havana_transcript': 'OTTHUMT00000258957.2_1', 'remap_original_location': 'chr19:-:4090598-4090708', 'remap_status': 'full_contig111', 'feature': 'CDS', 'feature_coordinates': 'chr19:4090596-4090706', 'probegroup': 'MAP2K2', 'offset_coordinates': 'chr19:4090570-4090731', 'five_prime_bases': 78, 'three_prime_bases': 76, 'region_id': 'chr19:4090518-4090782'}","{'GRAPES2': '0.889', 'CNVKIT': None, 'DECON': '61.4', 'GATK_GCNV': '111.46'}",True,61.4,111.46,,0.889,in_silico,0.8137776600179086,False
162326725,162326951,chr1,DEL,RB38140,1,1,0,0,0,61.67400881057269,1.0,226,"{'ID': 'CDS:ENST00000361897.10', 'Parent': 'ENST00000361897.10', 'gene_id': 'ENSG00000198929.13_1', 'transcript_id': 'ENST00000361897.10_1', 'gene_type': 'protein_coding', 'gene_name': 'NOS1AP', 'transcript_type': 'protein_coding', 'transcript_name': 'NOS1AP-201', 'exon_number': '8', 'exon_id': 'ENSE00001068172.1', 'level': '2', 'protein_id': 'ENSP00000355133.5', 'transcript_support_level': '1', 'hgnc_id': 'HGNC:16859', 'tag': 'basic,Ensembl_canonical,MANE_Select,appris_principal_3,CCDS', 'ccdsid': 'CCDS1237.1', 'havana_gene': 'OTTHUMG00000024049.7_1', 'havana_transcript': 'OTTHUMT00000060555.3_1', 'remap_original_location': 'chr1:+:162356960-162357136', 'remap_status': 'full_contig177', 'feature': 'CDS', 'feature_coordinates': 'chr1:162326750-162326926', 'probegroup': 'NOS1AP', 'offset_coordinates': 'chr1:162326724-162326951', 'five_prime_bases': 33, 'three_prime_bases': 31, 'region_id': 'chr1:162326717-162326957'}","{'GRAPES2': None, 'CNVKIT': None, 'DECON': '2.92', 'GATK_GCNV': None}",False,2.92,,,,,0.8137776600179086,False
179526844,179527368,chr2,DUP,RB38140,3,1,0,0,0,40.57142857142857,0.4166665,524,"{'ID': 'CDS:ENST00000589042.5', 'Parent': 'ENST00000589042.5', 'gene_id': 'ENSG00000155657.29_1', 'transcript_id': 'ENST00000589042.5_1', 'gene_type': 'protein_coding', 'gene_name': 'TTN', 'transcript_type': 'protein_coding', 'transcript_name': 'TTN-214', 'exon_number': '178', 'exon_id': 'ENSE00002852676.1', 'level': '1', 'protein_id': 'ENSP00000467141.1', 'transcript_support_level': '5', 'hgnc_id': 'HGNC:12403', 'tag': 'inferred_exon_combination,non_submitted_evidence,basic,Ensembl_canonical,MANE_Select,appris_principal_1,exp_conf,CCDS', 'ccdsid': 'CCDS59435.1', 'havana_gene': 'OTTHUMG00000154448.23_1', 'havana_transcript': 'OTTHUMT00000450680.3_1', 'remap_original_location': 'chr2:-:178662142-178662222', 'remap_status': 'full_contig81', 'feature': 'CDS', 'feature_coordinates': 'chr2:179526869-179526949', 'probegroup': 'TTN', 'offset_coordinates': 'chr2:179526843-179526974', 'five_prime_bases': 462, 'three_prime_bases': 1954, 'region_id': 'chr2:179526407-179528903'}","{'GRAPES2': None, 'CNVKIT': None, 'DECON': '6.46', 'GATK_GCNV': None}",False,6.46,,,,,0.8137776600179086,False
86665605,86665742,chr5,DEL,RB38140,1,1,0,0,0,31.88405797101449,1.0,137,"{'ID': 'CDS:ENST00000274376.11', 'Parent': 'ENST00000274376.11', 'gene_id': 'ENSG00000145715.15_1', 'transcript_id': 'ENST00000274376.11_1', 'gene_type': 'protein_coding', 'gene_name': 'RASA1', 'transcript_type': 'protein_coding', 'transcript_name': 'RASA1-201', 'exon_number': '12', 'exon_id': 'ENSE00003510021.1', 'level': '2', 'protein_id': 'ENSP00000274376.6', 'transcript_support_level': '1', 'hgnc_id': 'HGNC:9871', 'tag': 'basic,Ensembl_canonical,MANE_Select,appris_principal_3,CCDS', 'ccdsid': 'CCDS34200.1', 'havana_gene': 'OTTHUMG00000162605.3_1', 'havana_transcript': 'OTTHUMT00000369729.2_1', 'remap_original_location': 'chr5:+:87369813-87369900', 'remap_status': 'full_contig88', 'feature': 'CDS', 'feature_coordinates': 'chr5:86665630-86665717', 'probegroup': 'RASA1', 'offset_coordinates': 'chr5:86665604-86665742', 'five_prime_bases': 77, 'three_prime_bases': 76, 'region_id': 'chr5:86665553-86665793'}","{'GRAPES2': None, 'CNVKIT': None, 'DECON': '3.86', 'GATK_GCNV': None}",False,3.86,,,,,0.8137776600179086,False
75801013,75801266,chr6,DUP,RB38140,2,1,0,0,1,31.88976377952756,1.0,253,"{'ID': 'CDS:ENST00000322507.13', 'Parent': 'ENST00000322507.13', 'gene_id': 'ENSG00000111799.22_1', 'transcript_id': 'ENST00000322507.13_1', 'gene_type': 'protein_coding', 'gene_name': 'COL12A1', 'transcript_type': 'protein_coding', 'transcript_name': 'COL12A1-201', 'exon_number': '62', 'exon_id': 'ENSE00003623045.1', 'level': '2', 'protein_id': 'ENSP00000325146.8', 'transcript_support_level': '1', 'hgnc_id': 'HGNC:2188', 'tag': 'basic,Ensembl_canonical,MANE_Select,appris_principal_2,CCDS', 'ccdsid': 'CCDS43482.1', 'havana_gene': 'OTTHUMG00000015051.8_1', 'havana_transcript': 'OTTHUMT00000041249.4_1', 'remap_original_location': 'chr6:-:75091323-75091389', 'remap_status': 'full_contig67', 'feature': 'CDS', 'feature_coordinates': 'chr6:75801039-75801105', 'probegroup': 'COL12A1', 'offset_coordinates': 'chr6:75801013-75801130', 'five_prime_bases': 76, 'three_prime_bases': 214, 'region_id': 'chr6:75800963-75801319'}","{'GRAPES2': '0.996', 'CNVKIT': None, 'DECON': '7.77', 'GATK_GCNV': None}",True,7.77,,,0.996,in_silico,0.8137776600179086,False
91570389,91570486,chr7,DEL,RB38140,1,1,0,0,0,63.26530612244898,1.0,97,"{'ID': 'CDS:ENST00000356239.8', 'Parent': 'ENST00000356239.8', 'gene_id': 'ENSG00000127914.19_1', 'transcript_id': 'ENST00000356239.8_1', 'gene_type': 'protein_coding', 'gene_name': 'AKAP9', 'transcript_type': 'protein_coding', 'transcript_name': 'AKAP9-201', 'exon_number': '1', 'exon_id': 'ENSE00001396791.4', 'level': '2', 'protein_id': 'ENSP00000348573.3', 'transcript_support_level': '1', 'hgnc_id': 'HGNC:379', 'tag': 'CAGE_supported_TSS,basic,Ensembl_canonical,MANE_Select,appris_principal_2,CCDS', 'ccdsid': 'CCDS5622.1', 'havana_gene': 'OTTHUMG00000131127.6_1', 'havana_transcript': 'OTTHUMT00000253808.3_1', 'remap_original_location': 'chr7:+:91941100-91941147', 'remap_status': 'full_contig48', 'feature': 'CDS', 'feature_coordinates': 'chr7:91570414-91570461', 'probegroup': 'AKAP9', 'offset_coordinates': 'chr7:91570388-91570486', 'five_prime_bases': 78, 'three_prime_bases': 91, 'region_id': 'chr7:91570336-91570552'}","{'GRAPES2': None, 'CNVKIT': None, 'DECON': '3.1', 'GATK_GCNV': None}",False,3.1,,,,,0.8137776600179086,False
137676809,137676967,chr9,DEL,RB38140,1,1,0,0,1,64.15094339622641,1.0,158,"{'ID': 'CDS:ENST00000371817.8', 'Parent': 'ENST00000371817.8', 'gene_id': 'ENSG00000130635.16_1', 'transcript_id': 'ENST00000371817.8_1', 'gene_type': 'protein_coding', 'gene_name': 'COL5A1', 'transcript_type': 'protein_coding', 'transcript_name': 'COL5A1-201', 'exon_number': '30', 'exon_id': 'ENSE00001722961.1', 'level': '2', 'protein_id': 'ENSP00000360882.3', 'transcript_support_level': '1', 'hgnc_id': 'HGNC:2209', 'tag': 'basic,Ensembl_canonical,MANE_Select,appris_principal_3,CCDS', 'ccdsid': 'CCDS6982.1', 'havana_gene': 'OTTHUMG00000020891.5_1', 'havana_transcript': 'OTTHUMT00000054954.4_1', 'remap_original_location': 'chr9:+:134784989-134785096', 'remap_status': 'full_contig108', 'feature': 'CDS', 'feature_coordinates': 'chr9:137676835-137676942', 'probegroup': 'COL5A1', 'offset_coordinates': 'chr9:137676809-137676967', 'five_prime_bases': 79, 'three_prime_bases': 78, 'region_id': 'chr9:137676756-137677020'}","{'GRAPES2': '0.921', 'CNVKIT': None, 'DECON': '3.98', 'GATK_GCNV': None}",False,3.98,,,0.921,,0.8137776600179086,False
88466263,88469832,chr10,DEL,RB38140,2,1,0,0,0,57.25490196078431,1.0,3569,"{'ID': 'CDS:ENST00000361373.9', 'Parent': 'ENST00000361373.9', 'gene_id': 'ENSG00000122367.21_1', 'transcript_id': 'ENST00000361373.9_1', 'gene_type': 'protein_coding', 'gene_name': 'LDB3', 'transcript_type': 'protein_coding', 'transcript_name': 'LDB3-202', 'exon_number': '8', 'exon_id': 'ENSE00001210293.1', 'level': '2', 'protein_id': 'ENSP00000355296.3', 'transcript_support_level': '1', 'hgnc_id': 'HGNC:15710', 'tag': 'CAGE_supported_TSS,basic,Ensembl_canonical,MANE_Select,appris_principal_3,CCDS', 'ccdsid': 'CCDS7377.1', 'havana_gene': 'OTTHUMG00000018655.7_1', 'havana_transcript': 'OTTHUMT00000049160.2_1', 'remap_original_location': 'chr10:+:86706531-86706719', 'remap_status': 'full_contig189', 'feature': 'CDS', 'feature_coordinates': 'chr10:88466288-88466476', 'probegroup': 'LDB3', 'offset_coordinates': 'chr10:88466262-88466501', 'five_prime_bases': 27, 'three_prime_bases': 25, 'region_id': 'chr10:88466261-88466501'}","{'GRAPES2': None, 'CNVKIT': None, 'DECON': '3.32', 'GATK_GCNV': None}",False,3.32,,,,,0.8137776600179086,False
92678597,92678754,chr10,DEL,RB38140,1,1,0,0,0,39.24050632911392,1.0,157,"{'ID': 'CDS:ENST00000371697.4', 'Parent': 'ENST00000371697.4', 'gene_id': 'ENSG00000148677.7_1', 'transcript_id': 'ENST00000371697.4_1', 'gene_type': 'protein_coding', 'gene_name': 'ANKRD1', 'transcript_type': 'protein_coding', 'transcript_name': 'ANKRD1-201', 'exon_number': '4', 'exon_id': 'ENSE00000986569.1', 'level': '2', 'protein_id': 'ENSP00000360762.3', 'transcript_support_level': '1', 'hgnc_id': 'HGNC:15819', 'tag': 'CAGE_supported_TSS,basic,Ensembl_canonical,MANE_Select,appris_principal_1,CCDS', 'ccdsid': 'CCDS7412.1', 'havana_gene': 'OTTHUMG00000018734.1_1', 'havana_transcript': 'OTTHUMT00000049357.1_1', 'remap_original_location': 'chr10:-:90918865-90918972', 'remap_status': 'full_contig108', 'feature': 'CDS', 'feature_coordinates': 'chr10:92678622-92678729', 'probegroup': 'ANKRD1', 'offset_coordinates': 'chr10:92678596-92678754', 'five_prime_bases': 79, 'three_prime_bases': 371, 'region_id': 'chr10:92678543-92679100'}","{'GRAPES2': None, 'CNVKIT': None, 'DECON': '4.05', 'GATK_GCNV': None}",False,4.05,,,,,0.8137776600179086,False
2152037,2152282,chr16,DUP,RB38140,1,1,0,0,0,65.4471544715447,0.2166668,245,"{'ID': 'CDS:ENST00000262304.9', 'Parent': 'ENST00000262304.9', 'gene_id': 'ENSG00000008710.20_1', 'transcript_id': 'ENST00000262304.9_1', 'gene_type': 'protein_coding', 'gene_name': 'PKD1', 'transcript_type': 'protein_coding', 'transcript_name': 'PKD1-201', 'exon_number': '26', 'exon_id': 'ENSE00003665951.1', 'level': '2', 'protein_id': 'ENSP00000262304.4', 'transcript_support_level': '1', 'hgnc_id': 'HGNC:9008', 'tag': 'basic,Ensembl_canonical,MANE_Select,appris_principal_3,CCDS', 'ccdsid': 'CCDS32369.1', 'havana_gene': 'OTTHUMG00000155795.6_1', 'havana_transcript': 'OTTHUMT00000341688.2_1', 'remap_original_location': 'chr16:-:2102061-2102256', 'remap_status': 'full_contig196', 'feature': 'CDS', 'feature_coordinates': 'chr16:2152062-2152257', 'probegroup': 'PKD1', 'offset_coordinates': 'chr16:2152036-2152282', 'five_prime_bases': 35, 'three_prime_bases': 791, 'region_id': 'chr16:2152027-2153048'}","{'GRAPES2': None, 'CNVKIT': None, 'DECON': '3.42', 'GATK_GCNV': None}",False,3.42,,,,,0.8137776600179086,False
33038231,33038342,chrX,DEL,RB38140,1,1,0,0,0,25.0,1.0,111,"{'ID': 'CDS:ENST00000357033.9', 'Parent': 'ENST00000357033.9', 'gene_id': 'ENSG00000198947.18_1', 'transcript_id': 'ENST00000357033.9_1', 'gene_type': 'protein_coding', 'gene_name': 'DMD', 'transcript_type': 'protein_coding', 'transcript_name': 'DMD-203', 'exon_number': '2', 'exon_id': 'ENSE00003463064.1', 'level': '2', 'protein_id': 'ENSP00000354923.3', 'transcript_support_level': '1', 'hgnc_id': 'HGNC:2928', 'tag': 'basic,Ensembl_canonical,MANE_Select,appris_principal_3,CCDS', 'ccdsid': 'CCDS14233.1', 'havana_gene': 'OTTHUMG00000021336.7_1', 'havana_transcript': 'OTTHUMT00000056182.2_1', 'remap_original_location': 'chrX:-:33020139-33020200', 'remap_status': 'full_contig62', 'feature': 'CDS', 'feature_coordinates': 'chrX:33038256-33038317', 'probegroup': 'DMD', 'offset_coordinates': 'chrX:33038230-33038342', 'five_prime_bases': 78, 'three_prime_bases': 77, 'region_id': 'chrX:33038178-33038394'}","{'GRAPES2': None, 'CNVKIT': None, 'DECON': '2.3', 'GATK_GCNV': None}",False,2.3,,,,,0.8137776600179086,False
108366446,108397595,chr9,DUP,RB38155,6,1,1,0,1,35.65650080256822,0.13981817105204453,31149,"{'ID': 'CDS:ENST00000357998.10', 'Parent': 'ENST00000357998.10', 'gene_id': 'ENSG00000106692.15_1', 'transcript_id': 'ENST00000357998.10_1', 'gene_type': 'protein_coding', 'gene_name': 'FKTN', 'transcript_type': 'protein_coding', 'transcript_name': 'FKTN-202', 'exon_number': '6', 'exon_id': 'ENSE00003460668.1', 'level': '2', 'protein_id': 'ENSP00000350687.6', 'transcript_support_level': '5', 'hgnc_id': 'HGNC:3622', 'tag': 'alternative_5_UTR,basic,Ensembl_canonical,MANE_Select,appris_principal_1,CCDS', 'ccdsid': 'CCDS6766.1', 'havana_gene': 'OTTHUMG00000020425.7_1', 'havana_transcript': 'OTTHUMT00000053508.2_1', 'remap_original_location': 'chr9:+:105604215-105604492', 'remap_status': 'full_contig278', 'feature': 'CDS', 'feature_coordinates': 'chr9:108366496-108366773', 'probegroup': 'FKTN', 'offset_coordinates': 'chr9:108366470-108366798', 'five_prime_bases': 30, 'three_prime_bases': 29, 'region_id': 'chr9:108366466-108366802'}","{'GRAPES2': '1.0', 'CNVKIT': None, 'DECON': '169', 'GATK_GCNV': '562.17'}",True,169,562.17,,1.0,in_silico,0.9144763149789654,False
112884030,112884252,chr12,DUP,RB38155,1,1,1,0,1,39.91031390134529,0.70833325,222,"{'ID': 'CDS:ENST00000351677.7', 'Parent': 'ENST00000351677.7', 'gene_id': 'ENSG00000179295.19_1', 'transcript_id': 'ENST00000351677.7_1', 'gene_type': 'protein_coding', 'gene_name': 'PTPN11', 'transcript_type': 'protein_coding', 'transcript_name': 'PTPN11-201', 'exon_number': '2', 'exon_id': 'ENSE00000834910.1', 'level': '2', 'protein_id': 'ENSP00000340944.3', 'transcript_support_level': '1', 'hgnc_id': 'HGNC:9644', 'tag': 'basic,Ensembl_canonical,MANE_Select,appris_principal_3,CCDS', 'ccdsid': 'CCDS9163.1', 'havana_gene': 'OTTHUMG00000134334.4_1', 'havana_transcript': 'OTTHUMT00000259496.2_1', 'remap_original_location': 'chr12:+:112446276-112446398', 'remap_status': 'full_contig123', 'feature': 'CDS', 'feature_coordinates': 'chr12:112884080-112884202', 'probegroup': 'PTPN11', 'offset_coordinates': 'chr12:112884054-112884227', 'five_prime_bases': 84, 'three_prime_bases': 82, 'region_id': 'chr12:112883996-112884284'}","{'GRAPES2': '0.526', 'CNVKIT': None, 'DECON': '33.6', 'GATK_GCNV': '60.17'}",True,33.6,60.17,,0.526,in_silico,0.9144763149789654,False
48905157,48905339,chr15,DEL,RB38155,1,1,1,0,1,36.6120218579235,1.0,182,"{'ID': 'CDS:ENST00000316623.10', 'Parent': 'ENST00000316623.10', 'gene_id': 'ENSG00000166147.15_1', 'transcript_id': 'ENST00000316623.10_1', 'gene_type': 'protein_coding', 'gene_name': 'FBN1', 'transcript_type': 'protein_coding', 'transcript_name': 'FBN1-201', 'exon_number': '3', 'exon_id': 'ENSE00001761744.1', 'level': '2', 'protein_id': 'ENSP00000325527.5', 'transcript_support_level': '1', 'hgnc_id': 'HGNC:3603', 'tag': 'CAGE_supported_TSS,basic,Ensembl_canonical,MANE_Select,appris_principal_1,CCDS', 'ccdsid': 'CCDS32232.1', 'havana_gene': 'OTTHUMG00000172218.3_1', 'havana_transcript': 'OTTHUMT00000417355.3_1', 'remap_original_location': 'chr15:-:48613010-48613092', 'remap_status': 'full_contig83', 'feature': 'CDS', 'feature_coordinates': 'chr15:48905207-48905289', 'probegroup': 'FBN1', 'offset_coordinates': 'chr15:48905181-48905314', 'five_prime_bases': 80, 'three_prime_bases': 78, 'region_id': 'chr15:48905127-48905367'}","{'GRAPES2': '0.618', 'CNVKIT': None, 'DECON': '18.9', 'GATK_GCNV': '384.52'}",False,18.9,384.52,,0.618,,0.9144763149789654,False
45353654,45362523,chr20,DEL,RB38155,4,1,1,0,1,51.55580608793686,0.08296775911764707,8869,"{'ID': 'CDS:ENST00000359271.4', 'Parent': 'ENST00000359271.4', 'gene_id': 'ENSG00000197496.6_1', 'transcript_id': 'ENST00000359271.4_1', 'gene_type': 'protein_coding', 'gene_name': 'SLC2A10', 'transcript_type': 'protein_coding', 'transcript_name': 'SLC2A10-201', 'exon_number': '2', 'exon_id': 'ENSE00000845209.3', 'level': '2', 'protein_id': 'ENSP00000352216.2', 'transcript_support_level': '1', 'hgnc_id': 'HGNC:13444', 'tag': 'basic,Ensembl_canonical,MANE_Select,appris_principal_1,CCDS', 'ccdsid': 'CCDS13402.1', 'havana_gene': 'OTTHUMG00000032657.5_1', 'havana_transcript': 'OTTHUMT00000079578.4_1', 'remap_original_location': 'chr20:+:46725041-46726324', 'remap_status': 'full_contig1284', 'feature': 'CDS', 'feature_coordinates': 'chr20:45353680-45354963', 'probegroup': 'SLC2A10', 'offset_coordinates': 'chr20:45353654-45354988', 'five_prime_bases': 31, 'three_prime_bases': 30, 'region_id': 'chr20:45353649-45354993'}","{'GRAPES2': '0.987', 'CNVKIT': None, 'DECON': '105', 'GATK_GCNV': '1214.22'}",True,105,1214.22,,0.987,in_silico,0.9144763149789654,False
179522974,179523107,chr2,DUP,RB38155,1,1,0,0,0,41.04477611940299,0.4166665,133,"{'ID': 'CDS:ENST00000589042.5', 'Parent': 'ENST00000589042.5', 'gene_id': 'ENSG00000155657.29_1', 'transcript_id': 'ENST00000589042.5_1', 'gene_type': 'protein_coding', 'gene_name': 'TTN', 'transcript_type': 'protein_coding', 'transcript_name': 'TTN-214', 'exon_number': '185', 'exon_id': 'ENSE00002961719.1', 'level': '1', 'protein_id': 'ENSP00000467141.1', 'transcript_support_level': '5', 'hgnc_id': 'HGNC:12403', 'tag': 'inferred_exon_combination,non_submitted_evidence,basic,Ensembl_canonical,MANE_Select,appris_principal_1,exp_conf,CCDS', 'ccdsid': 'CCDS59435.1', 'havana_gene': 'OTTHUMG00000154448.23_1', 'havana_transcript': 'OTTHUMT00000450680.3_1', 'remap_original_location': 'chr2:-:178658272-178658355', 'remap_status': 'full_contig84', 'feature': 'CDS', 'feature_coordinates': 'chr2:179522999-179523082', 'probegroup': 'TTN', 'offset_coordinates': 'chr2:179522973-179523107', 'five_prime_bases': 853, 'three_prime_bases': 978, 'region_id': 'chr2:179522146-179524060'}","{'GRAPES2': None, 'CNVKIT': None, 'DECON': '4.16', 'GATK_GCNV': None}",False,4.16,,,,,0.9144763149789654,False
179526844,179527368,chr2,DUP,RB38155,3,1,0,0,0,40.57142857142857,0.4166665,524,"{'ID': 'CDS:ENST00000589042.5', 'Parent': 'ENST00000589042.5', 'gene_id': 'ENSG00000155657.29_1', 'transcript_id': 'ENST00000589042.5_1', 'gene_type': 'protein_coding', 'gene_name': 'TTN', 'transcript_type': 'protein_coding', 'transcript_name': 'TTN-214', 'exon_number': '178', 'exon_id': 'ENSE00002852676.1', 'level': '1', 'protein_id': 'ENSP00000467141.1', 'transcript_support_level': '5', 'hgnc_id': 'HGNC:12403', 'tag': 'inferred_exon_combination,non_submitted_evidence,basic,Ensembl_canonical,MANE_Select,appris_principal_1,exp_conf,CCDS', 'ccdsid': 'CCDS59435.1', 'havana_gene': 'OTTHUMG00000154448.23_1', 'havana_transcript': 'OTTHUMT00000450680.3_1', 'remap_original_location': 'chr2:-:178662142-178662222', 'remap_status': 'full_contig81', 'feature': 'CDS', 'feature_coordinates': 'chr2:179526869-179526949', 'probegroup': 'TTN', 'offset_coordinates': 'chr2:179526843-179526974', 'five_prime_bases': 462, 'three_prime_bases': 1954, 'region_id': 'chr2:179526407-179528903'}","{'GRAPES2': None, 'CNVKIT': None, 'DECON': '22.4', 'GATK_GCNV': None}",False,22.4,,,,,0.9144763149789654,False
22005006,22005464,chr12,DEL,RB38155,2,1,0,0,0,37.254901960784316,1.0,458,"{'ID': 'CDS:ENST00000261200.9', 'Parent': 'ENST00000261200.9', 'gene_id': 'ENSG00000069431.14_1', 'transcript_id': 'ENST00000261200.9_1', 'gene_type': 'protein_coding', 'gene_name': 'ABCC9', 'transcript_type': 'protein_coding', 'transcript_name': 'ABCC9-201', 'exon_number': '24', 'exon_id': 'ENSE00000822309.1', 'level': '2', 'protein_id': 'ENSP00000261200.4', 'transcript_support_level': '5', 'hgnc_id': 'HGNC:60', 'tag': 'CAGE_supported_TSS,basic,Ensembl_canonical,MANE_Select,appris_principal_5,CCDS', 'ccdsid': 'CCDS8693.1', 'havana_gene': 'OTTHUMG00000169094.4_1', 'havana_transcript': 'OTTHUMT00000402228.2_1', 'remap_original_location': 'chr12:-:21852097-21852222', 'remap_status': 'full_contig126', 'feature': 'CDS', 'feature_coordinates': 'chr12:22005031-22005156', 'probegroup': 'ABCC9', 'offset_coordinates': 'chr12:22005005-22005181', 'five_prime_bases': 82, 'three_prime_bases': 358, 'region_id': 'chr12:22004949-22005514'}","{'GRAPES2': None, 'CNVKIT': None, 'DECON': '6.71', 'GATK_GCNV': None}",False,6.71,,,,,0.9144763149789654,False
78401458,78401779,chr1,DEL,RB38151,1,1,1,0,0,31.05590062111801,1.0,321,"{'ID': 'CDS:ENST00000334785.12', 'Parent': 'ENST00000334785.12', 'gene_id': 'ENSG00000162614.19_1', 'transcript_id': 'ENST00000334785.12_1', 'gene_type': 'protein_coding', 'gene_name': 'NEXN', 'transcript_type': 'protein_coding', 'transcript_name': 'NEXN-202', 'exon_number': '11', 'exon_id': 'ENSE00003593345.1', 'level': '2', 'protein_id': 'ENSP00000333938.7', 'transcript_support_level': '1', 'hgnc_id': 'HGNC:29557', 'tag': 'basic,Ensembl_canonical,MANE_Select,appris_principal_3,CCDS', 'ccdsid': 'CCDS41351.1', 'havana_gene': 'OTTHUMG00000040533.4_1', 'havana_transcript': 'OTTHUMT00000097549.1_1', 'remap_original_location': 'chr1:+:77935823-77936044', 'remap_status': 'full_contig222', 'feature': 'CDS', 'feature_coordinates': 'chr1:78401508-78401729', 'probegroup': 'NEXN', 'offset_coordinates': 'chr1:78401482-78401754', 'five_prime_bases': 34, 'three_prime_bases': 33, 'region_id': 'chr1:78401474-78401762'}","{'GRAPES2': None, 'CNVKIT': None, 'DECON': '3.49', 'GATK_GCNV': '22.05'}",False,3.49,22.05,,,,0.896449639459776,False
218578461,218610888,chr1,DUP,RB38151,5,1,1,0,1,41.22671765141236,0.1545721468114755,32427,"{'ID': 'CDS:ENST00000366930.9', 'Parent': 'ENST00000366930.9', 'gene_id': 'ENSG00000092969.12_1', 'transcript_id': 'ENST00000366930.9_1', 'gene_type': 'protein_coding', 'gene_name': 'TGFB2', 'transcript_type': 'protein_coding', 'transcript_name': 'TGFB2-202', 'exon_number': '2', 'exon_id': 'ENSE00003505024.1', 'level': '2', 'protein_id': 'ENSP00000355897.4', 'transcript_support_level': '1', 'hgnc_id': 'HGNC:11768', 'tag': 'basic,Ensembl_canonical,MANE_Select,appris_principal_1,CCDS', 'ccdsid': 'CCDS1521.1', 'havana_gene': 'OTTHUMG00000039521.3_1', 'havana_transcript': 'OTTHUMT00000095359.3_1', 'remap_original_location': 'chr1:+:218405169-218405332', 'remap_status': 'full_contig164', 'feature': 'CDS', 'feature_coordinates': 'chr1:218578511-218578674', 'probegroup': 'TGFB2', 'offset_coordinates': 'chr1:218578485-218578699', 'five_prime_bases': 76, 'three_prime_bases': 73, 'region_id': 'chr1:218578435-218578747'}","{'GRAPES2': '1.0', 'CNVKIT': None, 'DECON': '59.3', 'GATK_GCNV': '247.66'}",True,59.3,247.66,,1.0,in_silico,0.896449639459776,False
151265752,151329274,chr7,DEL,RB38151,7,1,1,0,1,44.79794720022669,0.31125239120218606,63522,"{'ID': 'CDS:ENST00000287878.9', 'Parent': 'ENST00000287878.9', 'gene_id': 'ENSG00000106617.15_1', 'transcript_id': 'ENST00000287878.9_1', 'gene_type': 'protein_coding', 'gene_name': 'PRKAG2', 'transcript_type': 'protein_coding', 'transcript_name': 'PRKAG2-201', 'exon_number': '11', 'exon_id': 'ENSE00000730281.1', 'level': '2', 'protein_id': 'ENSP00000287878.3', 'transcript_support_level': '1', 'hgnc_id': 'HGNC:9386', 'tag': 'CAGE_supported_TSS,basic,Ensembl_canonical,MANE_Select,appris_principal_3,CCDS', 'ccdsid': 'CCDS5928.1', 'havana_gene': 'OTTHUMG00000157324.26_1', 'havana_transcript': 'OTTHUMT00000348440.4_1', 'remap_original_location': 'chr7:-:151568716-151568842', 'remap_status': 'full_contig127', 'feature': 'CDS', 'feature_coordinates': 'chr7:151265802-151265928', 'probegroup': 'PRKAG2', 'offset_coordinates': 'chr7:151265776-151265953', 'five_prime_bases': 82, 'three_prime_bases': 80, 'region_id': 'chr7:151265720-151266008'}","{'GRAPES2': '0.868', 'CNVKIT': None, 'DECON': '44.5', 'GATK_GCNV': '774.08'}",True,44.5,774.08,,0.868,in_silico,0.896449639459776,False
22001034,22001230,chr12,DUP,RB38151,1,1,1,0,1,42.63959390862944,1.0,196,"{'ID': 'CDS:ENST00000261200.9', 'Parent': 'ENST00000261200.9', 'gene_id': 'ENSG00000069431.14_1', 'transcript_id': 'ENST00000261200.9_1', 'gene_type': 'protein_coding', 'gene_name': 'ABCC9', 'transcript_type': 'protein_coding', 'transcript_name': 'ABCC9-201', 'exon_number': '25', 'exon_id': 'ENSE00000726951.1', 'level': '2', 'protein_id': 'ENSP00000261200.4', 'transcript_support_level': '5', 'hgnc_id': 'HGNC:60', 'tag': 'CAGE_supported_TSS,basic,Ensembl_canonical,MANE_Select,appris_principal_5,CCDS', 'ccdsid': 'CCDS8693.1', 'havana_gene': 'OTTHUMG00000169094.4_1', 'havana_transcript': 'OTTHUMT00000402228.2_1', 'remap_original_location': 'chr12:-:21848150-21848246', 'remap_status': 'full_contig97', 'feature': 'CDS', 'feature_coordinates': 'chr12:22001084-22001180', 'probegroup': 'ABCC9', 'offset_coordinates': 'chr12:22001058-22001205', 'five_prime_bases': 85, 'three_prime_bases': 83, 'region_id': 'chr12:22000999-22001263'}","{'GRAPES2': '0.426', 'CNVKIT': None, 'DECON': '10.1', 'GATK_GCNV': '25.84'}",True,10.1,25.84,,0.426,in_silico,0.896449639459776,False
112924229,112924483,chr12,DEL,RB38151,1,1,1,0,1,58.03921568627452,1.0,254,"{'ID': 'CDS:ENST00000351677.7', 'Parent': 'ENST00000351677.7', 'gene_id': 'ENSG00000179295.19_1', 'transcript_id': 'ENST00000351677.7_1', 'gene_type': 'protein_coding', 'gene_name': 'PTPN11', 'transcript_type': 'protein_coding', 'transcript_name': 'PTPN11-201', 'exon_number': '11', 'exon_id': 'ENSE00000755335.1', 'level': '2', 'protein_id': 'ENSP00000340944.3', 'transcript_support_level': '1', 'hgnc_id': 'HGNC:9644', 'tag': 'basic,Ensembl_canonical,MANE_Select,appris_principal_3,CCDS', 'ccdsid': 'CCDS9163.1', 'havana_gene': 'OTTHUMG00000134334.4_1', 'havana_transcript': 'OTTHUMT00000259496.2_1', 'remap_original_location': 'chr12:+:112486475-112486629', 'remap_status': 'full_contig155', 'feature': 'CDS', 'feature_coordinates': 'chr12:112924279-112924433', 'probegroup': 'PTPN11', 'offset_coordinates': 'chr12:112924253-112924458', 'five_prime_bases': 48, 'three_prime_bases': 38, 'region_id': 'chr12:112924231-112924471'}","{'GRAPES2': '0.628', 'CNVKIT': None, 'DECON': '7.76', 'GATK_GCNV': '82.98'}",True,7.76,82.98,,0.628,in_silico,0.896449639459776,False
40401820,40402007,chr2,DEL,RB38151,2,1,0,0,1,26.595744680851062,1.0,187,"{'ID': 'CDS:ENST00000332839.8', 'Parent': 'ENST00000332839.8', 'gene_id': 'ENSG00000183023.18_1', 'transcript_id': 'ENST00000332839.8_1', 'gene_type': 'protein_coding', 'gene_name': 'SLC8A1', 'transcript_type': 'protein_coding', 'transcript_name': 'SLC8A1-201', 'exon_number': '5', 'exon_id': 'ENSE00002494453.1', 'level': '3', 'protein_id': 'ENSP00000332931.4', 'transcript_support_level': '1', 'hgnc_id': 'HGNC:11068', 'tag': 'basic,appris_principal_3,CCDS', 'ccdsid': 'CCDS1806.1', 'havana_gene': 'OTTHUMG00000102183.9_1', 'remap_original_location': 'chr2:-:40174706-40174720', 'remap_status': 'full_contig15', 'feature': 'CDS', 'feature_coordinates': 'chr2:40401846-40401860', 'probegroup': 'SLC8A1', 'offset_coordinates': 'chr2:40401820-40401885', 'five_prime_bases': 78, 'three_prime_bases': 197, 'region_id': 'chr2:40401768-40402057'}","{'GRAPES2': '0.861', 'CNVKIT': None, 'DECON': '3.84', 'GATK_GCNV': None}",False,3.84,,,0.861,,0.896449639459776,False
179518519,179519747,chr2,DUP,RB38151,6,1,0,0,0,40.2766476810415,0.4833332,1228,"{'ID': 'CDS:ENST00000589042.5', 'Parent': 'ENST00000589042.5', 'gene_id': 'ENSG00000155657.29_1', 'transcript_id': 'ENST00000589042.5_1', 'gene_type': 'protein_coding', 'gene_name': 'TTN', 'transcript_type': 'protein_coding', 'transcript_name': 'TTN-214', 'exon_number': '195', 'exon_id': 'ENSE00002771288.1', 'level': '1', 'protein_id': 'ENSP00000467141.1', 'transcript_support_level': '5', 'hgnc_id': 'HGNC:12403', 'tag': 'inferred_exon_combination,non_submitted_evidence,basic,Ensembl_canonical,MANE_Select,appris_principal_1,exp_conf,CCDS', 'ccdsid': 'CCDS59435.1', 'havana_gene': 'OTTHUMG00000154448.23_1', 'havana_transcript': 'OTTHUMT00000450680.3_1', 'remap_original_location': 'chr2:-:178653817-178653897', 'remap_status': 'full_contig81', 'feature': 'CDS', 'feature_coordinates': 'chr2:179518544-179518624', 'probegroup': 'TTN', 'offset_coordinates': 'chr2:179518518-179518649', 'five_prime_bases': 2656, 'three_prime_bases': 1176, 'region_id': 'chr2:179515888-179519800'}","{'GRAPES2': None, 'CNVKIT': None, 'DECON': '46.1', 'GATK_GCNV': None}",False,46.1,,,,,0.896449639459776,False
179522583,179522909,chr2,DEL,RB38151,2,1,0,0,0,41.896024464831804,0.333333,326,"{'ID': 'CDS:ENST00000589042.5', 'Parent': 'ENST00000589042.5', 'gene_id': 'ENSG00000155657.29_1', 'transcript_id': 'ENST00000589042.5_1', 'gene_type': 'protein_coding', 'gene_name': 'TTN', 'transcript_type': 'protein_coding', 'transcript_name': 'TTN-214', 'exon_number': '187', 'exon_id': 'ENSE00002960777.1', 'level': '1', 'protein_id': 'ENSP00000467141.1', 'transcript_support_level': '5', 'hgnc_id': 'HGNC:12403', 'tag': 'inferred_exon_combination,non_submitted_evidence,basic,Ensembl_canonical,MANE_Select,appris_principal_1,exp_conf,CCDS', 'ccdsid': 'CCDS59435.1', 'havana_gene': 'OTTHUMG00000154448.23_1', 'havana_transcript': 'OTTHUMT00000450680.3_1', 'remap_original_location': 'chr2:-:178657881-178657961', 'remap_status': 'full_contig81', 'feature': 'CDS', 'feature_coordinates': 'chr2:179522608-179522688', 'probegroup': 'TTN', 'offset_coordinates': 'chr2:179522582-179522713', 'five_prime_bases': 462, 'three_prime_bases': 1372, 'region_id': 'chr2:179522146-179524060'}","{'GRAPES2': None, 'CNVKIT': None, 'DECON': '8.42', 'GATK_GCNV': None}",False,8.42,,,,,0.896449639459776,False
179523407,179524007,chr2,DEL,RB38151,3,1,0,0,0,39.267886855241265,0.361111,600,"{'ID': 'CDS:ENST00000589042.5', 'Parent': 'ENST00000589042.5', 'gene_id': 'ENSG00000155657.29_1', 'transcript_id': 'ENST00000589042.5_1', 'gene_type': 'protein_coding', 'gene_name': 'TTN', 'transcript_type': 'protein_coding', 'transcript_name': 'TTN-214', 'exon_number': '183', 'exon_id': 'ENSE00002862985.1', 'level': '1', 'protein_id': 'ENSP00000467141.1', 'transcript_support_level': '5', 'hgnc_id': 'HGNC:12403', 'tag': 'inferred_exon_combination,non_submitted_evidence,basic,Ensembl_canonical,MANE_Select,appris_principal_1,exp_conf,CCDS', 'ccdsid': 'CCDS59435.1', 'havana_gene': 'OTTHUMG00000154448.23_1', 'havana_transcript': 'OTTHUMT00000450680.3_1', 'remap_original_location': 'chr2:-:178658705-178658794', 'remap_status': 'full_contig90', 'feature': 'CDS', 'feature_coordinates': 'chr2:179523432-179523521', 'probegroup': 'TTN', 'offset_coordinates': 'chr2:179523406-179523546', 'five_prime_bases': 1286, 'three_prime_bases': 539, 'region_id': 'chr2:179522146-179524060'}","{'GRAPES2': None, 'CNVKIT': None, 'DECON': '5.74', 'GATK_GCNV': None}",False,5.74,,,,,0.896449639459776,False
189968965,189969028,chr2,DEL,RB38151,1,1,0,0,0,31.25,1.0,63,"{'ID': 'CDS:ENST00000374866.9', 'Parent': 'ENST00000374866.9', 'gene_id': 'ENSG00000204262.14_1', 'transcript_id': 'ENST00000374866.9_1', 'gene_type': 'protein_coding', 'gene_name': 'COL5A2', 'transcript_type': 'protein_coding', 'transcript_name': 'COL5A2-201', 'exon_number': '3', 'exon_id': 'ENSE00002480324.1', 'level': '2', 'protein_id': 'ENSP00000364000.3', 'transcript_support_level': '1', 'hgnc_id': 'HGNC:2210', 'tag': 'basic,Ensembl_canonical,MANE_Select,appris_principal_1,CCDS', 'ccdsid': 'CCDS33350.1', 'havana_gene': 'OTTHUMG00000149842.5_1', 'havana_transcript': 'OTTHUMT00000313523.3_1', 'remap_original_location': 'chr2:-:189104264-189104277', 'remap_status': 'full_contig14', 'feature': 'CDS', 'feature_coordinates': 'chr2:189968990-189969003', 'probegroup': 'COL5A2', 'offset_coordinates': 'chr2:189968964-189969028', 'five_prime_bases': 78, 'three_prime_bases': 77, 'region_id': 'chr2:189968912-189969080'}","{'GRAPES2': None, 'CNVKIT': None, 'DECON': '2.71', 'GATK_GCNV': None}",False,2.71,,,,,0.896449639459776,False
120085341,120107380,chr4,DUP,RB38151,2,1,0,0,0,39.23321234119782,0.2532916453521127,22039,"{'ID': 'CDS:ENST00000307128.6', 'Parent': 'ENST00000307128.6', 'gene_id': 'ENSG00000172399.6_1', 'transcript_id': 'ENST00000307128.6_1', 'gene_type': 'protein_coding', 'gene_name': 'MYOZ2', 'transcript_type': 'protein_coding', 'transcript_name': 'MYOZ2-201', 'exon_number': '5', 'exon_id': 'ENSE00001161353.1', 'level': '2', 'protein_id': 'ENSP00000306997.6', 'transcript_support_level': '1', 'hgnc_id': 'HGNC:1330', 'tag': 'basic,Ensembl_canonical,MANE_Select,appris_principal_1,CCDS', 'ccdsid': 'CCDS3711.1', 'havana_gene': 'OTTHUMG00000132968.2_1', 'havana_transcript': 'OTTHUMT00000256526.2_1', 'remap_original_location': 'chr4:+:119164211-119164394', 'remap_status': 'full_contig184', 'feature': 'CDS', 'feature_coordinates': 'chr4:120085366-120085549', 'probegroup': 'MYOZ2', 'offset_coordinates': 'chr4:120085340-120085574', 'five_prime_bases': 29, 'three_prime_bases': 28, 'region_id': 'chr4:120085337-120085577'}","{'GRAPES2': None, 'CNVKIT': None, 'DECON': '16.8', 'GATK_GCNV': None}",False,16.8,,,,,0.896449639459776,False
92678597,92678754,chr10,DEL,RB38151,1,1,0,0,0,39.24050632911392,1.0,157,"{'ID': 'CDS:ENST00000371697.4', 'Parent': 'ENST00000371697.4', 'gene_id': 'ENSG00000148677.7_1', 'transcript_id': 'ENST00000371697.4_1', 'gene_type': 'protein_coding', 'gene_name': 'ANKRD1', 'transcript_type': 'protein_coding', 'transcript_name': 'ANKRD1-201', 'exon_number': '4', 'exon_id': 'ENSE00000986569.1', 'level': '2', 'protein_id': 'ENSP00000360762.3', 'transcript_support_level': '1', 'hgnc_id': 'HGNC:15819', 'tag': 'CAGE_supported_TSS,basic,Ensembl_canonical,MANE_Select,appris_principal_1,CCDS', 'ccdsid': 'CCDS7412.1', 'havana_gene': 'OTTHUMG00000018734.1_1', 'havana_transcript': 'OTTHUMT00000049357.1_1', 'remap_original_location': 'chr10:-:90918865-90918972', 'remap_status': 'full_contig108', 'feature': 'CDS', 'feature_coordinates': 'chr10:92678622-92678729', 'probegroup': 'ANKRD1', 'offset_coordinates': 'chr10:92678596-92678754', 'five_prime_bases': 79, 'three_prime_bases': 371, 'region_id': 'chr10:92678543-92679100'}","{'GRAPES2': None, 'CNVKIT': None, 'DECON': '4.55', 'GATK_GCNV': None}",False,4.55,,,,,0.896449639459776,False
48757740,48758080,chr15,DUP,RB38151,2,1,0,0,0,41.05571847507331,1.0,340,"{'ID': 'CDS:ENST00000316623.10', 'Parent': 'ENST00000316623.10', 'gene_id': 'ENSG00000166147.15_1', 'transcript_id': 'ENST00000316623.10_1', 'gene_type': 'protein_coding', 'gene_name': 'FBN1', 'transcript_type': 'protein_coding', 'transcript_name': 'FBN1-201', 'exon_number': '40', 'exon_id': 'ENSE00003600692.1', 'level': '2', 'protein_id': 'ENSP00000325527.5', 'transcript_support_level': '1', 'hgnc_id': 'HGNC:3603', 'tag': 'CAGE_supported_TSS,basic,Ensembl_canonical,MANE_Select,appris_principal_1,CCDS', 'ccdsid': 'CCDS32232.1', 'havana_gene': 'OTTHUMG00000172218.3_1', 'havana_transcript': 'OTTHUMT00000417355.3_1', 'remap_original_location': 'chr15:-:48465568-48465693', 'remap_status': 'full_contig126', 'feature': 'CDS', 'feature_coordinates': 'chr15:48757765-48757890', 'probegroup': 'FBN1', 'offset_coordinates': 'chr15:48757739-48757915', 'five_prime_bases': 82, 'three_prime_bases': 238, 'region_id': 'chr15:48757683-48758128'}","{'GRAPES2': None, 'CNVKIT': None, 'DECON': '14.5', 'GATK_GCNV': None}",False,14.5,,,,,0.896449639459776,False
2152037,2152282,chr16,DUP,RB38151,1,1,0,0,0,65.4471544715447,0.2166668,245,"{'ID': 'CDS:ENST00000262304.9', 'Parent': 'ENST00000262304.9', 'gene_id': 'ENSG00000008710.20_1', 'transcript_id': 'ENST00000262304.9_1', 'gene_type': 'protein_coding', 'gene_name': 'PKD1', 'transcript_type': 'protein_coding', 'transcript_name': 'PKD1-201', 'exon_number': '26', 'exon_id': 'ENSE00003665951.1', 'level': '2', 'protein_id': 'ENSP00000262304.4', 'transcript_support_level': '1', 'hgnc_id': 'HGNC:9008', 'tag': 'basic,Ensembl_canonical,MANE_Select,appris_principal_3,CCDS', 'ccdsid': 'CCDS32369.1', 'havana_gene': 'OTTHUMG00000155795.6_1', 'havana_transcript': 'OTTHUMT00000341688.2_1', 'remap_original_location': 'chr16:-:2102061-2102256', 'remap_status': 'full_contig196', 'feature': 'CDS', 'feature_coordinates': 'chr16:2152062-2152257', 'probegroup': 'PKD1', 'offset_coordinates': 'chr16:2152036-2152282', 'five_prime_bases': 35, 'three_prime_bases': 791, 'region_id': 'chr16:2152027-2153048'}","{'GRAPES2': None, 'CNVKIT': None, 'DECON': '6.11', 'GATK_GCNV': None}",False,6.11,,,,,0.896449639459776,False
50138808,50140412,chr19,DEL,RB38151,5,1,0,0,0,62.18068535825545,1.0,1604,"{'ID': 'CDS:ENST00000246792.4', 'Parent': 'ENST00000246792.4', 'gene_id': 'ENSG00000126458.4_1', 'transcript_id': 'ENST00000246792.4_1', 'gene_type': 'protein_coding', 'gene_name': 'RRAS', 'transcript_type': 'protein_coding', 'transcript_name': 'RRAS-201', 'exon_number': '6', 'exon_id': 'ENSE00001271700.7', 'level': '2', 'protein_id': 'ENSP00000246792.2', 'transcript_support_level': '1', 'hgnc_id': 'HGNC:10447', 'tag': 'basic,Ensembl_canonical,MANE_Select,appris_principal_1,CCDS', 'ccdsid': 'CCDS12774.1', 'havana_gene': 'OTTHUMG00000183247.2_1', 'havana_transcript': 'OTTHUMT00000465791.2_1', 'remap_original_location': 'chr19:-:49635576-49635660', 'remap_status': 'full_contig85', 'feature': 'CDS', 'feature_coordinates': 'chr19:50138833-50138917', 'probegroup': 'RRAS', 'offset_coordinates': 'chr19:50138807-50138942', 'five_prime_bases': 79, 'three_prime_bases': 276, 'region_id': 'chr19:50138754-50139193'}","{'GRAPES2': None, 'CNVKIT': None, 'DECON': '72.7', 'GATK_GCNV': None}",False,72.7,,,,,0.896449639459776,False
30648326,30730053,chr3,DUP,RB38150,6,1,1,0,1,40.56871574001566,0.2760921108097563,81727,"{'ID': 'CDS:ENST00000295754.10', 'Parent': 'ENST00000295754.10', 'gene_id': 'ENSG00000163513.19_1', 'transcript_id': 'ENST00000295754.10_1', 'gene_type': 'protein_coding', 'gene_name': 'TGFBR2', 'transcript_type': 'protein_coding', 'transcript_name': 'TGFBR2-201', 'exon_number': '1', 'exon_id': 'ENSE00002704195.1', 'level': '2', 'protein_id': 'ENSP00000295754.5', 'transcript_support_level': '1', 'hgnc_id': 'HGNC:11773', 'tag': 'CAGE_supported_TSS,basic,Ensembl_canonical,MANE_Select,appris_principal_1,CCDS', 'ccdsid': 'CCDS2648.1', 'havana_gene': 'OTTHUMG00000130569.8_1', 'havana_transcript': 'OTTHUMT00000252994.3_1', 'remap_original_location': 'chr3:+:30606884-30606977', 'remap_status': 'full_contig94', 'feature': 'CDS', 'feature_coordinates': 'chr3:30648376-30648469', 'probegroup': 'TGFBR2', 'offset_coordinates': 'chr3:30648350-30648494', 'five_prime_bases': 74, 'three_prime_bases': 73, 'region_id': 'chr3:30648302-30648542'}","{'GRAPES2': '1.0', 'CNVKIT': None, 'DECON': '35', 'GATK_GCNV': '88.05'}",True,35,88.05,,1.0,in_silico,0.8572205476915101,False
121409658,121413730,chr5,DEL,RB38150,4,1,1,0,1,45.101890498404124,1.0,4072,"{'ID': 'CDS:ENST00000231004.5', 'Parent': 'ENST00000231004.5', 'gene_id': 'ENSG00000113083.15_1', 'transcript_id': 'ENST00000231004.5_1', 'gene_type': 'protein_coding', 'gene_name': 'LOX', 'transcript_type': 'protein_coding', 'transcript_name': 'LOX-201', 'exon_number': '4', 'exon_id': 'ENSE00003595228.1', 'level': '2', 'protein_id': 'ENSP00000231004.4', 'transcript_support_level': '1', 'hgnc_id': 'HGNC:6664', 'tag': 'basic,Ensembl_canonical,MANE_Select,appris_principal_1,CCDS', 'ccdsid': 'CCDS4129.1', 'havana_gene': 'OTTHUMG00000128914.3_1', 'havana_transcript': 'OTTHUMT00000250887.3_1', 'remap_original_location': 'chr5:-:122074013-122074169', 'remap_status': 'full_contig157', 'feature': 'CDS', 'feature_coordinates': 'chr5:121409708-121409864', 'probegroup': 'LOX', 'offset_coordinates': 'chr5:121409682-121409889', 'five_prime_bases': 79, 'three_prime_bases': 77, 'region_id': 'chr5:121409629-121409941'}","{'GRAPES2': '0.978', 'CNVKIT': None, 'DECON': '16', 'GATK_GCNV': '227.56'}",True,16,227.56,,0.978,in_silico,0.8572205476915101,False
228407000,228461273,chr1,DEL,RB38150,13,1,0,0,0,45.94465121420938,0.3122514330543934,54273,"{'ID': 'CDS:ENST00000680850.1', 'Parent': 'ENST00000680850.1', 'gene_id': 'ENSG00000154358.23_1', 'transcript_id': 'ENST00000680850.1_1', 'gene_type': 'protein_coding', 'gene_name': 'OBSCN', 'transcript_type': 'protein_coding', 'transcript_name': 'OBSCN-228', 'exon_number': '9', 'exon_id': 'ENSE00003380583.1', 'level': '2', 'protein_id': 'ENSP00000505517.1', 'hgnc_id': 'HGNC:15719', 'tag': 'CAGE_supported_TSS,inferred_exon_combination,RNA_Seq_supported_partial,basic,Ensembl_canonical,MANE_Select,appris_alternative_2', 'havana_gene': 'OTTHUMG00000039772.26_1', 'remap_original_location': 'chr1:+:228219324-228219599', 'remap_status': 'full_contig276', 'feature': 'CDS', 'feature_coordinates': 'chr1:228407025-228407300', 'probegroup': 'OBSCN', 'offset_coordinates': 'chr1:228406999-228407325', 'five_prime_bases': 31, 'three_prime_bases': 30, 'region_id': 'chr1:228406994-228407330'}","{'GRAPES2': None, 'CNVKIT': None, 'DECON': '8.23', 'GATK_GCNV': None}",False,8.23,,,,,0.8572205476915101,False
179526844,179527368,chr2,DUP,RB38150,3,1,0,0,0,40.57142857142857,0.4166665,524,"{'ID': 'CDS:ENST00000589042.5', 'Parent': 'ENST00000589042.5', 'gene_id': 'ENSG00000155657.29_1', 'transcript_id': 'ENST00000589042.5_1', 'gene_type': 'protein_coding', 'gene_name': 'TTN', 'transcript_type': 'protein_coding', 'transcript_name': 'TTN-214', 'exon_number': '178', 'exon_id': 'ENSE00002852676.1', 'level': '1', 'protein_id': 'ENSP00000467141.1', 'transcript_support_level': '5', 'hgnc_id': 'HGNC:12403', 'tag': 'inferred_exon_combination,non_submitted_evidence,basic,Ensembl_canonical,MANE_Select,appris_principal_1,exp_conf,CCDS', 'ccdsid': 'CCDS59435.1', 'havana_gene': 'OTTHUMG00000154448.23_1', 'havana_transcript': 'OTTHUMT00000450680.3_1', 'remap_original_location': 'chr2:-:178662142-178662222', 'remap_status': 'full_contig81', 'feature': 'CDS', 'feature_coordinates': 'chr2:179526869-179526949', 'probegroup': 'TTN', 'offset_coordinates': 'chr2:179526843-179526974', 'five_prime_bases': 462, 'three_prime_bases': 1954, 'region_id': 'chr2:179526407-179528903'}","{'GRAPES2': None, 'CNVKIT': None, 'DECON': '4.67', 'GATK_GCNV': None}",False,4.67,,,,,0.8572205476915101,False
220493841,220494168,chr2,DEL,RB38150,1,1,0,0,0,64.32926829268293,1.0,327,"{'ID': 'CDS:ENST00000358055.8', 'Parent': 'ENST00000358055.8', 'gene_id': 'ENSG00000114923.17_1', 'transcript_id': 'ENST00000358055.8_1', 'gene_type': 'protein_coding', 'gene_name': 'SLC4A3', 'transcript_type': 'protein_coding', 'transcript_name': 'SLC4A3-203', 'exon_number': '4', 'exon_id': 'ENSE00003610449.1', 'level': '2', 'protein_id': 'ENSP00000350756.3', 'transcript_support_level': '1', 'hgnc_id': 'HGNC:11029', 'tag': 'basic,Ensembl_canonical,MANE_Select,appris_principal_1,CCDS', 'ccdsid': 'CCDS2445.1', 'havana_gene': 'OTTHUMG00000059238.21_1', 'havana_transcript': 'OTTHUMT00000316472.3_1', 'remap_original_location': 'chr2:+:219629144-219629421', 'remap_status': 'full_contig278', 'feature': 'CDS', 'feature_coordinates': 'chr2:220493866-220494143', 'probegroup': 'SLC4A3', 'offset_coordinates': 'chr2:220493840-220494168', 'five_prime_bases': 30, 'three_prime_bases': 348, 'region_id': 'chr2:220493836-220494491'}","{'GRAPES2': None, 'CNVKIT': None, 'DECON': '2.74', 'GATK_GCNV': None}",False,2.74,,,,,0.8572205476915101,False
73462808,73462911,chr7,DEL,RB38150,1,1,0,0,0,65.38461538461539,1.0,103,"{'ID': 'CDS:ENST00000252034.12', 'Parent': 'ENST00000252034.12', 'gene_id': 'ENSG00000049540.19_1', 'transcript_id': 'ENST00000252034.12_1', 'gene_type': 'protein_coding', 'gene_name': 'ELN', 'transcript_type': 'protein_coding', 'transcript_name': 'ELN-201', 'exon_number': '15', 'exon_id': 'ENSE00003606417.1', 'level': '2', 'protein_id': 'ENSP00000252034.7', 'transcript_support_level': '1', 'hgnc_id': 'HGNC:3327', 'tag': 'basic,Ensembl_canonical,MANE_Select,appris_principal_3,CCDS', 'ccdsid': 'CCDS5562.2', 'havana_gene': 'OTTHUMG00000150229.14_1', 'havana_transcript': 'OTTHUMT00000316913.2_1', 'remap_original_location': 'chr7:+:74048503-74048556', 'remap_status': 'full_contig54', 'feature': 'CDS', 'feature_coordinates': 'chr7:73462833-73462886', 'probegroup': 'ELN', 'offset_coordinates': 'chr7:73462807-73462911', 'five_prime_bases': 82, 'three_prime_bases': 81, 'region_id': 'chr7:73462751-73462967'}","{'GRAPES2': None, 'CNVKIT': None, 'DECON': '4.03', 'GATK_GCNV': None}",False,4.03,,,,,0.8572205476915101,False
81601068,81603893,chr7,DEL,RB38150,2,1,0,0,0,28.768577494692142,1.0,2825,"{'ID': 'CDS:ENST00000356860.8', 'Parent': 'ENST00000356860.8', 'gene_id': 'ENSG00000153956.16_1', 'transcript_id': 'ENST00000356860.8_1', 'gene_type': 'protein_coding', 'gene_name': 'CACNA2D1', 'transcript_type': 'protein_coding', 'transcript_name': 'CACNA2D1-202', 'exon_number': '26', 'exon_id': 'ENSE00001591708.1', 'level': '2', 'protein_id': 'ENSP00000349320.3', 'transcript_support_level': '1', 'hgnc_id': 'HGNC:1399', 'tag': 'basic,Ensembl_canonical,MANE_Select,CCDS', 'ccdsid': 'CCDS5598.1', 'havana_gene': 'OTTHUMG00000023622.11_1', 'havana_transcript': 'OTTHUMT00000253340.5_1', 'remap_original_location': 'chr7:-:81971777-81971864', 'remap_status': 'full_contig88', 'feature': 'CDS', 'feature_coordinates': 'chr7:81601093-81601180', 'probegroup': 'CACNA2D1', 'offset_coordinates': 'chr7:81601067-81601205', 'five_prime_bases': 77, 'three_prime_bases': 76, 'region_id': 'chr7:81601016-81601256'}","{'GRAPES2': None, 'CNVKIT': None, 'DECON': '2.86', 'GATK_GCNV': None}",False,2.86,,,,,0.8572205476915101,False
137653745,137653849,chr9,DUP,RB38150,1,1,0,0,1,60.952380952380956,1.0,104,"{'ID': 'CDS:ENST00000371817.8', 'Parent': 'ENST00000371817.8', 'gene_id': 'ENSG00000130635.16_1', 'transcript_id': 'ENST00000371817.8_1', 'gene_type': 'protein_coding', 'gene_name': 'COL5A1', 'transcript_type': 'protein_coding', 'transcript_name': 'COL5A1-201', 'exon_number': '19', 'exon_id': 'ENSE00001655385.1', 'level': '2', 'protein_id': 'ENSP00000360882.3', 'transcript_support_level': '1', 'hgnc_id': 'HGNC:2209', 'tag': 'basic,Ensembl_canonical,MANE_Select,appris_principal_3,CCDS', 'ccdsid': 'CCDS6982.1', 'havana_gene': 'OTTHUMG00000020891.5_1', 'havana_transcript': 'OTTHUMT00000054954.4_1', 'remap_original_location': 'chr9:+:134761925-134761978', 'remap_status': 'full_contig54', 'feature': 'CDS', 'feature_coordinates': 'chr9:137653771-137653824', 'probegroup': 'COL5A1', 'offset_coordinates': 'chr9:137653745-137653849', 'five_prime_bases': 82, 'three_prime_bases': 81, 'region_id': 'chr9:137653689-137653905'}","{'GRAPES2': '0.398', 'CNVKIT': None, 'DECON': '4.84', 'GATK_GCNV': None}",False,4.84,,,0.398,,0.8572205476915101,False
88466263,88469832,chr10,DEL,RB38150,2,1,0,0,0,57.25490196078431,1.0,3569,"{'ID': 'CDS:ENST00000361373.9', 'Parent': 'ENST00000361373.9', 'gene_id': 'ENSG00000122367.21_1', 'transcript_id': 'ENST00000361373.9_1', 'gene_type': 'protein_coding', 'gene_name': 'LDB3', 'transcript_type': 'protein_coding', 'transcript_name': 'LDB3-202', 'exon_number': '8', 'exon_id': 'ENSE00001210293.1', 'level': '2', 'protein_id': 'ENSP00000355296.3', 'transcript_support_level': '1', 'hgnc_id': 'HGNC:15710', 'tag': 'CAGE_supported_TSS,basic,Ensembl_canonical,MANE_Select,appris_principal_3,CCDS', 'ccdsid': 'CCDS7377.1', 'havana_gene': 'OTTHUMG00000018655.7_1', 'havana_transcript': 'OTTHUMT00000049160.2_1', 'remap_original_location': 'chr10:+:86706531-86706719', 'remap_status': 'full_contig189', 'feature': 'CDS', 'feature_coordinates': 'chr10:88466288-88466476', 'probegroup': 'LDB3', 'offset_coordinates': 'chr10:88466262-88466501', 'five_prime_bases': 27, 'three_prime_bases': 25, 'region_id': 'chr10:88466261-88466501'}","{'GRAPES2': None, 'CNVKIT': None, 'DECON': '8.94', 'GATK_GCNV': None}",False,8.94,,,,,0.8572205476915101,False
72766956,72767380,chr15,DEL,RB38150,1,1,0,0,0,71.29411764705881,1.0,424,"{'ID': 'CDS:ENST00000379887.9', 'Parent': 'ENST00000379887.9', 'gene_id': 'ENSG00000166233.15_1', 'transcript_id': 'ENST00000379887.9_1', 'gene_type': 'protein_coding', 'gene_name': 'ARIH1', 'transcript_type': 'protein_coding', 'transcript_name': 'ARIH1-201', 'exon_number': '1', 'exon_id': 'ENSE00001179017.6', 'level': '2', 'protein_id': 'ENSP00000369217.4', 'transcript_support_level': '1', 'hgnc_id': 'HGNC:689', 'tag': 'RNA_Seq_supported_partial,basic,Ensembl_canonical,MANE_Select,appris_principal_1,CCDS', 'ccdsid': 'CCDS10244.1', 'havana_gene': 'OTTHUMG00000133474.5_1', 'havana_transcript': 'OTTHUMT00000257350.3_1', 'remap_original_location': 'chr15:+:72474640-72475014', 'remap_status': 'full_contig375', 'feature': 'CDS', 'feature_coordinates': 'chr15:72766981-72767355', 'probegroup': 'ARIH1', 'offset_coordinates': 'chr15:72766955-72767380', 'five_prime_bases': 30, 'three_prime_bases': 28, 'region_id': 'chr15:72766951-72767383'}","{'GRAPES2': None, 'CNVKIT': None, 'DECON': '2.77', 'GATK_GCNV': None}",False,2.77,,,,,0.8572205476915101,False
2162316,2162499,chr16,DEL,RB38150,1,1,0,0,0,66.84782608695652,0.3466668,183,"{'ID': 'CDS:ENST00000262304.9', 'Parent': 'ENST00000262304.9', 'gene_id': 'ENSG00000008710.20_1', 'transcript_id': 'ENST00000262304.9_1', 'gene_type': 'protein_coding', 'gene_name': 'PKD1', 'transcript_type': 'protein_coding', 'transcript_name': 'PKD1-201', 'exon_number': '14', 'exon_id': 'ENSE00003514982.1', 'level': '2', 'protein_id': 'ENSP00000262304.4', 'transcript_support_level': '1', 'hgnc_id': 'HGNC:9008', 'tag': 'basic,Ensembl_canonical,MANE_Select,appris_principal_3,CCDS', 'ccdsid': 'CCDS32369.1', 'havana_gene': 'OTTHUMG00000155795.6_1', 'havana_transcript': 'OTTHUMT00000341688.2_1', 'remap_original_location': 'chr16:-:2112340-2112473', 'remap_status': 'full_contig134', 'feature': 'CDS', 'feature_coordinates': 'chr16:2162341-2162474', 'probegroup': 'PKD1', 'offset_coordinates': 'chr16:2162315-2162499', 'five_prime_bases': 78, 'three_prime_bases': 77, 'region_id': 'chr16:2162263-2162551'}","{'GRAPES2': None, 'CNVKIT': None, 'DECON': '2.85', 'GATK_GCNV': None}",False,2.85,,,,,0.8572205476915101,False
2166505,2166670,chr16,DEL,RB38150,1,1,0,0,0,69.27710843373494,0.6,165,"{'ID': 'CDS:ENST00000262304.9', 'Parent': 'ENST00000262304.9', 'gene_id': 'ENSG00000008710.20_1', 'transcript_id': 'ENST00000262304.9_1', 'gene_type': 'protein_coding', 'gene_name': 'PKD1', 'transcript_type': 'protein_coding', 'transcript_name': 'PKD1-201', 'exon_number': '8', 'exon_id': 'ENSE00003593667.1', 'level': '2', 'protein_id': 'ENSP00000262304.4', 'transcript_support_level': '1', 'hgnc_id': 'HGNC:9008', 'tag': 'basic,Ensembl_canonical,MANE_Select,appris_principal_3,CCDS', 'ccdsid': 'CCDS32369.1', 'havana_gene': 'OTTHUMG00000155795.6_1', 'havana_transcript': 'OTTHUMT00000341688.2_1', 'remap_original_location': 'chr16:-:2116529-2116644', 'remap_status': 'full_contig116', 'feature': 'CDS', 'feature_coordinates': 'chr16:2166530-2166645', 'probegroup': 'PKD1', 'offset_coordinates': 'chr16:2166504-2166670', 'five_prime_bases': 75, 'three_prime_bases': 442, 'region_id': 'chr16:2166455-2167087'}","{'GRAPES2': None, 'CNVKIT': None, 'DECON': '3.42', 'GATK_GCNV': None}",False,3.42,,,,,0.8572205476915101,False
30907940,30908014,chr16,DEL,RB38150,1,1,0,0,0,70.66666666666667,1.0,74,"{'ID': 'CDS:ENST00000279804.3', 'Parent': 'ENST00000279804.3', 'gene_id': 'ENSG00000150281.7_1', 'transcript_id': 'ENST00000279804.3_1', 'gene_type': 'protein_coding', 'gene_name': 'CTF1', 'transcript_type': 'protein_coding', 'transcript_name': 'CTF1-201', 'exon_number': '1', 'exon_id': 'ENSE00001148702.4', 'level': '2', 'protein_id': 'ENSP00000279804.2', 'transcript_support_level': '1', 'hgnc_id': 'HGNC:2499', 'tag': 'basic,Ensembl_canonical,MANE_Select,appris_principal_3,CCDS', 'ccdsid': 'CCDS10694.1', 'havana_gene': 'OTTHUMG00000132413.2_1', 'havana_transcript': 'OTTHUMT00000255550.1_1', 'remap_original_location': 'chr16:+:30896644-30896668', 'remap_status': 'full_contig25', 'feature': 'CDS', 'feature_coordinates': 'chr16:30907965-30907989', 'probegroup': 'CTF1', 'offset_coordinates': 'chr16:30907939-30908014', 'five_prime_bases': 85, 'three_prime_bases': 83, 'region_id': 'chr16:30907880-30908072'}","{'GRAPES2': None, 'CNVKIT': None, 'DECON': '3.29', 'GATK_GCNV': None}",False,3.29,,,,,0.8572205476915101,False
28525449,28539910,chr17,DUP,RB38150,7,1,0,0,0,45.83736689254599,0.38873500434782604,14461,"{'ID': 'CDS:ENST00000650711.1', 'Parent': 'ENST00000650711.1', 'gene_id': 'ENSG00000108576.10_1', 'transcript_id': 'ENST00000650711.1_1', 'gene_type': 'protein_coding', 'gene_name': 'SLC6A4', 'transcript_type': 'protein_coding', 'transcript_name': 'SLC6A4-206', 'exon_number': '15', 'exon_id': 'ENSE00003895678.1', 'level': '2', 'protein_id': 'ENSP00000498537.1', 'hgnc_id': 'HGNC:11050', 'tag': 'basic,Ensembl_canonical,MANE_Select,appris_principal_1,CCDS', 'ccdsid': 'CCDS11256.1', 'havana_gene': 'OTTHUMG00000132751.7_1', 'havana_transcript': 'OTTHUMT00000504255.2_1', 'remap_original_location': 'chr17:-:30198456-30198530', 'remap_status': 'full_contig75', 'feature': 'CDS', 'feature_coordinates': 'chr17:28525474-28525548', 'probegroup': 'SLC6A4', 'offset_coordinates': 'chr17:28525448-28525573', 'five_prime_bases': 84, 'three_prime_bases': 82, 'region_id': 'chr17:28525390-28525630'}","{'GRAPES2': None, 'CNVKIT': None, 'DECON': '9.26', 'GATK_GCNV': None}",False,9.26,,,,,0.8572205476915101,False
49661099,49661172,chr19,DEL,RB38150,1,1,0,0,0,72.97297297297297,1.0,73,"{'ID': 'CDS:ENST00000252826.10', 'Parent': 'ENST00000252826.10', 'gene_id': 'ENSG00000130529.16_1', 'transcript_id': 'ENST00000252826.10_1', 'gene_type': 'protein_coding', 'gene_name': 'TRPM4', 'transcript_type': 'protein_coding', 'transcript_name': 'TRPM4-201', 'exon_number': '1', 'exon_id': 'ENSE00003737753.1', 'level': '2', 'protein_id': 'ENSP00000252826.4', 'transcript_support_level': '1', 'hgnc_id': 'HGNC:17993', 'tag': 'basic,Ensembl_canonical,MANE_Select,appris_principal_1,CCDS', 'ccdsid': 'CCDS33073.1', 'havana_gene': 'OTTHUMG00000183184.7_1', 'havana_transcript': 'OTTHUMT00000465543.3_1', 'remap_original_location': 'chr19:+:49157867-49157890', 'remap_status': 'full_contig24', 'feature': 'CDS', 'feature_coordinates': 'chr19:49661124-49661147', 'probegroup': 'TRPM4', 'offset_coordinates': 'chr19:49661098-49661172', 'five_prime_bases': 85, 'three_prime_bases': 84, 'region_id': 'chr19:49661039-49661231'}","{'GRAPES2': None, 'CNVKIT': None, 'DECON': '3.15', 'GATK_GCNV': None}",False,3.15,,,,,0.8572205476915101,False
32482678,32486852,chrX,DEL,RB38150,2,1,0,0,0,34.778443113772454,0.8333333333333334,4174,"{'ID': 'CDS:ENST00000357033.9', 'Parent': 'ENST00000357033.9', 'gene_id': 'ENSG00000198947.18_1', 'transcript_id': 'ENST00000357033.9_1', 'gene_type': 'protein_coding', 'gene_name': 'DMD', 'transcript_type': 'protein_coding', 'transcript_name': 'DMD-203', 'exon_number': '24', 'exon_id': 'ENSE00001436271.1', 'level': '2', 'protein_id': 'ENSP00000354923.3', 'transcript_support_level': '1', 'hgnc_id': 'HGNC:2928', 'tag': 'basic,Ensembl_canonical,MANE_Select,appris_principal_3,CCDS', 'ccdsid': 'CCDS14233.1', 'havana_gene': 'OTTHUMG00000021336.7_1', 'havana_transcript': 'OTTHUMT00000056182.2_1', 'remap_original_location': 'chrX:-:32464586-32464699', 'remap_status': 'full_contig114', 'feature': 'CDS', 'feature_coordinates': 'chrX:32482703-32482816', 'probegroup': 'DMD', 'offset_coordinates': 'chrX:32482677-32482841', 'five_prime_bases': 76, 'three_prime_bases': 75, 'region_id': 'chrX:32482627-32482891'}","{'GRAPES2': None, 'CNVKIT': None, 'DECON': '5.65', 'GATK_GCNV': None}",True,5.65,,,,in_silico,0.8572205476915101,False
32482677,32482841,chrX,DEL,RB38150,1,0,0,0,1,40.0,1.0,164,"{'ID': 'CDS:ENST00000357033.9', 'Parent': 'ENST00000357033.9', 'gene_id': 'ENSG00000198947.18_1', 'transcript_id': 'ENST00000357033.9_1', 'gene_type': 'protein_coding', 'gene_name': 'DMD', 'transcript_type': 'protein_coding', 'transcript_name': 'DMD-203', 'exon_number': '24', 'exon_id': 'ENSE00001436271.1', 'level': '2', 'protein_id': 'ENSP00000354923.3', 'transcript_support_level': '1', 'hgnc_id': 'HGNC:2928', 'tag': 'basic,Ensembl_canonical,MANE_Select,appris_principal_3,CCDS', 'ccdsid': 'CCDS14233.1', 'havana_gene': 'OTTHUMG00000021336.7_1', 'havana_transcript': 'OTTHUMT00000056182.2_1', 'remap_original_location': 'chrX:-:32464586-32464699', 'remap_status': 'full_contig114', 'feature': 'CDS', 'feature_coordinates': 'chrX:32482703-32482816', 'probegroup': 'DMD', 'offset_coordinates': 'chrX:32482677-32482841', 'five_prime_bases': 76, 'three_prime_bases': 75, 'region_id': 'chrX:32482627-32482891'}","{'GRAPES2': '0.825', 'CNVKIT': None, 'DECON': None, 'GATK_GCNV': None}",False,,,,0.825,,0.8572205476915101,False
20212146,20212774,chr3,DEL,RB38616,2,1,1,0,1,35.77106518282989,1.0,628,"{'ID': 'CDS:ENST00000412997.6', 'Parent': 'ENST00000412997.6', 'gene_id': 'ENSG00000129810.15_1', 'transcript_id': 'ENST00000412997.6_1', 'gene_type': 'protein_coding', 'gene_name': 'SGO1', 'transcript_type': 'protein_coding', 'transcript_name': 'SGO1-203', 'exon_number': '8', 'exon_id': 'ENSE00001615074.2', 'level': '2', 'protein_id': 'ENSP00000410458.1', 'transcript_support_level': '1', 'hgnc_id': 'HGNC:25088', 'tag': 'basic,Ensembl_canonical,MANE_Select,appris_alternative_2,CCDS', 'ccdsid': 'CCDS46773.1', 'havana_gene': 'OTTHUMG00000130479.7_1', 'havana_transcript': 'OTTHUMT00000340012.3_1', 'remap_original_location': 'chr3:-:20170704-20170815', 'remap_status': 'full_contig112', 'feature': 'CDS', 'feature_coordinates': 'chr3:20212196-20212307', 'probegroup': 'SGOL1', 'offset_coordinates': 'chr3:20212170-20212332', 'five_prime_bases': 77, 'three_prime_bases': 76, 'region_id': 'chr3:20212119-20212383'}","{'GRAPES2': '1.0', 'CNVKIT': None, 'DECON': '22.8', 'GATK_GCNV': '431.09'}",False,22.8,431.09,,1.0,,0.8914073063347494,False
37341142,37341394,chr5,DEL,RB38616,1,1,1,0,1,37.54940711462451,1.0,252,"{'ID': 'CDS:ENST00000231498.8', 'Parent': 'ENST00000231498.8', 'gene_id': 'ENSG00000113569.16_1', 'transcript_id': 'ENST00000231498.8_1', 'gene_type': 'protein_coding', 'gene_name': 'NUP155', 'transcript_type': 'protein_coding', 'transcript_name': 'NUP155-201', 'exon_number': '11', 'exon_id': 'ENSE00001006266.1', 'level': '2', 'protein_id': 'ENSP00000231498.3', 'transcript_support_level': '1', 'hgnc_id': 'HGNC:8063', 'tag': 'basic,Ensembl_canonical,MANE_Select,appris_principal_1,CCDS', 'ccdsid': 'CCDS3921.1', 'havana_gene': 'OTTHUMG00000090803.4_1', 'havana_transcript': 'OTTHUMT00000207593.3_1', 'remap_original_location': 'chr5:-:37341090-37341242', 'remap_status': 'full_contig153', 'feature': 'CDS', 'feature_coordinates': 'chr5:37341192-37341344', 'probegroup': 'NUP155', 'offset_coordinates': 'chr5:37341166-37341369', 'five_prime_bases': 81, 'three_prime_bases': 79, 'region_id': 'chr5:37341111-37341423'}","{'GRAPES2': '0.407', 'CNVKIT': None, 'DECON': '21.6', 'GATK_GCNV': '149.35'}",True,21.6,149.35,,0.407,in_silico,0.8914073063347494,False
131722667,131722893,chr5,DUP,RB38616,1,1,1,0,1,55.06607929515418,1.0,226,"{'ID': 'CDS:ENST00000245407.8', 'Parent': 'ENST00000245407.8', 'gene_id': 'ENSG00000197375.14_1', 'transcript_id': 'ENST00000245407.8_1', 'gene_type': 'protein_coding', 'gene_name': 'SLC22A5', 'transcript_type': 'protein_coding', 'transcript_name': 'SLC22A5-201', 'exon_number': '5', 'exon_id': 'ENSE00003787991.1', 'level': '2', 'protein_id': 'ENSP00000245407.3', 'transcript_support_level': '1', 'hgnc_id': 'HGNC:10969', 'tag': 'basic,Ensembl_canonical,MANE_Select,appris_principal_1,CCDS', 'ccdsid': 'CCDS4154.1', 'havana_gene': 'OTTHUMG00000059634.15_1', 'havana_transcript': 'OTTHUMT00000132631.2_1', 'remap_original_location': 'chr5:+:132387025-132387151', 'remap_status': 'full_contig127', 'feature': 'CDS', 'feature_coordinates': 'chr5:131722717-131722843', 'probegroup': 'SLC22A5', 'offset_coordinates': 'chr5:131722691-131722868', 'five_prime_bases': 82, 'three_prime_bases': 80, 'region_id': 'chr5:131722635-131722923'}","{'GRAPES2': '0.116', 'CNVKIT': None, 'DECON': '17.4', 'GATK_GCNV': '63.92'}",True,17.4,63.92,,0.116,in_silico,0.8914073063347494,False
73659302,73664887,chr14,DUP,RB38616,2,1,1,0,1,41.228070175438596,0.3252507369230769,5585,"{'ID': 'CDS:ENST00000324501.10', 'Parent': 'ENST00000324501.10', 'gene_id': 'ENSG00000080815.19_1', 'transcript_id': 'ENST00000324501.10_1', 'gene_type': 'protein_coding', 'gene_name': 'PSEN1', 'transcript_type': 'protein_coding', 'transcript_name': 'PSEN1-201', 'exon_number': '7', 'exon_id': 'ENSE00000807997.1', 'level': '2', 'protein_id': 'ENSP00000326366.5', 'transcript_support_level': '1', 'hgnc_id': 'HGNC:9508', 'tag': 'basic,Ensembl_canonical,MANE_Select,appris_principal_4,CCDS', 'ccdsid': 'CCDS9812.1', 'havana_gene': 'OTTHUMG00000141279.18_1', 'havana_transcript': 'OTTHUMT00000280500.3_1', 'remap_original_location': 'chr14:+:73192644-73192864', 'remap_status': 'full_contig221', 'feature': 'CDS', 'feature_coordinates': 'chr14:73659352-73659572', 'probegroup': 'PSEN1', 'offset_coordinates': 'chr14:73659326-73659597', 'five_prime_bases': 35, 'three_prime_bases': 33, 'region_id': 'chr14:73659317-73659605'}","{'GRAPES2': '1.0', 'CNVKIT': None, 'DECON': '36.9', 'GATK_GCNV': '134.33'}",True,36.9,134.33,,1.0,in_silico,0.8914073063347494,False
179519147,179519580,chr2,DUP,RB38616,2,1,0,0,0,38.47926267281106,0.333333,433,"{'ID': 'CDS:ENST00000589042.5', 'Parent': 'ENST00000589042.5', 'gene_id': 'ENSG00000155657.29_1', 'transcript_id': 'ENST00000589042.5_1', 'gene_type': 'protein_coding', 'gene_name': 'TTN', 'transcript_type': 'protein_coding', 'transcript_name': 'TTN-214', 'exon_number': '192', 'exon_id': 'ENSE00002836035.1', 'level': '1', 'protein_id': 'ENSP00000467141.1', 'transcript_support_level': '5', 'hgnc_id': 'HGNC:12403', 'tag': 'inferred_exon_combination,non_submitted_evidence,basic,Ensembl_canonical,MANE_Select,appris_principal_1,exp_conf,CCDS', 'ccdsid': 'CCDS59435.1', 'havana_gene': 'OTTHUMG00000154448.23_1', 'havana_transcript': 'OTTHUMT00000450680.3_1', 'remap_original_location': 'chr2:-:178654445-178654534', 'remap_status': 'full_contig90', 'feature': 'CDS', 'feature_coordinates': 'chr2:179519172-179519261', 'probegroup': 'TTN', 'offset_coordinates': 'chr2:179519146-179519286', 'five_prime_bases': 3284, 'three_prime_bases': 539, 'region_id': 'chr2:179515888-179519800'}","{'GRAPES2': None, 'CNVKIT': None, 'DECON': '5.09', 'GATK_GCNV': None}",False,5.09,,,,,0.8914073063347494,False
179523707,179527170,chr2,DUP,RB38616,6,1,0,0,0,39.98267898383372,0.10807081153138069,3463,"{'ID': 'CDS:ENST00000589042.5', 'Parent': 'ENST00000589042.5', 'gene_id': 'ENSG00000155657.29_1', 'transcript_id': 'ENST00000589042.5_1', 'gene_type': 'protein_coding', 'gene_name': 'TTN', 'transcript_type': 'protein_coding', 'transcript_name': 'TTN-214', 'exon_number': '182', 'exon_id': 'ENSE00003809569.1', 'level': '1', 'protein_id': 'ENSP00000467141.1', 'transcript_support_level': '5', 'hgnc_id': 'HGNC:12403', 'tag': 'inferred_exon_combination,non_submitted_evidence,basic,Ensembl_canonical,MANE_Select,appris_principal_1,exp_conf,CCDS', 'ccdsid': 'CCDS59435.1', 'havana_gene': 'OTTHUMG00000154448.23_1', 'havana_transcript': 'OTTHUMT00000450680.3_1', 'remap_original_location': 'chr2:-:178659005-178659088', 'remap_status': 'full_contig84', 'feature': 'CDS', 'feature_coordinates': 'chr2:179523732-179523815', 'probegroup': 'TTN', 'offset_coordinates': 'chr2:179523706-179523840', 'five_prime_bases': 1586, 'three_prime_bases': 245, 'region_id': 'chr2:179522146-179524060'}","{'GRAPES2': None, 'CNVKIT': None, 'DECON': '24', 'GATK_GCNV': None}",False,24,,,,,0.8914073063347494,False
140624341,140624528,chr7,DUP,RB38616,1,1,0,0,0,75.53191489361703,1.0,187,"{'ID': 'CDS:ENST00000646891.1', 'Parent': 'ENST00000646891.1', 'gene_id': 'ENSG00000157764.14_1', 'transcript_id': 'ENST00000646891.1_1', 'gene_type': 'protein_coding', 'gene_name': 'BRAF', 'transcript_type': 'protein_coding', 'transcript_name': 'BRAF-220', 'exon_number': '1', 'exon_id': 'ENSE00003824367.1', 'level': '2', 'protein_id': 'ENSP00000493543.1', 'hgnc_id': 'HGNC:1097', 'tag': 'basic,appris_principal_3,CCDS', 'ccdsid': 'CCDS5863.1', 'havana_gene': 'OTTHUMG00000157457.6_1', 'havana_transcript': 'OTTHUMT00000348886.2_1', 'remap_original_location': 'chr7:-:140924566-140924703', 'remap_status': 'full_contig138', 'feature': 'CDS', 'feature_coordinates': 'chr7:140624366-140624503', 'probegroup': 'BRAF', 'offset_coordinates': 'chr7:140624340-140624528', 'five_prime_bases': 76, 'three_prime_bases': 75, 'region_id': 'chr7:140624290-140624578'}","{'GRAPES2': None, 'CNVKIT': None, 'DECON': '2.51', 'GATK_GCNV': None}",False,2.51,,,,,0.8914073063347494,False
137534009,137534167,chr9,DUP,RB38616,1,1,0,0,0,82.38993710691824,1.0,158,"{'ID': 'CDS:ENST00000371817.8', 'Parent': 'ENST00000371817.8', 'gene_id': 'ENSG00000130635.16_1', 'transcript_id': 'ENST00000371817.8_1', 'gene_type': 'protein_coding', 'gene_name': 'COL5A1', 'transcript_type': 'protein_coding', 'transcript_name': 'COL5A1-201', 'exon_number': '1', 'exon_id': 'ENSE00001191284.7', 'level': '2', 'protein_id': 'ENSP00000360882.3', 'transcript_support_level': '1', 'hgnc_id': 'HGNC:2209', 'tag': 'basic,Ensembl_canonical,MANE_Select,appris_principal_3,CCDS', 'ccdsid': 'CCDS6982.1', 'havana_gene': 'OTTHUMG00000020891.5_1', 'havana_transcript': 'OTTHUMT00000054954.4_1', 'remap_original_location': 'chr9:+:134642188-134642296', 'remap_status': 'full_contig109', 'feature': 'CDS', 'feature_coordinates': 'chr9:137534034-137534142', 'probegroup': 'COL5A1', 'offset_coordinates': 'chr9:137534008-137534167', 'five_prime_bases': 79, 'three_prime_bases': 77, 'region_id': 'chr9:137533955-137534219'}","{'GRAPES2': None, 'CNVKIT': None, 'DECON': '4.92', 'GATK_GCNV': None}",False,4.92,,,,,0.8914073063347494,False
139440153,139440263,chr9,DUP,RB38616,1,1,0,0,0,79.27927927927928,1.0,110,"{'ID': 'CDS:ENST00000651671.1', 'Parent': 'ENST00000651671.1', 'gene_id': 'ENSG00000148400.13_1', 'transcript_id': 'ENST00000651671.1_1', 'gene_type': 'protein_coding', 'gene_name': 'NOTCH1', 'transcript_type': 'protein_coding', 'transcript_name': 'NOTCH1-204', 'exon_number': '1', 'exon_id': 'ENSE00003850181.1', 'level': '2', 'protein_id': 'ENSP00000498587.1', 'hgnc_id': 'HGNC:7881', 'tag': 'basic,Ensembl_canonical,MANE_Select,appris_principal_1,CCDS', 'ccdsid': 'CCDS43905.1', 'havana_gene': 'OTTHUMG00000020935.3_1', 'havana_transcript': 'OTTHUMT00000055087.3_1', 'remap_original_location': 'chr9:-:136545726-136545786', 'remap_status': 'full_contig61', 'feature': 'CDS', 'feature_coordinates': 'chr9:139440178-139440238', 'probegroup': 'NOTCH1', 'offset_coordinates': 'chr9:139440152-139440263', 'five_prime_bases': 79, 'three_prime_bases': 77, 'region_id': 'chr9:139440099-139440315'}","{'GRAPES2': None, 'CNVKIT': None, 'DECON': '3', 'GATK_GCNV': None}",False,3,,,,,0.8914073063347494,False
2165354,2166144,chr16,DUP,RB38616,2,1,0,0,0,68.3944374209861,0.38333344444444445,790,"{'ID': 'CDS:ENST00000262304.9', 'Parent': 'ENST00000262304.9', 'gene_id': 'ENSG00000008710.20_1', 'transcript_id': 'ENST00000262304.9_1', 'gene_type': 'protein_coding', 'gene_name': 'PKD1', 'transcript_type': 'protein_coding', 'transcript_name': 'PKD1-201', 'exon_number': '10', 'exon_id': 'ENSE00003491604.1', 'level': '2', 'protein_id': 'ENSP00000262304.4', 'transcript_support_level': '1', 'hgnc_id': 'HGNC:9008', 'tag': 'basic,Ensembl_canonical,MANE_Select,appris_principal_3,CCDS', 'ccdsid': 'CCDS32369.1', 'havana_gene': 'OTTHUMG00000155795.6_1', 'havana_transcript': 'OTTHUMT00000341688.2_1', 'remap_original_location': 'chr16:-:2115378-2115625', 'remap_status': 'full_contig248', 'feature': 'CDS', 'feature_coordinates': 'chr16:2165379-2165626', 'probegroup': 'PKD1', 'offset_coordinates': 'chr16:2165353-2165651', 'five_prime_bases': 33, 'three_prime_bases': 32, 'region_id': 'chr16:2165346-2165658'}","{'GRAPES2': None, 'CNVKIT': None, 'DECON': '3.58', 'GATK_GCNV': None}",False,3.58,,,,,0.8914073063347494,False
53769351,53774416,chr3,DEL,RB38638,2,1,1,0,1,47.55230951440979,0.8333333333333334,5065,"{'ID': 'CDS:ENST00000350061.11', 'Parent': 'ENST00000350061.11', 'gene_id': 'ENSG00000157388.20_1', 'transcript_id': 'ENST00000350061.11_1', 'gene_type': 'protein_coding', 'gene_name': 'CACNA1D', 'transcript_type': 'protein_coding', 'transcript_name': 'CACNA1D-202', 'exon_number': '20', 'exon_id': 'ENSE00001134865.1', 'level': '2', 'protein_id': 'ENSP00000288133.5', 'transcript_support_level': '1', 'hgnc_id': 'HGNC:1391', 'tag': 'CAGE_supported_TSS,basic,Ensembl_canonical,MANE_Select,CCDS', 'ccdsid': 'CCDS46848.1', 'havana_gene': 'OTTHUMG00000158278.13_1', 'havana_transcript': 'OTTHUMT00000350557.3_1', 'remap_original_location': 'chr3:+:53735374-53735503', 'remap_status': 'full_contig130', 'feature': 'CDS', 'feature_coordinates': 'chr3:53769401-53769530', 'probegroup': 'CACNA1D', 'offset_coordinates': 'chr3:53769375-53769555', 'five_prime_bases': 80, 'three_prime_bases': 79, 'region_id': 'chr3:53769321-53769609'}","{'GRAPES2': '0.999', 'CNVKIT': None, 'DECON': '50.2', 'GATK_GCNV': '127.03'}",True,50.2,127.03,,0.999,in_silico,0.8387874230409273,False
29121106,29126756,chr18,DUP,RB38638,3,1,1,0,1,40.55919306317466,1.0,5650,"{'ID': 'CDS:ENST00000261590.13', 'Parent': 'ENST00000261590.13', 'gene_id': 'ENSG00000046604.14_1', 'transcript_id': 'ENST00000261590.13_1', 'gene_type': 'protein_coding', 'gene_name': 'DSG2', 'transcript_type': 'protein_coding', 'transcript_name': 'DSG2-201', 'exon_number': '13', 'exon_id': 'ENSE00000796933.1', 'level': '2', 'protein_id': 'ENSP00000261590.8', 'transcript_support_level': '1', 'hgnc_id': 'HGNC:3049', 'tag': 'basic,Ensembl_canonical,MANE_Select,appris_principal_1,CCDS', 'ccdsid': 'CCDS42423.1', 'havana_gene': 'OTTHUMG00000179649.3_1', 'havana_transcript': 'OTTHUMT00000447506.2_1', 'remap_original_location': 'chr18:+:31541193-31541314', 'remap_status': 'full_contig122', 'feature': 'CDS', 'feature_coordinates': 'chr18:29121156-29121277', 'probegroup': 'DSG2', 'offset_coordinates': 'chr18:29121130-29121302', 'five_prime_bases': 84, 'three_prime_bases': 83, 'region_id': 'chr18:29121072-29121360'}","{'GRAPES2': '1.0', 'CNVKIT': None, 'DECON': '95', 'GATK_GCNV': '43.85'}",True,95,43.85,,1.0,in_silico,0.8387874230409273,False
39239241,39239514,chr2,DEL,RB38638,1,1,0,0,1,35.4014598540146,1.0,273,"{'ID': 'CDS:ENST00000402219.8', 'Parent': 'ENST00000402219.8', 'gene_id': 'ENSG00000115904.15_1', 'transcript_id': 'ENST00000402219.8_1', 'gene_type': 'protein_coding', 'gene_name': 'SOS1', 'transcript_type': 'protein_coding', 'transcript_name': 'SOS1-202', 'exon_number': '14', 'exon_id': 'ENSE00000748074.1', 'level': '2', 'protein_id': 'ENSP00000384675.2', 'transcript_support_level': '1', 'hgnc_id': 'HGNC:11187', 'tag': 'basic,Ensembl_canonical,MANE_Select,appris_principal_2,CCDS', 'ccdsid': 'CCDS1802.1', 'havana_gene': 'OTTHUMG00000102109.6_1', 'havana_transcript': 'OTTHUMT00000219948.4_1', 'remap_original_location': 'chr2:-:39012126-39012348', 'remap_status': 'full_contig223', 'feature': 'CDS', 'feature_coordinates': 'chr2:39239267-39239489', 'probegroup': 'SOS1', 'offset_coordinates': 'chr2:39239241-39239514', 'five_prime_bases': 34, 'three_prime_bases': 32, 'region_id': 'chr2:39239233-39239521'}","{'GRAPES2': '0.368', 'CNVKIT': None, 'DECON': '15.9', 'GATK_GCNV': None}",True,15.9,,,0.368,in_silico,0.8387874230409273,False
105989991,105990215,chr2,DEL,RB38638,1,1,0,0,0,54.22222222222223,1.0,224,"{'ID': 'CDS:ENST00000530340.6', 'Parent': 'ENST00000530340.6', 'gene_id': 'ENSG00000115641.19_1', 'transcript_id': 'ENST00000530340.6_1', 'gene_type': 'protein_coding', 'gene_name': 'FHL2', 'transcript_type': 'protein_coding', 'transcript_name': 'FHL2-211', 'exon_number': '4', 'exon_id': 'ENSE00003473004.1', 'level': '2', 'protein_id': 'ENSP00000433567.2', 'transcript_support_level': '1', 'hgnc_id': 'HGNC:3703', 'tag': 'alternative_5_UTR,CAGE_supported_TSS,upstream_ATG,basic,Ensembl_canonical,MANE_Select,appris_principal_1,CCDS', 'ccdsid': 'CCDS2070.1', 'havana_gene': 'OTTHUMG00000153120.6_1', 'havana_transcript': 'OTTHUMT00000329655.3_1', 'remap_original_location': 'chr2:-:105373559-105373733', 'remap_status': 'full_contig175', 'feature': 'CDS', 'feature_coordinates': 'chr2:105990016-105990190', 'probegroup': 'FHL2', 'offset_coordinates': 'chr2:105989990-105990215', 'five_prime_bases': 34, 'three_prime_bases': 32, 'region_id': 'chr2:105989982-105990222'}","{'GRAPES2': None, 'CNVKIT': None, 'DECON': '7.97', 'GATK_GCNV': None}",False,7.97,,,,,0.8387874230409273,False
179519147,179523840,chr2,DUP,RB38638,11,1,0,0,0,39.75287601193012,0.10757571655793985,4693,"{'ID': 'CDS:ENST00000589042.5', 'Parent': 'ENST00000589042.5', 'gene_id': 'ENSG00000155657.29_1', 'transcript_id': 'ENST00000589042.5_1', 'gene_type': 'protein_coding', 'gene_name': 'TTN', 'transcript_type': 'protein_coding', 'transcript_name': 'TTN-214', 'exon_number': '192', 'exon_id': 'ENSE00002836035.1', 'level': '1', 'protein_id': 'ENSP00000467141.1', 'transcript_support_level': '5', 'hgnc_id': 'HGNC:12403', 'tag': 'inferred_exon_combination,non_submitted_evidence,basic,Ensembl_canonical,MANE_Select,appris_principal_1,exp_conf,CCDS', 'ccdsid': 'CCDS59435.1', 'havana_gene': 'OTTHUMG00000154448.23_1', 'havana_transcript': 'OTTHUMT00000450680.3_1', 'remap_original_location': 'chr2:-:178654445-178654534', 'remap_status': 'full_contig90', 'feature': 'CDS', 'feature_coordinates': 'chr2:179519172-179519261', 'probegroup': 'TTN', 'offset_coordinates': 'chr2:179519146-179519286', 'five_prime_bases': 3284, 'three_prime_bases': 539, 'region_id': 'chr2:179515888-179519800'}","{'GRAPES2': None, 'CNVKIT': None, 'DECON': '104', 'GATK_GCNV': None}",False,104,,,,,0.8387874230409273,False
65145765,65145942,chr4,DEL,RB38638,1,1,0,0,0,26.40449438202247,1.0,177,"{'ID': 'CDS:ENST00000381210.8', 'Parent': 'ENST00000381210.8', 'gene_id': 'ENSG00000205678.8_1', 'transcript_id': 'ENST00000381210.8_1', 'gene_type': 'protein_coding', 'gene_name': 'TECRL', 'transcript_type': 'protein_coding', 'transcript_name': 'TECRL-201', 'exon_number': '12', 'exon_id': 'ENSE00001487804.3', 'level': '2', 'protein_id': 'ENSP00000370607.3', 'transcript_support_level': '1', 'hgnc_id': 'HGNC:27365', 'tag': 'basic,Ensembl_canonical,MANE_Select,appris_principal_1,CCDS', 'ccdsid': 'CCDS33990.1', 'havana_gene': 'OTTHUMG00000160680.8_1', 'havana_transcript': 'OTTHUMT00000361705.5_1', 'remap_original_location': 'chr4:-:64280072-64280199', 'remap_status': 'full_contig128', 'feature': 'CDS', 'feature_coordinates': 'chr4:65145790-65145917', 'probegroup': 'TECRL', 'offset_coordinates': 'chr4:65145764-65145942', 'five_prime_bases': 81, 'three_prime_bases': 80, 'region_id': 'chr4:65145709-65145997'}","{'GRAPES2': None, 'CNVKIT': None, 'DECON': '2.75', 'GATK_GCNV': None}",False,2.75,,,,,0.8387874230409273,False
81596887,81597004,chr7,DEL,RB38638,1,1,0,0,0,25.423728813559322,1.0,117,"{'ID': 'CDS:ENST00000356860.8', 'Parent': 'ENST00000356860.8', 'gene_id': 'ENSG00000153956.16_1', 'transcript_id': 'ENST00000356860.8_1', 'gene_type': 'protein_coding', 'gene_name': 'CACNA2D1', 'transcript_type': 'protein_coding', 'transcript_name': 'CACNA2D1-202', 'exon_number': '30', 'exon_id': 'ENSE00003619130.1', 'level': '2', 'protein_id': 'ENSP00000349320.3', 'transcript_support_level': '1', 'hgnc_id': 'HGNC:1399', 'tag': 'basic,Ensembl_canonical,MANE_Select,CCDS', 'ccdsid': 'CCDS5598.1', 'havana_gene': 'OTTHUMG00000023622.11_1', 'havana_transcript': 'OTTHUMT00000253340.5_1', 'remap_original_location': 'chr7:-:81967596-81967663', 'remap_status': 'full_contig68', 'feature': 'CDS', 'feature_coordinates': 'chr7:81596912-81596979', 'probegroup': 'CACNA2D1', 'offset_coordinates': 'chr7:81596886-81597004', 'five_prime_bases': 75, 'three_prime_bases': 74, 'region_id': 'chr7:81596837-81597053'}","{'GRAPES2': None, 'CNVKIT': None, 'DECON': '2.77', 'GATK_GCNV': None}",False,2.77,,,,,0.8387874230409273,False
57875718,57902854,chr3,DUP,RB38148,8,1,1,0,1,37.93344879684564,0.3265809300892856,27136,"{'ID': 'CDS:ENST00000671191.1', 'Parent': 'ENST00000671191.1', 'gene_id': 'ENSG00000163681.16_1', 'transcript_id': 'ENST00000671191.1_1', 'gene_type': 'protein_coding', 'gene_name': 'SLMAP', 'transcript_type': 'protein_coding', 'transcript_name': 'SLMAP-230', 'exon_number': '15', 'exon_id': 'ENSE00003625243.1', 'level': '2', 'protein_id': 'ENSP00000499458.1', 'hgnc_id': 'HGNC:16643', 'tag': 'CAGE_supported_TSS,RNA_Seq_supported_only,basic,Ensembl_canonical,MANE_Select,appris_alternative_1', 'havana_gene': 'OTTHUMG00000133764.5_1', 'havana_transcript': 'OTTHUMT00000504658.2_1', 'remap_original_location': 'chr3:+:57890041-57890100', 'remap_status': 'full_contig60', 'feature': 'CDS', 'feature_coordinates': 'chr3:57875768-57875827', 'probegroup': 'SLMAP', 'offset_coordinates': 'chr3:57875742-57875852', 'five_prime_bases': 79, 'three_prime_bases': 78, 'region_id': 'chr3:57875689-57875905'}","{'GRAPES2': '1.0', 'CNVKIT': None, 'DECON': '89.9', 'GATK_GCNV': '183.21'}",True,89.9,183.21,,1.0,in_silico,0.7415131659488977,False
121411138,121432218,chr10,DEL,RB38148,3,1,1,0,1,50.33916797115886,0.29244074734166664,21080,"{'ID': 'CDS:ENST00000369085.8', 'Parent': 'ENST00000369085.8', 'gene_id': 'ENSG00000151929.10_1', 'transcript_id': 'ENST00000369085.8_1', 'gene_type': 'protein_coding', 'gene_name': 'BAG3', 'transcript_type': 'protein_coding', 'transcript_name': 'BAG3-201', 'exon_number': '1', 'exon_id': 'ENSE00001448780.2', 'level': '2', 'protein_id': 'ENSP00000358081.4', 'transcript_support_level': '1', 'hgnc_id': 'HGNC:939', 'tag': 'basic,Ensembl_canonical,MANE_Select,appris_principal_1,CCDS', 'ccdsid': 'CCDS7615.1', 'havana_gene': 'OTTHUMG00000019155.2_1', 'havana_transcript': 'OTTHUMT00000050662.1_1', 'remap_original_location': 'chr10:+:119651676-119651855', 'remap_status': 'full_contig180', 'feature': 'CDS', 'feature_coordinates': 'chr10:121411188-121411367', 'probegroup': 'BAG3', 'offset_coordinates': 'chr10:121411162-121411392', 'five_prime_bases': 31, 'three_prime_bases': 30, 'region_id': 'chr10:121411157-121411397'}","{'GRAPES2': '1.0', 'CNVKIT': None, 'DECON': '42.2', 'GATK_GCNV': '335.71'}",True,42.2,335.71,,1.0,in_silico,0.7415131659488977,False
21995198,21995455,chr12,DEL,RB38148,1,1,1,0,1,42.63565891472868,1.0,257,"{'ID': 'CDS:ENST00000261200.9', 'Parent': 'ENST00000261200.9', 'gene_id': 'ENSG00000069431.14_1', 'transcript_id': 'ENST00000261200.9_1', 'gene_type': 'protein_coding', 'gene_name': 'ABCC9', 'transcript_type': 'protein_coding', 'transcript_name': 'ABCC9-201', 'exon_number': '29', 'exon_id': 'ENSE00000822299.1', 'level': '2', 'protein_id': 'ENSP00000261200.4', 'transcript_support_level': '5', 'hgnc_id': 'HGNC:60', 'tag': 'CAGE_supported_TSS,basic,Ensembl_canonical,MANE_Select,appris_principal_5,CCDS', 'ccdsid': 'CCDS8693.1', 'havana_gene': 'OTTHUMG00000169094.4_1', 'havana_transcript': 'OTTHUMT00000402228.2_1', 'remap_original_location': 'chr12:-:21842314-21842471', 'remap_status': 'full_contig158', 'feature': 'CDS', 'feature_coordinates': 'chr12:21995248-21995405', 'probegroup': 'ABCC9', 'offset_coordinates': 'chr12:21995222-21995430', 'five_prime_bases': 78, 'three_prime_bases': 77, 'region_id': 'chr12:21995170-21995482'}","{'GRAPES2': '0.681', 'CNVKIT': None, 'DECON': '13.8', 'GATK_GCNV': '24.64'}",True,13.8,24.64,,0.681,in_silico,0.7415131659488977,False
78383620,78392602,chr1,DUP,RB38148,5,1,0,0,0,39.986641433819436,0.40558858107142853,8982,"{'ID': 'CDS:ENST00000334785.12', 'Parent': 'ENST00000334785.12', 'gene_id': 'ENSG00000162614.19_1', 'transcript_id': 'ENST00000334785.12_1', 'gene_type': 'protein_coding', 'gene_name': 'NEXN', 'transcript_type': 'protein_coding', 'transcript_name': 'NEXN-202', 'exon_number': '4', 'exon_id': 'ENSE00001736505.1', 'level': '2', 'protein_id': 'ENSP00000333938.7', 'transcript_support_level': '1', 'hgnc_id': 'HGNC:29557', 'tag': 'basic,Ensembl_canonical,MANE_Select,appris_principal_3,CCDS', 'ccdsid': 'CCDS41351.1', 'havana_gene': 'OTTHUMG00000040533.4_1', 'havana_transcript': 'OTTHUMT00000097549.1_1', 'remap_original_location': 'chr1:+:77917960-77918038', 'remap_status': 'full_contig79', 'feature': 'CDS', 'feature_coordinates': 'chr1:78383645-78383723', 'probegroup': 'NEXN', 'offset_coordinates': 'chr1:78383619-78383748', 'five_prime_bases': 431, 'three_prime_bases': 316, 'region_id': 'chr1:78383214-78384039'}","{'GRAPES2': None, 'CNVKIT': None, 'DECON': '7.85', 'GATK_GCNV': None}",False,7.85,,,,,0.7415131659488977,False
237957142,237958656,chr1,DUP,RB38148,2,1,0,0,0,32.07920792079208,1.0,1514,"{'ID': 'CDS:ENST00000366574.7', 'Parent': 'ENST00000366574.7', 'gene_id': 'ENSG00000198626.18_1', 'transcript_id': 'ENST00000366574.7_1', 'gene_type': 'protein_coding', 'gene_name': 'RYR2', 'transcript_type': 'protein_coding', 'transcript_name': 'RYR2-201', 'exon_number': '95', 'exon_id': 'ENSE00000908209.1', 'level': '2', 'protein_id': 'ENSP00000355533.2', 'transcript_support_level': '1', 'hgnc_id': 'HGNC:10484', 'tag': 'non_canonical_conserved,basic,Ensembl_canonical,MANE_Select,appris_principal_1,CCDS', 'ccdsid': 'CCDS55691.1', 'havana_gene': 'OTTHUMG00000039543.5_1', 'havana_transcript': 'OTTHUMT00000095402.3_1', 'remap_original_location': 'chr1:+:237793867-237793997', 'remap_status': 'full_contig131', 'feature': 'CDS', 'feature_coordinates': 'chr1:237957167-237957297', 'probegroup': 'RYR2', 'offset_coordinates': 'chr1:237957141-237957322', 'five_prime_bases': 80, 'three_prime_bases': 78, 'region_id': 'chr1:237957087-237957375'}","{'GRAPES2': None, 'CNVKIT': None, 'DECON': '2.97', 'GATK_GCNV': None}",False,2.97,,,,,0.7415131659488977,False
179519147,179519747,chr2,DUP,RB38148,3,1,0,0,0,39.10149750415973,0.361111,600,"{'ID': 'CDS:ENST00000589042.5', 'Parent': 'ENST00000589042.5', 'gene_id': 'ENSG00000155657.29_1', 'transcript_id': 'ENST00000589042.5_1', 'gene_type': 'protein_coding', 'gene_name': 'TTN', 'transcript_type': 'protein_coding', 'transcript_name': 'TTN-214', 'exon_number': '192', 'exon_id': 'ENSE00002836035.1', 'level': '1', 'protein_id': 'ENSP00000467141.1', 'transcript_support_level': '5', 'hgnc_id': 'HGNC:12403', 'tag': 'inferred_exon_combination,non_submitted_evidence,basic,Ensembl_canonical,MANE_Select,appris_principal_1,exp_conf,CCDS', 'ccdsid': 'CCDS59435.1', 'havana_gene': 'OTTHUMG00000154448.23_1', 'havana_transcript': 'OTTHUMT00000450680.3_1', 'remap_original_location': 'chr2:-:178654445-178654534', 'remap_status': 'full_contig90', 'feature': 'CDS', 'feature_coordinates': 'chr2:179519172-179519261', 'probegroup': 'TTN', 'offset_coordinates': 'chr2:179519146-179519286', 'five_prime_bases': 3284, 'three_prime_bases': 539, 'region_id': 'chr2:179515888-179519800'}","{'GRAPES2': None, 'CNVKIT': None, 'DECON': '3.68', 'GATK_GCNV': None}",False,3.68,,,,,0.7415131659488977,False
179522583,179523107,chr2,DUP,RB38148,3,1,0,0,0,40.95238095238095,0.4166665,524,"{'ID': 'CDS:ENST00000589042.5', 'Parent': 'ENST00000589042.5', 'gene_id': 'ENSG00000155657.29_1', 'transcript_id': 'ENST00000589042.5_1', 'gene_type': 'protein_coding', 'gene_name': 'TTN', 'transcript_type': 'protein_coding', 'transcript_name': 'TTN-214', 'exon_number': '187', 'exon_id': 'ENSE00002960777.1', 'level': '1', 'protein_id': 'ENSP00000467141.1', 'transcript_support_level': '5', 'hgnc_id': 'HGNC:12403', 'tag': 'inferred_exon_combination,non_submitted_evidence,basic,Ensembl_canonical,MANE_Select,appris_principal_1,exp_conf,CCDS', 'ccdsid': 'CCDS59435.1', 'havana_gene': 'OTTHUMG00000154448.23_1', 'havana_transcript': 'OTTHUMT00000450680.3_1', 'remap_original_location': 'chr2:-:178657881-178657961', 'remap_status': 'full_contig81', 'feature': 'CDS', 'feature_coordinates': 'chr2:179522608-179522688', 'probegroup': 'TTN', 'offset_coordinates': 'chr2:179522582-179522713', 'five_prime_bases': 462, 'three_prime_bases': 1372, 'region_id': 'chr2:179522146-179524060'}","{'GRAPES2': None, 'CNVKIT': None, 'DECON': '5.96', 'GATK_GCNV': None}",False,5.96,,,,,0.7415131659488977,False
179526844,179528268,chr2,DUP,RB38148,7,1,0,0,0,40.35087719298245,0.486111,1424,"{'ID': 'CDS:ENST00000589042.5', 'Parent': 'ENST00000589042.5', 'gene_id': 'ENSG00000155657.29_1', 'transcript_id': 'ENST00000589042.5_1', 'gene_type': 'protein_coding', 'gene_name': 'TTN', 'transcript_type': 'protein_coding', 'transcript_name': 'TTN-214', 'exon_number': '178', 'exon_id': 'ENSE00002852676.1', 'level': '1', 'protein_id': 'ENSP00000467141.1', 'transcript_support_level': '5', 'hgnc_id': 'HGNC:12403', 'tag': 'inferred_exon_combination,non_submitted_evidence,basic,Ensembl_canonical,MANE_Select,appris_principal_1,exp_conf,CCDS', 'ccdsid': 'CCDS59435.1', 'havana_gene': 'OTTHUMG00000154448.23_1', 'havana_transcript': 'OTTHUMT00000450680.3_1', 'remap_original_location': 'chr2:-:178662142-178662222', 'remap_status': 'full_contig81', 'feature': 'CDS', 'feature_coordinates': 'chr2:179526869-179526949', 'probegroup': 'TTN', 'offset_coordinates': 'chr2:179526843-179526974', 'five_prime_bases': 462, 'three_prime_bases': 1954, 'region_id': 'chr2:179526407-179528903'}","{'GRAPES2': None, 'CNVKIT': None, 'DECON': '22.1', 'GATK_GCNV': None}",False,22.1,,,,,0.7415131659488977,False
179559301,179559658,chr2,DUP,RB38148,2,1,0,0,0,30.16759776536313,1.0,357,"{'ID': 'CDS:ENST00000589042.5', 'Parent': 'ENST00000589042.5', 'gene_id': 'ENSG00000155657.29_1', 'transcript_id': 'ENST00000589042.5_1', 'gene_type': 'protein_coding', 'gene_name': 'TTN', 'transcript_type': 'protein_coding', 'transcript_name': 'TTN-214', 'exon_number': '117', 'exon_id': 'ENSE00003806356.1', 'level': '1', 'protein_id': 'ENSP00000467141.1', 'transcript_support_level': '5', 'hgnc_id': 'HGNC:12403', 'tag': 'inferred_exon_combination,non_submitted_evidence,basic,Ensembl_canonical,MANE_Select,appris_principal_1,exp_conf,CCDS', 'ccdsid': 'CCDS59435.1', 'havana_gene': 'OTTHUMG00000154448.23_1', 'havana_transcript': 'OTTHUMT00000450680.3_1', 'remap_original_location': 'chr2:-:178694599-178694676', 'remap_status': 'full_contig78', 'feature': 'CDS', 'feature_coordinates': 'chr2:179559326-179559403', 'probegroup': 'TTN', 'offset_coordinates': 'chr2:179559300-179559428', 'five_prime_bases': 82, 'three_prime_bases': 311, 'region_id': 'chr2:179559244-179559714'}","{'GRAPES2': None, 'CNVKIT': None, 'DECON': '3.12', 'GATK_GCNV': None}",False,3.12,,,,,0.7415131659488977,False
30691737,30715763,chr3,DEL,RB38148,3,1,0,0,0,40.79577142381488,0.5395604428571429,24026,"{'ID': 'CDS:ENST00000295754.10', 'Parent': 'ENST00000295754.10', 'gene_id': 'ENSG00000163513.19_1', 'transcript_id': 'ENST00000295754.10_1', 'gene_type': 'protein_coding', 'gene_name': 'TGFBR2', 'transcript_type': 'protein_coding', 'transcript_name': 'TGFBR2-201', 'exon_number': '3', 'exon_id': 'ENSE00001629075.1', 'level': '2', 'protein_id': 'ENSP00000295754.5', 'transcript_support_level': '1', 'hgnc_id': 'HGNC:11773', 'tag': 'CAGE_supported_TSS,basic,Ensembl_canonical,MANE_Select,appris_principal_1,CCDS', 'ccdsid': 'CCDS2648.1', 'havana_gene': 'OTTHUMG00000130569.8_1', 'havana_transcript': 'OTTHUMT00000252994.3_1', 'remap_original_location': 'chr3:+:30650270-30650460', 'remap_status': 'full_contig191', 'feature': 'CDS', 'feature_coordinates': 'chr3:30691762-30691952', 'probegroup': 'TGFBR2', 'offset_coordinates': 'chr3:30691736-30691977', 'five_prime_bases': 38, 'three_prime_bases': 36, 'region_id': 'chr3:30691724-30691988'}","{'GRAPES2': None, 'CNVKIT': None, 'DECON': '6.87', 'GATK_GCNV': None}",False,6.87,,,,,0.7415131659488977,False
141291964,141292088,chr3,DUP,RB38148,1,1,0,0,0,25.6,1.0,124,"{'ID': 'CDS:ENST00000286364.9', 'Parent': 'ENST00000286364.9', 'gene_id': 'ENSG00000155903.14_1', 'transcript_id': 'ENST00000286364.9_1', 'gene_type': 'protein_coding', 'gene_name': 'RASA2', 'transcript_type': 'protein_coding', 'transcript_name': 'RASA2-201', 'exon_number': '13', 'exon_id': 'ENSE00001023313.1', 'level': '2', 'protein_id': 'ENSP00000286364.3', 'transcript_support_level': '1', 'hgnc_id': 'HGNC:9872', 'tag': 'basic,Ensembl_canonical,MANE_Select,appris_principal_1,CCDS', 'ccdsid': 'CCDS3117.1', 'havana_gene': 'OTTHUMG00000160221.5_1', 'havana_transcript': 'OTTHUMT00000359711.4_1', 'remap_original_location': 'chr3:+:141573147-141573221', 'remap_status': 'full_contig75', 'feature': 'CDS', 'feature_coordinates': 'chr3:141291989-141292063', 'probegroup': 'RASA2', 'offset_coordinates': 'chr3:141291963-141292088', 'five_prime_bases': 84, 'three_prime_bases': 82, 'region_id': 'chr3:141291905-141292145'}","{'GRAPES2': None, 'CNVKIT': None, 'DECON': '2.86', 'GATK_GCNV': None}",False,2.86,,,,,0.7415131659488977,False
127673664,127673839,chr5,DEL,RB38148,1,1,0,0,0,51.13636363636363,1.0,175,"{'ID': 'CDS:ENST00000262464.9', 'Parent': 'ENST00000262464.9', 'gene_id': 'ENSG00000138829.12_1', 'transcript_id': 'ENST00000262464.9_1', 'gene_type': 'protein_coding', 'gene_name': 'FBN2', 'transcript_type': 'protein_coding', 'transcript_name': 'FBN2-201', 'exon_number': '27', 'exon_id': 'ENSE00003889041.1', 'level': '2', 'protein_id': 'ENSP00000262464.4', 'transcript_support_level': '1', 'hgnc_id': 'HGNC:3604', 'tag': 'basic,Ensembl_canonical,MANE_Select,appris_principal_1,CCDS', 'ccdsid': 'CCDS34222.1', 'havana_gene': 'OTTHUMG00000163082.4_1', 'havana_transcript': 'OTTHUMT00000504447.2_1', 'remap_original_location': 'chr5:-:128337997-128338122', 'remap_status': 'full_contig126', 'feature': 'CDS', 'feature_coordinates': 'chr5:127673689-127673814', 'probegroup': 'FBN2', 'offset_coordinates': 'chr5:127673663-127673839', 'five_prime_bases': 82, 'three_prime_bases': 81, 'region_id': 'chr5:127673607-127673895'}","{'GRAPES2': None, 'CNVKIT': None, 'DECON': '6.64', 'GATK_GCNV': None}",False,6.64,,,,,0.7415131659488977,False
116754481,116758533,chr6,DUP,RB38148,2,1,0,0,0,38.909449790278806,0.7692307692307693,4052,"{'ID': 'CDS:ENST00000644252.3', 'Parent': 'ENST00000644252.3', 'gene_id': 'ENSG00000111817.19_1', 'transcript_id': 'ENST00000644252.3_1', 'gene_type': 'protein_coding', 'gene_name': 'DSE', 'transcript_type': 'protein_coding', 'transcript_name': 'DSE-213', 'exon_number': '5', 'exon_id': 'ENSE00000762640.1', 'level': '2', 'protein_id': 'ENSP00000494147.2', 'hgnc_id': 'HGNC:21144', 'tag': 'basic,Ensembl_canonical,MANE_Select,appris_principal_1,CCDS', 'ccdsid': 'CCDS5107.1', 'havana_gene': 'OTTHUMG00000015434.16_1', 'havana_transcript': 'OTTHUMT00000497107.2_1', 'remap_original_location': 'chr6:+:116433343-116433550', 'remap_status': 'full_contig208', 'feature': 'CDS', 'feature_coordinates': 'chr6:116754506-116754713', 'probegroup': 'DSE', 'offset_coordinates': 'chr6:116754480-116754738', 'five_prime_bases': 29, 'three_prime_bases': 28, 'region_id': 'chr6:116754477-116754741'}","{'GRAPES2': None, 'CNVKIT': None, 'DECON': '7.26', 'GATK_GCNV': None}",False,7.26,,,,,0.7415131659488977,False
123580744,123586508,chr6,DUP,RB38148,3,1,0,0,0,33.30442324371206,1.0,5764,"{'ID': 'CDS:ENST00000334268.9', 'Parent': 'ENST00000334268.9', 'gene_id': 'ENSG00000186439.14_1', 'transcript_id': 'ENST00000334268.9_1', 'gene_type': 'protein_coding', 'gene_name': 'TRDN', 'transcript_type': 'protein_coding', 'transcript_name': 'TRDN-201', 'exon_number': '35', 'exon_id': 'ENSE00001006458.1', 'level': '2', 'protein_id': 'ENSP00000333984.5', 'transcript_support_level': '1', 'hgnc_id': 'HGNC:12261', 'tag': 'CAGE_supported_TSS,basic,Ensembl_canonical,MANE_Select,appris_principal_3,CCDS', 'ccdsid': 'CCDS55053.1', 'havana_gene': 'OTTHUMG00000015497.4_1', 'havana_transcript': 'OTTHUMT00000042050.3_1', 'remap_original_location': 'chr6:-:123259624-123259662', 'remap_status': 'full_contig39', 'feature': 'CDS', 'feature_coordinates': 'chr6:123580769-123580807', 'probegroup': 'TRDN', 'offset_coordinates': 'chr6:123580743-123580832', 'five_prime_bases': 78, 'three_prime_bases': 76, 'region_id': 'chr6:123580691-123580883'}","{'GRAPES2': None, 'CNVKIT': None, 'DECON': '6.07', 'GATK_GCNV': None}",False,6.07,,,,,0.7415131659488977,False
123760064,123760173,chr6,DUP,RB38148,1,1,0,0,0,30.909090909090907,1.0,109,"{'ID': 'CDS:ENST00000334268.9', 'Parent': 'ENST00000334268.9', 'gene_id': 'ENSG00000186439.14_1', 'transcript_id': 'ENST00000334268.9_1', 'gene_type': 'protein_coding', 'gene_name': 'TRDN', 'transcript_type': 'protein_coding', 'transcript_name': 'TRDN-201', 'exon_number': '11', 'exon_id': 'ENSE00001006446.3', 'level': '2', 'protein_id': 'ENSP00000333984.5', 'transcript_support_level': '1', 'hgnc_id': 'HGNC:12261', 'tag': 'CAGE_supported_TSS,basic,Ensembl_canonical,MANE_Select,appris_principal_3,CCDS', 'ccdsid': 'CCDS55053.1', 'havana_gene': 'OTTHUMG00000015497.4_1', 'havana_transcript': 'OTTHUMT00000042050.3_1', 'remap_original_location': 'chr6:-:123438944-123439003', 'remap_status': 'full_contig60', 'feature': 'CDS', 'feature_coordinates': 'chr6:123760089-123760148', 'probegroup': 'TRDN', 'offset_coordinates': 'chr6:123760063-123760173', 'five_prime_bases': 79, 'three_prime_bases': 78, 'region_id': 'chr6:123760010-123760226'}","{'GRAPES2': None, 'CNVKIT': None, 'DECON': '3.8', 'GATK_GCNV': None}",False,3.8,,,,,0.7415131659488977,False
81596887,81598314,chr7,DUP,RB38148,2,1,0,0,0,31.092436974789916,1.0,1427,"{'ID': 'CDS:ENST00000356860.8', 'Parent': 'ENST00000356860.8', 'gene_id': 'ENSG00000153956.16_1', 'transcript_id': 'ENST00000356860.8_1', 'gene_type': 'protein_coding', 'gene_name': 'CACNA2D1', 'transcript_type': 'protein_coding', 'transcript_name': 'CACNA2D1-202', 'exon_number': '30', 'exon_id': 'ENSE00003619130.1', 'level': '2', 'protein_id': 'ENSP00000349320.3', 'transcript_support_level': '1', 'hgnc_id': 'HGNC:1399', 'tag': 'basic,Ensembl_canonical,MANE_Select,CCDS', 'ccdsid': 'CCDS5598.1', 'havana_gene': 'OTTHUMG00000023622.11_1', 'havana_transcript': 'OTTHUMT00000253340.5_1', 'remap_original_location': 'chr7:-:81967596-81967663', 'remap_status': 'full_contig68', 'feature': 'CDS', 'feature_coordinates': 'chr7:81596912-81596979', 'probegroup': 'CACNA2D1', 'offset_coordinates': 'chr7:81596886-81597004', 'five_prime_bases': 75, 'three_prime_bases': 74, 'region_id': 'chr7:81596837-81597053'}","{'GRAPES2': None, 'CNVKIT': None, 'DECON': '3.87', 'GATK_GCNV': None}",False,3.87,,,,,0.7415131659488977,False
45291140,45300433,chr17,DEL,RB38148,5,1,0,0,0,45.97589842909404,0.5800243420833333,9293,"{'ID': 'CDS:ENST00000393450.5', 'Parent': 'ENST00000393450.5', 'gene_id': 'ENSG00000198336.9_1', 'transcript_id': 'ENST00000393450.5_1', 'gene_type': 'protein_coding', 'gene_name': 'MYL4', 'transcript_type': 'protein_coding', 'transcript_name': 'MYL4-202', 'exon_number': '2', 'exon_id': 'ENSE00001110506.1', 'level': '2', 'protein_id': 'ENSP00000377096.1', 'transcript_support_level': '1', 'hgnc_id': 'HGNC:7585', 'tag': 'basic,Ensembl_canonical,MANE_Select,appris_principal_1,CCDS', 'ccdsid': 'CCDS11510.1', 'havana_gene': 'OTTHUMG00000178232.2_1', 'havana_transcript': 'OTTHUMT00000441064.1_1', 'remap_original_location': 'chr17:+:47213799-47213826', 'remap_status': 'full_contig28', 'feature': 'CDS', 'feature_coordinates': 'chr17:45291165-45291192', 'probegroup': 'MYL4', 'offset_coordinates': 'chr17:45291139-45291217', 'five_prime_bases': 83, 'three_prime_bases': 82, 'region_id': 'chr17:45291082-45291274'}","{'GRAPES2': None, 'CNVKIT': None, 'DECON': '35.8', 'GATK_GCNV': None}",False,35.8,,,,,0.7415131659488977,False
21340105,21340211,chr22,DUP,RB38148,1,1,0,0,0,61.6822429906542,1.0,106,"{'ID': 'CDS:ENST00000646124.2', 'Parent': 'ENST00000646124.2', 'gene_id': 'ENSG00000099949.21_1', 'transcript_id': 'ENST00000646124.2_1', 'gene_type': 'protein_coding', 'gene_name': 'LZTR1', 'transcript_type': 'protein_coding', 'transcript_name': 'LZTR1-221', 'exon_number': '3', 'exon_id': 'ENSE00003508485.1', 'level': '2', 'protein_id': 'ENSP00000496779.1', 'hgnc_id': 'HGNC:6742', 'tag': 'CAGE_supported_TSS,basic,Ensembl_canonical,MANE_Select,appris_principal_1,CCDS', 'ccdsid': 'CCDS33606.1', 'havana_gene': 'OTTHUMG00000150878.7_1', 'havana_transcript': 'OTTHUMT00000497424.2_1', 'remap_original_location': 'chr22:+:20985841-20985897', 'remap_status': 'full_contig57', 'feature': 'CDS', 'feature_coordinates': 'chr22:21340130-21340186', 'probegroup': 'LZTR1', 'offset_coordinates': 'chr22:21340104-21340211', 'five_prime_bases': 81, 'three_prime_bases': 79, 'region_id': 'chr22:21340049-21340265'}","{'GRAPES2': None, 'CNVKIT': None, 'DECON': '2.75', 'GATK_GCNV': None}",False,2.75,,,,,0.7415131659488977,False
107838713,107838856,chrX,DUP,RB38148,1,1,0,0,1,45.83333333333333,1.0,143,"{'ID': 'CDS:ENST00000328300.11', 'Parent': 'ENST00000328300.11', 'gene_id': 'ENSG00000188153.14_1', 'transcript_id': 'ENST00000328300.11_1', 'gene_type': 'protein_coding', 'gene_name': 'COL4A5', 'transcript_type': 'protein_coding', 'transcript_name': 'COL4A5-201', 'exon_number': '22', 'exon_id': 'ENSE00003471758.1', 'level': '2', 'protein_id': 'ENSP00000331902.7', 'transcript_support_level': '1', 'hgnc_id': 'HGNC:2207', 'tag': 'dotter_confirmed,basic,Ensembl_canonical,MANE_Select,appris_alternative_1,CCDS', 'ccdsid': 'CCDS35366.1', 'havana_gene': 'OTTHUMG00000022182.6_1', 'havana_transcript': 'OTTHUMT00000360023.1_1', 'remap_original_location': 'chrX:+:108595509-108595601', 'remap_status': 'full_contig93', 'feature': 'CDS', 'feature_coordinates': 'chrX:107838739-107838831', 'probegroup': 'COL4A5', 'offset_coordinates': 'chrX:107838713-107838856', 'five_prime_bases': 75, 'three_prime_bases': 73, 'region_id': 'chrX:107838664-107838904'}","{'GRAPES2': '0.99', 'CNVKIT': None, 'DECON': '11.7', 'GATK_GCNV': None}",False,11.7,,,0.99,,0.7415131659488977,False
137726767,137727100,chr9,DEL,RB38168,1,1,1,0,1,65.86826347305389,1.0,333,"{'ID': 'CDS:ENST00000371817.8', 'Parent': 'ENST00000371817.8', 'gene_id': 'ENSG00000130635.16_1', 'transcript_id': 'ENST00000371817.8_1', 'gene_type': 'protein_coding', 'gene_name': 'COL5A1', 'transcript_type': 'protein_coding', 'transcript_name': 'COL5A1-201', 'exon_number': '65', 'exon_id': 'ENSE00003788794.1', 'level': '2', 'protein_id': 'ENSP00000360882.3', 'transcript_support_level': '1', 'hgnc_id': 'HGNC:2209', 'tag': 'basic,Ensembl_canonical,MANE_Select,appris_principal_3,CCDS', 'ccdsid': 'CCDS6982.1', 'havana_gene': 'OTTHUMG00000020891.5_1', 'havana_transcript': 'OTTHUMT00000054954.4_1', 'remap_original_location': 'chr9:+:134834971-134835204', 'remap_status': 'full_contig234', 'feature': 'CDS', 'feature_coordinates': 'chr9:137726817-137727050', 'probegroup': 'COL5A1', 'offset_coordinates': 'chr9:137726791-137727075', 'five_prime_bases': 28, 'three_prime_bases': 27, 'region_id': 'chr9:137726789-137727077'}","{'GRAPES2': '0.406', 'CNVKIT': None, 'DECON': '24.4', 'GATK_GCNV': '333.40'}",True,24.4,333.40,,0.406,in_silico,0.9125106337681909,False
18429616,18439954,chr10,DEL,RB38168,2,1,1,0,0,40.93239191411161,0.5312498750000001,10338,"{'ID': 'CDS:ENST00000324631.13', 'Parent': 'ENST00000324631.13', 'gene_id': 'ENSG00000165995.23_1', 'transcript_id': 'ENST00000324631.13_1', 'gene_type': 'protein_coding', 'gene_name': 'CACNB2', 'transcript_type': 'protein_coding', 'transcript_name': 'CACNB2-202', 'exon_number': '1', 'exon_id': 'ENSE00001552836.2', 'level': '2', 'protein_id': 'ENSP00000320025.8', 'transcript_support_level': '1', 'hgnc_id': 'HGNC:1402', 'tag': 'basic,Ensembl_canonical,MANE_Select,CCDS', 'ccdsid': 'CCDS7125.1', 'havana_gene': 'OTTHUMG00000017764.9_1', 'havana_transcript': 'OTTHUMT00000047072.3_1', 'remap_original_location': 'chr10:+:18140737-18140856', 'remap_status': 'full_contig120', 'feature': 'CDS', 'feature_coordinates': 'chr10:18429666-18429785', 'probegroup': 'CACNB2', 'offset_coordinates': 'chr10:18429640-18429810', 'five_prime_bases': 85, 'three_prime_bases': 84, 'region_id': 'chr10:18429581-18429869'}","{'GRAPES2': None, 'CNVKIT': None, 'DECON': '33.1', 'GATK_GCNV': '241.98'}",False,33.1,241.98,,,,0.9125106337681909,False
52433287,52472126,chr15,DUP,RB38168,5,1,1,0,1,45.450566426364574,0.32079764965803115,38839,"{'ID': 'CDS:ENST00000261837.12', 'Parent': 'ENST00000261837.12', 'gene_id': 'ENSG00000069966.19_1', 'transcript_id': 'ENST00000261837.12_1', 'gene_type': 'protein_coding', 'gene_name': 'GNB5', 'transcript_type': 'protein_coding', 'transcript_name': 'GNB5-201', 'exon_number': '7', 'exon_id': 'ENSE00003475633.1', 'level': '2', 'protein_id': 'ENSP00000261837.7', 'transcript_support_level': '5', 'hgnc_id': 'HGNC:4401', 'tag': 'basic,Ensembl_canonical,MANE_Select,appris_principal_3,CCDS', 'ccdsid': 'CCDS10149.1', 'havana_gene': 'OTTHUMG00000131892.4_1', 'havana_transcript': 'OTTHUMT00000254842.2_1', 'remap_original_location': 'chr15:-:52141140-52141272', 'remap_status': 'full_contig133', 'feature': 'CDS', 'feature_coordinates': 'chr15:52433337-52433469', 'probegroup': 'GNB5', 'offset_coordinates': 'chr15:52433311-52433494', 'five_prime_bases': 79, 'three_prime_bases': 77, 'region_id': 'chr15:52433258-52433546'}","{'GRAPES2': '1.0', 'CNVKIT': None, 'DECON': '120', 'GATK_GCNV': '376.97'}",True,120,376.97,,1.0,in_silico,0.9125106337681909,False
179518129,179518847,chr2,DUP,RB38168,4,1,0,0,0,39.499304589707926,0.6666665,718,"{'ID': 'CDS:ENST00000589042.5', 'Parent': 'ENST00000589042.5', 'gene_id': 'ENSG00000155657.29_1', 'transcript_id': 'ENST00000589042.5_1', 'gene_type': 'protein_coding', 'gene_name': 'TTN', 'transcript_type': 'protein_coding', 'transcript_name': 'TTN-214', 'exon_number': '197', 'exon_id': 'ENSE00002834894.1', 'level': '1', 'protein_id': 'ENSP00000467141.1', 'transcript_support_level': '5', 'hgnc_id': 'HGNC:12403', 'tag': 'inferred_exon_combination,non_submitted_evidence,basic,Ensembl_canonical,MANE_Select,appris_principal_1,exp_conf,CCDS', 'ccdsid': 'CCDS59435.1', 'havana_gene': 'OTTHUMG00000154448.23_1', 'havana_transcript': 'OTTHUMT00000450680.3_1', 'remap_original_location': 'chr2:-:178653427-178653507', 'remap_status': 'full_contig81', 'feature': 'CDS', 'feature_coordinates': 'chr2:179518154-179518234', 'probegroup': 'TTN', 'offset_coordinates': 'chr2:179518128-179518259', 'five_prime_bases': 2266, 'three_prime_bases': 1566, 'region_id': 'chr2:179515888-179519800'}","{'GRAPES2': None, 'CNVKIT': None, 'DECON': '30.9', 'GATK_GCNV': None}",False,30.9,,,,,0.9125106337681909,False
179519447,179519747,chr2,DEL,RB38168,2,1,0,0,0,42.19269102990033,0.361111,300,"{'ID': 'CDS:ENST00000589042.5', 'Parent': 'ENST00000589042.5', 'gene_id': 'ENSG00000155657.29_1', 'transcript_id': 'ENST00000589042.5_1', 'gene_type': 'protein_coding', 'gene_name': 'TTN', 'transcript_type': 'protein_coding', 'transcript_name': 'TTN-214', 'exon_number': '191', 'exon_id': 'ENSE00001744095.2', 'level': '1', 'protein_id': 'ENSP00000467141.1', 'transcript_support_level': '5', 'hgnc_id': 'HGNC:12403', 'tag': 'inferred_exon_combination,non_submitted_evidence,basic,Ensembl_canonical,MANE_Select,appris_principal_1,exp_conf,CCDS', 'ccdsid': 'CCDS59435.1', 'havana_gene': 'OTTHUMG00000154448.23_1', 'havana_transcript': 'OTTHUMT00000450680.3_1', 'remap_original_location': 'chr2:-:178654745-178654828', 'remap_status': 'full_contig84', 'feature': 'CDS', 'feature_coordinates': 'chr2:179519472-179519555', 'probegroup': 'TTN', 'offset_coordinates': 'chr2:179519446-179519580', 'five_prime_bases': 3584, 'three_prime_bases': 245, 'region_id': 'chr2:179515888-179519800'}","{'GRAPES2': None, 'CNVKIT': None, 'DECON': '20.9', 'GATK_GCNV': None}",False,20.9,,,,,0.9125106337681909,False
179519447,179522519,chr2,DUP,RB38168,4,1,0,0,0,40.02603319232021,0.10489960587878781,3072,"{'ID': 'CDS:ENST00000589042.5', 'Parent': 'ENST00000589042.5', 'gene_id': 'ENSG00000155657.29_1', 'transcript_id': 'ENST00000589042.5_1', 'gene_type': 'protein_coding', 'gene_name': 'TTN', 'transcript_type': 'protein_coding', 'transcript_name': 'TTN-214', 'exon_number': '191', 'exon_id': 'ENSE00001744095.2', 'level': '1', 'protein_id': 'ENSP00000467141.1', 'transcript_support_level': '5', 'hgnc_id': 'HGNC:12403', 'tag': 'inferred_exon_combination,non_submitted_evidence,basic,Ensembl_canonical,MANE_Select,appris_principal_1,exp_conf,CCDS', 'ccdsid': 'CCDS59435.1', 'havana_gene': 'OTTHUMG00000154448.23_1', 'havana_transcript': 'OTTHUMT00000450680.3_1', 'remap_original_location': 'chr2:-:178654745-178654828', 'remap_status': 'full_contig84', 'feature': 'CDS', 'feature_coordinates': 'chr2:179519472-179519555', 'probegroup': 'TTN', 'offset_coordinates': 'chr2:179519446-179519580', 'five_prime_bases': 3584, 'three_prime_bases': 245, 'region_id': 'chr2:179515888-179519800'}","{'GRAPES2': None, 'CNVKIT': None, 'DECON': '-14.7', 'GATK_GCNV': None}",False,-14.7,,,,,0.9125106337681909,False
179522779,179523107,chr2,DEL,RB38168,2,1,0,0,0,41.03343465045592,0.4166665,328,"{'ID': 'CDS:ENST00000589042.5', 'Parent': 'ENST00000589042.5', 'gene_id': 'ENSG00000155657.29_1', 'transcript_id': 'ENST00000589042.5_1', 'gene_type': 'protein_coding', 'gene_name': 'TTN', 'transcript_type': 'protein_coding', 'transcript_name': 'TTN-214', 'exon_number': '186', 'exon_id': 'ENSE00002911976.1', 'level': '1', 'protein_id': 'ENSP00000467141.1', 'transcript_support_level': '5', 'hgnc_id': 'HGNC:12403', 'tag': 'inferred_exon_combination,non_submitted_evidence,basic,Ensembl_canonical,MANE_Select,appris_principal_1,exp_conf,CCDS', 'ccdsid': 'CCDS59435.1', 'havana_gene': 'OTTHUMG00000154448.23_1', 'havana_transcript': 'OTTHUMT00000450680.3_1', 'remap_original_location': 'chr2:-:178658077-178658157', 'remap_status': 'full_contig81', 'feature': 'CDS', 'feature_coordinates': 'chr2:179522804-179522884', 'probegroup': 'TTN', 'offset_coordinates': 'chr2:179522778-179522909', 'five_prime_bases': 658, 'three_prime_bases': 1176, 'region_id': 'chr2:179522146-179524060'}","{'GRAPES2': None, 'CNVKIT': None, 'DECON': '11.3', 'GATK_GCNV': None}",False,11.3,,,,,0.9125106337681909,False
179523707,179524007,chr2,DUP,RB38168,2,1,0,0,0,42.19269102990033,0.361111,300,"{'ID': 'CDS:ENST00000589042.5', 'Parent': 'ENST00000589042.5', 'gene_id': 'ENSG00000155657.29_1', 'transcript_id': 'ENST00000589042.5_1', 'gene_type': 'protein_coding', 'gene_name': 'TTN', 'transcript_type': 'protein_coding', 'transcript_name': 'TTN-214', 'exon_number': '182', 'exon_id': 'ENSE00003809569.1', 'level': '1', 'protein_id': 'ENSP00000467141.1', 'transcript_support_level': '5', 'hgnc_id': 'HGNC:12403', 'tag': 'inferred_exon_combination,non_submitted_evidence,basic,Ensembl_canonical,MANE_Select,appris_principal_1,exp_conf,CCDS', 'ccdsid': 'CCDS59435.1', 'havana_gene': 'OTTHUMG00000154448.23_1', 'havana_transcript': 'OTTHUMT00000450680.3_1', 'remap_original_location': 'chr2:-:178659005-178659088', 'remap_status': 'full_contig84', 'feature': 'CDS', 'feature_coordinates': 'chr2:179523732-179523815', 'probegroup': 'TTN', 'offset_coordinates': 'chr2:179523706-179523840', 'five_prime_bases': 1586, 'three_prime_bases': 245, 'region_id': 'chr2:179522146-179524060'}","{'GRAPES2': None, 'CNVKIT': None, 'DECON': '13.8', 'GATK_GCNV': None}",False,13.8,,,,,0.9125106337681909,False
179523707,179526780,chr2,DEL,RB38168,4,1,0,0,0,40.0455432661028,0.10807081153138069,3073,"{'ID': 'CDS:ENST00000589042.5', 'Parent': 'ENST00000589042.5', 'gene_id': 'ENSG00000155657.29_1', 'transcript_id': 'ENST00000589042.5_1', 'gene_type': 'protein_coding', 'gene_name': 'TTN', 'transcript_type': 'protein_coding', 'transcript_name': 'TTN-214', 'exon_number': '182', 'exon_id': 'ENSE00003809569.1', 'level': '1', 'protein_id': 'ENSP00000467141.1', 'transcript_support_level': '5', 'hgnc_id': 'HGNC:12403', 'tag': 'inferred_exon_combination,non_submitted_evidence,basic,Ensembl_canonical,MANE_Select,appris_principal_1,exp_conf,CCDS', 'ccdsid': 'CCDS59435.1', 'havana_gene': 'OTTHUMG00000154448.23_1', 'havana_transcript': 'OTTHUMT00000450680.3_1', 'remap_original_location': 'chr2:-:178659005-178659088', 'remap_status': 'full_contig84', 'feature': 'CDS', 'feature_coordinates': 'chr2:179523732-179523815', 'probegroup': 'TTN', 'offset_coordinates': 'chr2:179523706-179523840', 'five_prime_bases': 1586, 'three_prime_bases': 245, 'region_id': 'chr2:179522146-179524060'}","{'GRAPES2': None, 'CNVKIT': None, 'DECON': '-11.2', 'GATK_GCNV': None}",False,-11.2,,,,,0.9125106337681909,False
128498036,128498296,chr7,DUP,RB38168,1,1,0,0,1,64.36781609195403,0.5,260,"{'ID': 'CDS:ENST00000325888.13', 'Parent': 'ENST00000325888.13', 'gene_id': 'ENSG00000128591.16_1', 'transcript_id': 'ENST00000325888.13_1', 'gene_type': 'protein_coding', 'gene_name': 'FLNC', 'transcript_type': 'protein_coding', 'transcript_name': 'FLNC-201', 'exon_number': '47', 'exon_id': 'ENSE00002474613.1', 'level': '2', 'protein_id': 'ENSP00000327145.8', 'transcript_support_level': '1', 'hgnc_id': 'HGNC:3756', 'tag': 'basic,Ensembl_canonical,MANE_Select,appris_principal_3,CCDS', 'ccdsid': 'CCDS43644.1', 'havana_gene': 'OTTHUMG00000023627.3_1', 'havana_transcript': 'OTTHUMT00000059948.3_1', 'remap_original_location': 'chr7:+:128858008-128858217', 'remap_status': 'full_contig210', 'feature': 'CDS', 'feature_coordinates': 'chr7:128498062-128498271', 'probegroup': 'FLNC', 'offset_coordinates': 'chr7:128498036-128498296', 'five_prime_bases': 28, 'three_prime_bases': 332, 'region_id': 'chr7:128498034-128498603'}","{'GRAPES2': '0.459', 'CNVKIT': None, 'DECON': '19', 'GATK_GCNV': None}",False,19,,,0.459,,0.9125106337681909,False
92678597,92678754,chr10,DEL,RB38168,1,1,0,0,0,39.24050632911392,1.0,157,"{'ID': 'CDS:ENST00000371697.4', 'Parent': 'ENST00000371697.4', 'gene_id': 'ENSG00000148677.7_1', 'transcript_id': 'ENST00000371697.4_1', 'gene_type': 'protein_coding', 'gene_name': 'ANKRD1', 'transcript_type': 'protein_coding', 'transcript_name': 'ANKRD1-201', 'exon_number': '4', 'exon_id': 'ENSE00000986569.1', 'level': '2', 'protein_id': 'ENSP00000360762.3', 'transcript_support_level': '1', 'hgnc_id': 'HGNC:15819', 'tag': 'CAGE_supported_TSS,basic,Ensembl_canonical,MANE_Select,appris_principal_1,CCDS', 'ccdsid': 'CCDS7412.1', 'havana_gene': 'OTTHUMG00000018734.1_1', 'havana_transcript': 'OTTHUMT00000049357.1_1', 'remap_original_location': 'chr10:-:90918865-90918972', 'remap_status': 'full_contig108', 'feature': 'CDS', 'feature_coordinates': 'chr10:92678622-92678729', 'probegroup': 'ANKRD1', 'offset_coordinates': 'chr10:92678596-92678754', 'five_prime_bases': 79, 'three_prime_bases': 371, 'region_id': 'chr10:92678543-92679100'}","{'GRAPES2': None, 'CNVKIT': None, 'DECON': '3.9', 'GATK_GCNV': None}",False,3.9,,,,,0.9125106337681909,False
112583213,112583397,chr10,DEL,RB38168,1,1,0,0,0,45.40540540540541,1.0,184,"{'ID': 'CDS:ENST00000369519.4', 'Parent': 'ENST00000369519.4', 'gene_id': 'ENSG00000203867.8_1', 'transcript_id': 'ENST00000369519.4_1', 'gene_type': 'protein_coding', 'gene_name': 'RBM20', 'transcript_type': 'protein_coding', 'transcript_name': 'RBM20-201', 'exon_number': '12', 'exon_id': 'ENSE00002449242.1', 'level': '2', 'protein_id': 'ENSP00000358532.3', 'transcript_support_level': '1', 'hgnc_id': 'HGNC:27424', 'tag': 'basic,Ensembl_canonical,MANE_Select,appris_principal_1,CCDS', 'ccdsid': 'CCDS44477.1', 'havana_gene': 'OTTHUMG00000019043.6_1', 'havana_transcript': 'OTTHUMT00000050339.4_1', 'remap_original_location': 'chr10:+:110823480-110823614', 'remap_status': 'full_contig135', 'feature': 'CDS', 'feature_coordinates': 'chr10:112583238-112583372', 'probegroup': 'RBM20', 'offset_coordinates': 'chr10:112583212-112583397', 'five_prime_bases': 78, 'three_prime_bases': 76, 'region_id': 'chr10:112583160-112583448'}","{'GRAPES2': None, 'CNVKIT': None, 'DECON': '2.76', 'GATK_GCNV': None}",False,2.76,,,,,0.9125106337681909,False
179518518,179518649,chr2,DUP,RB38168,1,0,0,0,1,42.42424242424242,0.333333,131,"{'ID': 'CDS:ENST00000589042.5', 'Parent': 'ENST00000589042.5', 'gene_id': 'ENSG00000155657.29_1', 'transcript_id': 'ENST00000589042.5_1', 'gene_type': 'protein_coding', 'gene_name': 'TTN', 'transcript_type': 'protein_coding', 'transcript_name': 'TTN-214', 'exon_number': '195', 'exon_id': 'ENSE00002771288.1', 'level': '1', 'protein_id': 'ENSP00000467141.1', 'transcript_support_level': '5', 'hgnc_id': 'HGNC:12403', 'tag': 'inferred_exon_combination,non_submitted_evidence,basic,Ensembl_canonical,MANE_Select,appris_principal_1,exp_conf,CCDS', 'ccdsid': 'CCDS59435.1', 'havana_gene': 'OTTHUMG00000154448.23_1', 'havana_transcript': 'OTTHUMT00000450680.3_1', 'remap_original_location': 'chr2:-:178653817-178653897', 'remap_status': 'full_contig81', 'feature': 'CDS', 'feature_coordinates': 'chr2:179518544-179518624', 'probegroup': 'TTN', 'offset_coordinates': 'chr2:179518518-179518649', 'five_prime_bases': 2656, 'three_prime_bases': 1176, 'region_id': 'chr2:179515888-179519800'}","{'GRAPES2': '0.477', 'CNVKIT': None, 'DECON': None, 'GATK_GCNV': None}",False,,,,0.477,,0.9125106337681909,False
179526460,179526594,chr2,DEL,RB38168,1,0,0,0,1,41.48148148148148,0.4166665,134,"{'ID': 'CDS:ENST00000589042.5', 'Parent': 'ENST00000589042.5', 'gene_id': 'ENSG00000155657.29_1', 'transcript_id': 'ENST00000589042.5_1', 'gene_type': 'protein_coding', 'gene_name': 'TTN', 'transcript_type': 'protein_coding', 'transcript_name': 'TTN-214', 'exon_number': '180', 'exon_id': 'ENSE00002767327.1', 'level': '1', 'protein_id': 'ENSP00000467141.1', 'transcript_support_level': '5', 'hgnc_id': 'HGNC:12403', 'tag': 'inferred_exon_combination,non_submitted_evidence,basic,Ensembl_canonical,MANE_Select,appris_principal_1,exp_conf,CCDS', 'ccdsid': 'CCDS59435.1', 'havana_gene': 'OTTHUMG00000154448.23_1', 'havana_transcript': 'OTTHUMT00000450680.3_1', 'remap_original_location': 'chr2:-:178661759-178661842', 'remap_status': 'full_contig84', 'feature': 'CDS', 'feature_coordinates': 'chr2:179526486-179526569', 'probegroup': 'TTN', 'offset_coordinates': 'chr2:179526460-179526594', 'five_prime_bases': 79, 'three_prime_bases': 2334, 'region_id': 'chr2:179526407-179528903'}","{'GRAPES2': '0.411', 'CNVKIT': None, 'DECON': None, 'GATK_GCNV': None}",False,,,,0.411,,0.9125106337681909,False
35280441,35293281,chr7,DEL,RB38558,5,1,1,0,1,39.13246631882252,0.7857142857142857,12840,"{'ID': 'CDS:ENST00000408931.4', 'Parent': 'ENST00000408931.4', 'gene_id': 'ENSG00000164532.11_1', 'transcript_id': 'ENST00000408931.4_1', 'gene_type': 'protein_coding', 'gene_name': 'TBX20', 'transcript_type': 'protein_coding', 'transcript_name': 'TBX20-201', 'exon_number': '5', 'exon_id': 'ENSE00003550405.1', 'level': '2', 'protein_id': 'ENSP00000386170.3', 'transcript_support_level': '1', 'hgnc_id': 'HGNC:11598', 'tag': 'basic,Ensembl_canonical,MANE_Select,appris_principal_1,CCDS', 'ccdsid': 'CCDS43568.1', 'havana_gene': 'OTTHUMG00000099411.5_1', 'havana_transcript': 'OTTHUMT00000216870.4_1', 'remap_original_location': 'chr7:-:35240879-35241037', 'remap_status': 'full_contig159', 'feature': 'CDS', 'feature_coordinates': 'chr7:35280491-35280649', 'probegroup': 'TBX20', 'offset_coordinates': 'chr7:35280465-35280674', 'five_prime_bases': 78, 'three_prime_bases': 76, 'region_id': 'chr7:35280413-35280725'}","{'GRAPES2': '0.836', 'CNVKIT': None, 'DECON': '73.1', 'GATK_GCNV': '384.57'}",True,73.1,384.57,,0.836,in_silico,0.8582415662686954,False
67680038,67863057,chr10,DUP,RB38558,5,1,1,0,1,35.57097584963392,0.2362847080652523,183019,"{'ID': 'CDS:ENST00000433211.7', 'Parent': 'ENST00000433211.7', 'gene_id': 'ENSG00000183230.18_1', 'transcript_id': 'ENST00000433211.7_1', 'gene_type': 'protein_coding', 'gene_name': 'CTNNA3', 'transcript_type': 'protein_coding', 'transcript_name': 'CTNNA3-203', 'exon_number': '18', 'exon_id': 'ENSE00001721297.3', 'level': '2', 'protein_id': 'ENSP00000389714.1', 'transcript_support_level': '1', 'hgnc_id': 'HGNC:2511', 'tag': 'basic,Ensembl_canonical,MANE_Select,appris_principal_1,CCDS', 'ccdsid': 'CCDS7269.1', 'havana_gene': 'OTTHUMG00000018334.8_1', 'havana_transcript': 'OTTHUMT00000048282.3_1', 'remap_original_location': 'chr10:-:65920330-65920617', 'remap_status': 'full_contig288', 'feature': 'CDS', 'feature_coordinates': 'chr10:67680088-67680375', 'probegroup': 'CTNNA3', 'offset_coordinates': 'chr10:67680062-67680400', 'five_prime_bases': 37, 'three_prime_bases': 36, 'region_id': 'chr10:67680051-67680411'}","{'GRAPES2': '1.0', 'CNVKIT': None, 'DECON': '74.9', 'GATK_GCNV': '29.19'}",True,74.9,29.19,,1.0,in_silico,0.8582415662686954,False
179518714,179518847,chr2,DUP,RB38558,1,1,0,0,0,41.04477611940299,0.6666665,133,"{'ID': 'CDS:ENST00000589042.5', 'Parent': 'ENST00000589042.5', 'gene_id': 'ENSG00000155657.29_1', 'transcript_id': 'ENST00000589042.5_1', 'gene_type': 'protein_coding', 'gene_name': 'TTN', 'transcript_type': 'protein_coding', 'transcript_name': 'TTN-214', 'exon_number': '194', 'exon_id': 'ENSE00002938148.1', 'level': '1', 'protein_id': 'ENSP00000467141.1', 'transcript_support_level': '5', 'hgnc_id': 'HGNC:12403', 'tag': 'inferred_exon_combination,non_submitted_evidence,basic,Ensembl_canonical,MANE_Select,appris_principal_1,exp_conf,CCDS', 'ccdsid': 'CCDS59435.1', 'havana_gene': 'OTTHUMG00000154448.23_1', 'havana_transcript': 'OTTHUMT00000450680.3_1', 'remap_original_location': 'chr2:-:178654012-178654095', 'remap_status': 'full_contig84', 'feature': 'CDS', 'feature_coordinates': 'chr2:179518739-179518822', 'probegroup': 'TTN', 'offset_coordinates': 'chr2:179518713-179518847', 'five_prime_bases': 2851, 'three_prime_bases': 978, 'region_id': 'chr2:179515888-179519800'}","{'GRAPES2': None, 'CNVKIT': None, 'DECON': '2.74', 'GATK_GCNV': None}",False,2.74,,,,,0.8582415662686954,False
179522974,179524007,chr2,DUP,RB38558,5,1,0,0,0,40.32882011605416,0.3833332,1033,"{'ID': 'CDS:ENST00000589042.5', 'Parent': 'ENST00000589042.5', 'gene_id': 'ENSG00000155657.29_1', 'transcript_id': 'ENST00000589042.5_1', 'gene_type': 'protein_coding', 'gene_name': 'TTN', 'transcript_type': 'protein_coding', 'transcript_name': 'TTN-214', 'exon_number': '185', 'exon_id': 'ENSE00002961719.1', 'level': '1', 'protein_id': 'ENSP00000467141.1', 'transcript_support_level': '5', 'hgnc_id': 'HGNC:12403', 'tag': 'inferred_exon_combination,non_submitted_evidence,basic,Ensembl_canonical,MANE_Select,appris_principal_1,exp_conf,CCDS', 'ccdsid': 'CCDS59435.1', 'havana_gene': 'OTTHUMG00000154448.23_1', 'havana_transcript': 'OTTHUMT00000450680.3_1', 'remap_original_location': 'chr2:-:178658272-178658355', 'remap_status': 'full_contig84', 'feature': 'CDS', 'feature_coordinates': 'chr2:179522999-179523082', 'probegroup': 'TTN', 'offset_coordinates': 'chr2:179522973-179523107', 'five_prime_bases': 853, 'three_prime_bases': 978, 'region_id': 'chr2:179522146-179524060'}","{'GRAPES2': None, 'CNVKIT': None, 'DECON': '7.87', 'GATK_GCNV': None}",False,7.87,,,,,0.8582415662686954,False
179561823,179561920,chr2,DUP,RB38558,1,1,0,0,0,30.612244897959183,1.0,97,"{'ID': 'CDS:ENST00000589042.5', 'Parent': 'ENST00000589042.5', 'gene_id': 'ENSG00000155657.29_1', 'transcript_id': 'ENST00000589042.5_1', 'gene_type': 'protein_coding', 'gene_name': 'TTN', 'transcript_type': 'protein_coding', 'transcript_name': 'TTN-214', 'exon_number': '113', 'exon_id': 'ENSE00003810688.1', 'level': '1', 'protein_id': 'ENSP00000467141.1', 'transcript_support_level': '5', 'hgnc_id': 'HGNC:12403', 'tag': 'inferred_exon_combination,non_submitted_evidence,basic,Ensembl_canonical,MANE_Select,appris_principal_1,exp_conf,CCDS', 'ccdsid': 'CCDS59435.1', 'havana_gene': 'OTTHUMG00000154448.23_1', 'havana_transcript': 'OTTHUMT00000450680.3_1', 'remap_original_location': 'chr2:-:178697121-178697168', 'remap_status': 'full_contig48', 'feature': 'CDS', 'feature_coordinates': 'chr2:179561848-179561895', 'probegroup': 'TTN', 'offset_coordinates': 'chr2:179561822-179561920', 'five_prime_bases': 85, 'three_prime_bases': 84, 'region_id': 'chr2:179561763-179561979'}","{'GRAPES2': None, 'CNVKIT': None, 'DECON': '3.11', 'GATK_GCNV': None}",False,3.11,,,,,0.8582415662686954,False
189852782,189854200,chr2,DUP,RB38558,3,1,0,0,0,30.162085976039464,1.0,1418,"{'ID': 'CDS:ENST00000304636.9', 'Parent': 'ENST00000304636.9', 'gene_id': 'ENSG00000168542.16_1', 'transcript_id': 'ENST00000304636.9_1', 'gene_type': 'protein_coding', 'gene_name': 'COL3A1', 'transcript_type': 'protein_coding', 'transcript_name': 'COL3A1-201', 'exon_number': '6', 'exon_id': 'ENSE00001130157.1', 'level': '2', 'protein_id': 'ENSP00000304408.4', 'transcript_support_level': '1', 'hgnc_id': 'HGNC:2201', 'tag': 'CAGE_supported_TSS,basic,Ensembl_canonical,MANE_Select,appris_principal_1,CCDS', 'ccdsid': 'CCDS2297.1', 'havana_gene': 'OTTHUMG00000132648.7_1', 'havana_transcript': 'OTTHUMT00000255899.4_1', 'remap_original_location': 'chr2:+:188988081-188988134', 'remap_status': 'full_contig54', 'feature': 'CDS', 'feature_coordinates': 'chr2:189852807-189852860', 'probegroup': 'COL3A1', 'offset_coordinates': 'chr2:189852781-189852885', 'five_prime_bases': 82, 'three_prime_bases': 81, 'region_id': 'chr2:189852725-189852941'}","{'GRAPES2': None, 'CNVKIT': None, 'DECON': '4.57', 'GATK_GCNV': None}",False,4.57,,,,,0.8582415662686954,False
131714044,131714198,chr5,DEL,RB38558,1,1,0,0,1,54.19354838709678,1.0,154,"{'ID': 'CDS:ENST00000245407.8', 'Parent': 'ENST00000245407.8', 'gene_id': 'ENSG00000197375.14_1', 'transcript_id': 'ENST00000245407.8_1', 'gene_type': 'protein_coding', 'gene_name': 'SLC22A5', 'transcript_type': 'protein_coding', 'transcript_name': 'SLC22A5-201', 'exon_number': '2', 'exon_id': 'ENSE00002492882.1', 'level': '2', 'protein_id': 'ENSP00000245407.3', 'transcript_support_level': '1', 'hgnc_id': 'HGNC:10969', 'tag': 'basic,Ensembl_canonical,MANE_Select,appris_principal_1,CCDS', 'ccdsid': 'CCDS4154.1', 'havana_gene': 'OTTHUMG00000059634.15_1', 'havana_transcript': 'OTTHUMT00000132631.2_1', 'remap_original_location': 'chr5:+:132378378-132378481', 'remap_status': 'full_contig104', 'feature': 'CDS', 'feature_coordinates': 'chr5:131714070-131714173', 'probegroup': 'SLC22A5', 'offset_coordinates': 'chr5:131714044-131714198', 'five_prime_bases': 299, 'three_prime_bases': 80, 'region_id': 'chr5:131713771-131714253'}","{'GRAPES2': '0.817', 'CNVKIT': None, 'DECON': '16.8', 'GATK_GCNV': None}",False,16.8,,,0.817,,0.8582415662686954,False
32662223,32662455,chrX,DUP,RB38558,1,1,0,0,1,38.197424892703864,1.0,232,"{'ID': 'CDS:ENST00000357033.9', 'Parent': 'ENST00000357033.9', 'gene_id': 'ENSG00000198947.18_1', 'transcript_id': 'ENST00000357033.9_1', 'gene_type': 'protein_coding', 'gene_name': 'DMD', 'transcript_type': 'protein_coding', 'transcript_name': 'DMD-203', 'exon_number': '11', 'exon_id': 'ENSE00001435687.1', 'level': '2', 'protein_id': 'ENSP00000354923.3', 'transcript_support_level': '1', 'hgnc_id': 'HGNC:2928', 'tag': 'basic,Ensembl_canonical,MANE_Select,appris_principal_3,CCDS', 'ccdsid': 'CCDS14233.1', 'havana_gene': 'OTTHUMG00000021336.7_1', 'havana_transcript': 'OTTHUMT00000056182.2_1', 'remap_original_location': 'chrX:-:32644132-32644313', 'remap_status': 'full_contig182', 'feature': 'CDS', 'feature_coordinates': 'chrX:32662249-32662430', 'probegroup': 'DMD', 'offset_coordinates': 'chrX:32662223-32662455', 'five_prime_bases': 30, 'three_prime_bases': 29, 'region_id': 'chrX:32662219-32662459'}","{'GRAPES2': '0.907', 'CNVKIT': None, 'DECON': '12.4', 'GATK_GCNV': None}",True,12.4,,,0.907,in_silico,0.8582415662686954,False
92184819,92263078,chr1,DUP,RB38637,8,1,1,0,1,42.4980833120368,0.43613235,78259,"{'ID': 'CDS:ENST00000212355.9', 'Parent': 'ENST00000212355.9', 'gene_id': 'ENSG00000069702.11_1', 'transcript_id': 'ENST00000212355.9_1', 'gene_type': 'protein_coding', 'gene_name': 'TGFBR3', 'transcript_type': 'protein_coding', 'transcript_name': 'TGFBR3-201', 'exon_number': '10', 'exon_id': 'ENSE00003513471.1', 'level': '2', 'protein_id': 'ENSP00000212355.4', 'transcript_support_level': '1', 'hgnc_id': 'HGNC:11774', 'tag': 'basic,Ensembl_canonical,MANE_Select,appris_principal_3,CCDS', 'ccdsid': 'CCDS30770.1', 'havana_gene': 'OTTHUMG00000010097.7_1', 'havana_transcript': 'OTTHUMT00000504230.2_1', 'remap_original_location': 'chr1:-:91719312-91719464', 'remap_status': 'full_contig153', 'feature': 'CDS', 'feature_coordinates': 'chr1:92184869-92185021', 'probegroup': 'TGFBR3', 'offset_coordinates': 'chr1:92184843-92185046', 'five_prime_bases': 81, 'three_prime_bases': 79, 'region_id': 'chr1:92184788-92185100'}","{'GRAPES2': '1.0', 'CNVKIT': None, 'DECON': '130', 'GATK_GCNV': '115.36'}",True,130,115.36,,1.0,in_silico,0.8430130260070062,False
39233503,39242037,chr2,DEL,RB38637,7,1,1,0,1,35.383714118336265,1.0,8534,"{'ID': 'CDS:ENST00000402219.8', 'Parent': 'ENST00000402219.8', 'gene_id': 'ENSG00000115904.15_1', 'transcript_id': 'ENST00000402219.8_1', 'gene_type': 'protein_coding', 'gene_name': 'SOS1', 'transcript_type': 'protein_coding', 'transcript_name': 'SOS1-202', 'exon_number': '17', 'exon_id': 'ENSE00003629205.1', 'level': '2', 'protein_id': 'ENSP00000384675.2', 'transcript_support_level': '1', 'hgnc_id': 'HGNC:11187', 'tag': 'basic,Ensembl_canonical,MANE_Select,appris_principal_2,CCDS', 'ccdsid': 'CCDS1802.1', 'havana_gene': 'OTTHUMG00000102109.6_1', 'havana_transcript': 'OTTHUMT00000219948.4_1', 'remap_original_location': 'chr2:-:39006412-39006529', 'remap_status': 'full_contig118', 'feature': 'CDS', 'feature_coordinates': 'chr2:39233553-39233670', 'probegroup': 'SOS1', 'offset_coordinates': 'chr2:39233527-39233695', 'five_prime_bases': 74, 'three_prime_bases': 73, 'region_id': 'chr2:39233479-39233743'}","{'GRAPES2': '0.996', 'CNVKIT': None, 'DECON': '61.4', 'GATK_GCNV': '342.89'}",True,61.4,342.89,,0.996,in_silico,0.8430130260070062,False
179518714,179518847,chr2,DEL,RB38637,1,1,0,0,0,41.04477611940299,0.6666665,133,"{'ID': 'CDS:ENST00000589042.5', 'Parent': 'ENST00000589042.5', 'gene_id': 'ENSG00000155657.29_1', 'transcript_id': 'ENST00000589042.5_1', 'gene_type': 'protein_coding', 'gene_name': 'TTN', 'transcript_type': 'protein_coding', 'transcript_name': 'TTN-214', 'exon_number': '194', 'exon_id': 'ENSE00002938148.1', 'level': '1', 'protein_id': 'ENSP00000467141.1', 'transcript_support_level': '5', 'hgnc_id': 'HGNC:12403', 'tag': 'inferred_exon_combination,non_submitted_evidence,basic,Ensembl_canonical,MANE_Select,appris_principal_1,exp_conf,CCDS', 'ccdsid': 'CCDS59435.1', 'havana_gene': 'OTTHUMG00000154448.23_1', 'havana_transcript': 'OTTHUMT00000450680.3_1', 'remap_original_location': 'chr2:-:178654012-178654095', 'remap_status': 'full_contig84', 'feature': 'CDS', 'feature_coordinates': 'chr2:179518739-179518822', 'probegroup': 'TTN', 'offset_coordinates': 'chr2:179518713-179518847', 'five_prime_bases': 2851, 'three_prime_bases': 978, 'region_id': 'chr2:179515888-179519800'}","{'GRAPES2': None, 'CNVKIT': None, 'DECON': '3.24', 'GATK_GCNV': None}",False,3.24,,,,,0.8430130260070062,False
179519147,179519580,chr2,DEL,RB38637,2,1,0,0,0,38.47926267281106,0.333333,433,"{'ID': 'CDS:ENST00000589042.5', 'Parent': 'ENST00000589042.5', 'gene_id': 'ENSG00000155657.29_1', 'transcript_id': 'ENST00000589042.5_1', 'gene_type': 'protein_coding', 'gene_name': 'TTN', 'transcript_type': 'protein_coding', 'transcript_name': 'TTN-214', 'exon_number': '192', 'exon_id': 'ENSE00002836035.1', 'level': '1', 'protein_id': 'ENSP00000467141.1', 'transcript_support_level': '5', 'hgnc_id': 'HGNC:12403', 'tag': 'inferred_exon_combination,non_submitted_evidence,basic,Ensembl_canonical,MANE_Select,appris_principal_1,exp_conf,CCDS', 'ccdsid': 'CCDS59435.1', 'havana_gene': 'OTTHUMG00000154448.23_1', 'havana_transcript': 'OTTHUMT00000450680.3_1', 'remap_original_location': 'chr2:-:178654445-178654534', 'remap_status': 'full_contig90', 'feature': 'CDS', 'feature_coordinates': 'chr2:179519172-179519261', 'probegroup': 'TTN', 'offset_coordinates': 'chr2:179519146-179519286', 'five_prime_bases': 3284, 'three_prime_bases': 539, 'region_id': 'chr2:179515888-179519800'}","{'GRAPES2': None, 'CNVKIT': None, 'DECON': '12', 'GATK_GCNV': None}",False,12,,,,,0.8430130260070062,False
179523707,179526974,chr2,DEL,RB38637,5,1,0,0,0,39.99388004895961,0.10807081153138069,3267,"{'ID': 'CDS:ENST00000589042.5', 'Parent': 'ENST00000589042.5', 'gene_id': 'ENSG00000155657.29_1', 'transcript_id': 'ENST00000589042.5_1', 'gene_type': 'protein_coding', 'gene_name': 'TTN', 'transcript_type': 'protein_coding', 'transcript_name': 'TTN-214', 'exon_number': '182', 'exon_id': 'ENSE00003809569.1', 'level': '1', 'protein_id': 'ENSP00000467141.1', 'transcript_support_level': '5', 'hgnc_id': 'HGNC:12403', 'tag': 'inferred_exon_combination,non_submitted_evidence,basic,Ensembl_canonical,MANE_Select,appris_principal_1,exp_conf,CCDS', 'ccdsid': 'CCDS59435.1', 'havana_gene': 'OTTHUMG00000154448.23_1', 'havana_transcript': 'OTTHUMT00000450680.3_1', 'remap_original_location': 'chr2:-:178659005-178659088', 'remap_status': 'full_contig84', 'feature': 'CDS', 'feature_coordinates': 'chr2:179523732-179523815', 'probegroup': 'TTN', 'offset_coordinates': 'chr2:179523706-179523840', 'five_prime_bases': 1586, 'three_prime_bases': 245, 'region_id': 'chr2:179522146-179524060'}","{'GRAPES2': None, 'CNVKIT': None, 'DECON': '32.3', 'GATK_GCNV': None}",False,32.3,,,,,0.8430130260070062,False
179527968,179528101,chr2,DEL,RB38637,1,1,0,0,0,43.28358208955223,0.333333,133,"{'ID': 'CDS:ENST00000589042.5', 'Parent': 'ENST00000589042.5', 'gene_id': 'ENSG00000155657.29_1', 'transcript_id': 'ENST00000589042.5_1', 'gene_type': 'protein_coding', 'gene_name': 'TTN', 'transcript_type': 'protein_coding', 'transcript_name': 'TTN-214', 'exon_number': '173', 'exon_id': 'ENSE00002763838.1', 'level': '1', 'protein_id': 'ENSP00000467141.1', 'transcript_support_level': '5', 'hgnc_id': 'HGNC:12403', 'tag': 'inferred_exon_combination,non_submitted_evidence,basic,Ensembl_canonical,MANE_Select,appris_principal_1,exp_conf,CCDS', 'ccdsid': 'CCDS59435.1', 'havana_gene': 'OTTHUMG00000154448.23_1', 'havana_transcript': 'OTTHUMT00000450680.3_1', 'remap_original_location': 'chr2:-:178663266-178663349', 'remap_status': 'full_contig84', 'feature': 'CDS', 'feature_coordinates': 'chr2:179527993-179528076', 'probegroup': 'TTN', 'offset_coordinates': 'chr2:179527967-179528101', 'five_prime_bases': 1586, 'three_prime_bases': 827, 'region_id': 'chr2:179526407-179528903'}","{'GRAPES2': None, 'CNVKIT': None, 'DECON': '6.65', 'GATK_GCNV': None}",False,6.65,,,,,0.8430130260070062,False
57846401,57846591,chr3,DEL,RB38637,1,1,0,0,0,31.413612565445025,1.0,190,"{'ID': 'CDS:ENST00000671191.1', 'Parent': 'ENST00000671191.1', 'gene_id': 'ENSG00000163681.16_1', 'transcript_id': 'ENST00000671191.1_1', 'gene_type': 'protein_coding', 'gene_name': 'SLMAP', 'transcript_type': 'protein_coding', 'transcript_name': 'SLMAP-230', 'exon_number': '9', 'exon_id': 'ENSE00003597354.1', 'level': '2', 'protein_id': 'ENSP00000499458.1', 'hgnc_id': 'HGNC:16643', 'tag': 'CAGE_supported_TSS,RNA_Seq_supported_only,basic,Ensembl_canonical,MANE_Select,appris_alternative_1', 'havana_gene': 'OTTHUMG00000133764.5_1', 'havana_transcript': 'OTTHUMT00000504658.2_1', 'remap_original_location': 'chr3:+:57860699-57860839', 'remap_status': 'full_contig141', 'feature': 'CDS', 'feature_coordinates': 'chr3:57846426-57846566', 'probegroup': 'SLMAP', 'offset_coordinates': 'chr3:57846400-57846591', 'five_prime_bases': 75, 'three_prime_bases': 73, 'region_id': 'chr3:57846351-57846639'}","{'GRAPES2': None, 'CNVKIT': None, 'DECON': '5.8', 'GATK_GCNV': None}",False,5.8,,,,,0.8430130260070062,False
91713929,91714042,chr7,DEL,RB38637,1,1,0,0,0,34.21052631578947,1.0,113,"{'ID': 'CDS:ENST00000356239.8', 'Parent': 'ENST00000356239.8', 'gene_id': 'ENSG00000127914.19_1', 'transcript_id': 'ENST00000356239.8_1', 'gene_type': 'protein_coding', 'gene_name': 'AKAP9', 'transcript_type': 'protein_coding', 'transcript_name': 'AKAP9-201', 'exon_number': '34', 'exon_id': 'ENSE00001615779.1', 'level': '2', 'protein_id': 'ENSP00000348573.3', 'transcript_support_level': '1', 'hgnc_id': 'HGNC:379', 'tag': 'CAGE_supported_TSS,basic,Ensembl_canonical,MANE_Select,appris_principal_2,CCDS', 'ccdsid': 'CCDS5622.1', 'havana_gene': 'OTTHUMG00000131127.6_1', 'havana_transcript': 'OTTHUMT00000253808.3_1', 'remap_original_location': 'chr7:+:92084640-92084703', 'remap_status': 'full_contig64', 'feature': 'CDS', 'feature_coordinates': 'chr7:91713954-91714017', 'probegroup': 'AKAP9', 'offset_coordinates': 'chr7:91713928-91714042', 'five_prime_bases': 77, 'three_prime_bases': 320, 'region_id': 'chr7:91713877-91714337'}","{'GRAPES2': None, 'CNVKIT': None, 'DECON': '3.62', 'GATK_GCNV': None}",False,3.62,,,,,0.8430130260070062,False
150674901,150675026,chr7,DUP,RB38637,1,1,0,0,0,70.63492063492063,1.0,125,"{'ID': 'CDS:ENST00000262186.10', 'Parent': 'ENST00000262186.10', 'gene_id': 'ENSG00000055118.17_1', 'transcript_id': 'ENST00000262186.10_1', 'gene_type': 'protein_coding', 'gene_name': 'KCNH2', 'transcript_type': 'protein_coding', 'transcript_name': 'KCNH2-201', 'exon_number': '1', 'exon_id': 'ENSE00001475694.4', 'level': '2', 'protein_id': 'ENSP00000262186.5', 'transcript_support_level': '1', 'hgnc_id': 'HGNC:6251', 'tag': 'basic,Ensembl_canonical,MANE_Select,appris_principal_1,CCDS', 'ccdsid': 'CCDS5910.1', 'havana_gene': 'OTTHUMG00000158341.5_1', 'havana_transcript': 'OTTHUMT00000350741.3_1', 'remap_original_location': 'chr7:-:150977838-150977913', 'remap_status': 'full_contig76', 'feature': 'CDS', 'feature_coordinates': 'chr7:150674926-150675001', 'probegroup': 'KCNH2', 'offset_coordinates': 'chr7:150674900-150675026', 'five_prime_bases': 83, 'three_prime_bases': 82, 'region_id': 'chr7:150674843-150675083'}","{'GRAPES2': None, 'CNVKIT': None, 'DECON': '5.77', 'GATK_GCNV': None}",False,5.77,,,,,0.8430130260070062,False
69908084,69908249,chr10,DEL,RB38637,1,1,0,0,1,46.98795180722892,1.0,165,"{'ID': 'CDS:ENST00000358913.10', 'Parent': 'ENST00000358913.10', 'gene_id': 'ENSG00000138347.17_1', 'transcript_id': 'ENST00000358913.10_1', 'gene_type': 'protein_coding', 'gene_name': 'MYPN', 'transcript_type': 'protein_coding', 'transcript_name': 'MYPN-202', 'exon_number': '5', 'exon_id': 'ENSE00000993829.1', 'level': '2', 'protein_id': 'ENSP00000351790.5', 'transcript_support_level': '1', 'hgnc_id': 'HGNC:23246', 'tag': 'basic,Ensembl_canonical,MANE_Select,appris_principal_1,CCDS', 'ccdsid': 'CCDS7275.1', 'havana_gene': 'OTTHUMG00000018344.1_1', 'havana_transcript': 'OTTHUMT00000048307.1_1', 'remap_original_location': 'chr10:+:68148353-68148467', 'remap_status': 'full_contig115', 'feature': 'CDS', 'feature_coordinates': 'chr10:69908110-69908224', 'probegroup': 'MYPN', 'offset_coordinates': 'chr10:69908084-69908249', 'five_prime_bases': 76, 'three_prime_bases': 74, 'region_id': 'chr10:69908034-69908298'}","{'GRAPES2': '0.345', 'CNVKIT': None, 'DECON': '10.6', 'GATK_GCNV': None}",False,10.6,,,0.345,,0.8430130260070062,False
111350875,111351153,chr12,DEL,RB38637,2,1,0,0,0,55.91397849462365,1.0,278,"{'ID': 'CDS:ENST00000228841.15', 'Parent': 'ENST00000228841.15', 'gene_id': 'ENSG00000111245.17_1', 'transcript_id': 'ENST00000228841.15_1', 'gene_type': 'protein_coding', 'gene_name': 'MYL2', 'transcript_type': 'protein_coding', 'transcript_name': 'MYL2-201', 'exon_number': '6', 'exon_id': 'ENSE00000755126.1', 'level': '2', 'protein_id': 'ENSP00000228841.8', 'transcript_support_level': '1', 'hgnc_id': 'HGNC:7583', 'tag': 'basic,Ensembl_canonical,MANE_Select,appris_principal_1,CCDS', 'ccdsid': 'CCDS31901.1', 'havana_gene': 'OTTHUMG00000169535.5_1', 'havana_transcript': 'OTTHUMT00000404677.4_1', 'remap_original_location': 'chr12:-:110913096-110913144', 'remap_status': 'full_contig49', 'feature': 'CDS', 'feature_coordinates': 'chr12:111350900-111350948', 'probegroup': 'MYL2', 'offset_coordinates': 'chr12:111350874-111350973', 'five_prime_bases': 85, 'three_prime_bases': 260, 'region_id': 'chr12:111350815-111351208'}","{'GRAPES2': None, 'CNVKIT': None, 'DECON': '3.68', 'GATK_GCNV': None}",False,3.68,,,,,0.8430130260070062,False
29121131,29126731,chr18,DEL,RB38637,3,1,0,0,0,40.67130869487591,1.0,5600,"{'ID': 'CDS:ENST00000261590.13', 'Parent': 'ENST00000261590.13', 'gene_id': 'ENSG00000046604.14_1', 'transcript_id': 'ENST00000261590.13_1', 'gene_type': 'protein_coding', 'gene_name': 'DSG2', 'transcript_type': 'protein_coding', 'transcript_name': 'DSG2-201', 'exon_number': '13', 'exon_id': 'ENSE00000796933.1', 'level': '2', 'protein_id': 'ENSP00000261590.8', 'transcript_support_level': '1', 'hgnc_id': 'HGNC:3049', 'tag': 'basic,Ensembl_canonical,MANE_Select,appris_principal_1,CCDS', 'ccdsid': 'CCDS42423.1', 'havana_gene': 'OTTHUMG00000179649.3_1', 'havana_transcript': 'OTTHUMT00000447506.2_1', 'remap_original_location': 'chr18:+:31541193-31541314', 'remap_status': 'full_contig122', 'feature': 'CDS', 'feature_coordinates': 'chr18:29121156-29121277', 'probegroup': 'DSG2', 'offset_coordinates': 'chr18:29121130-29121302', 'five_prime_bases': 84, 'three_prime_bases': 83, 'region_id': 'chr18:29121072-29121360'}","{'GRAPES2': None, 'CNVKIT': None, 'DECON': '6.92', 'GATK_GCNV': None}",False,6.92,,,,,0.8430130260070062,False
30713080,30730053,chr3,DUP,RB38595,3,1,1,0,1,41.98185460115471,0.20439046,16973,"{'ID': 'CDS:ENST00000295754.10', 'Parent': 'ENST00000295754.10', 'gene_id': 'ENSG00000163513.19_1', 'transcript_id': 'ENST00000295754.10_1', 'gene_type': 'protein_coding', 'gene_name': 'TGFBR2', 'transcript_type': 'protein_coding', 'transcript_name': 'TGFBR2-201', 'exon_number': '4', 'exon_id': 'ENSE00002709747.1', 'level': '2', 'protein_id': 'ENSP00000295754.5', 'transcript_support_level': '1', 'hgnc_id': 'HGNC:11773', 'tag': 'CAGE_supported_TSS,basic,Ensembl_canonical,MANE_Select,appris_principal_1,CCDS', 'ccdsid': 'CCDS2648.1', 'havana_gene': 'OTTHUMG00000130569.8_1', 'havana_transcript': 'OTTHUMT00000252994.3_1', 'remap_original_location': 'chr3:+:30671638-30672437', 'remap_status': 'full_contig800', 'feature': 'CDS', 'feature_coordinates': 'chr3:30713130-30713929', 'probegroup': 'TGFBR2', 'offset_coordinates': 'chr3:30713104-30713954', 'five_prime_bases': 33, 'three_prime_bases': 32, 'region_id': 'chr3:30713097-30713961'}","{'GRAPES2': '1.0', 'CNVKIT': None, 'DECON': '77.1', 'GATK_GCNV': '185.48'}",True,77.1,185.48,,1.0,in_silico,0.9014168039307471,False
23855474,23855882,chr14,DEL,RB38595,1,1,1,0,0,63.325183374083124,0.8,408,"{'ID': 'CDS:ENST00000405093.9', 'Parent': 'ENST00000405093.9', 'gene_id': 'ENSG00000197616.13_1', 'transcript_id': 'ENST00000405093.9_1', 'gene_type': 'protein_coding', 'gene_name': 'MYH6', 'transcript_type': 'protein_coding', 'transcript_name': 'MYH6-201', 'exon_number': '33', 'exon_id': 'ENSE00001598337.1', 'level': '2', 'protein_id': 'ENSP00000386041.3', 'transcript_support_level': '5', 'hgnc_id': 'HGNC:7576', 'tag': 'CAGE_supported_TSS,RNA_Seq_supported_partial,basic,Ensembl_canonical,MANE_Select,appris_principal_1,CCDS', 'ccdsid': 'CCDS9600.1', 'havana_gene': 'OTTHUMG00000028753.6_1', 'havana_transcript': 'OTTHUMT00000071796.5_1', 'remap_original_location': 'chr14:-:23386315-23386623', 'remap_status': 'full_contig309', 'feature': 'CDS', 'feature_coordinates': 'chr14:23855524-23855832', 'probegroup': 'MYH6', 'offset_coordinates': 'chr14:23855498-23855857', 'five_prime_bases': 27, 'three_prime_bases': 25, 'region_id': 'chr14:23855497-23855857'}","{'GRAPES2': None, 'CNVKIT': None, 'DECON': '9.03', 'GATK_GCNV': '203.36'}",False,9.03,203.36,,,,0.9014168039307471,False
66774043,66783003,chr15,DEL,RB38595,6,1,1,0,1,48.722240821336904,0.290103598902439,8960,"{'ID': 'CDS:ENST00000307102.10', 'Parent': 'ENST00000307102.10', 'gene_id': 'ENSG00000169032.11_1', 'transcript_id': 'ENST00000307102.10_1', 'gene_type': 'protein_coding', 'gene_name': 'MAP2K1', 'transcript_type': 'protein_coding', 'transcript_name': 'MAP2K1-201', 'exon_number': '6', 'exon_id': 'ENSE00001199390.1', 'level': '2', 'protein_id': 'ENSP00000302486.5', 'transcript_support_level': '1', 'hgnc_id': 'HGNC:6840', 'tag': 'basic,Ensembl_canonical,MANE_Select,appris_principal_1,CCDS', 'ccdsid': 'CCDS10216.1', 'havana_gene': 'OTTHUMG00000133196.5_1', 'havana_transcript': 'OTTHUMT00000256906.4_1', 'remap_original_location': 'chr15:+:66481755-66481879', 'remap_status': 'full_contig125', 'feature': 'CDS', 'feature_coordinates': 'chr15:66774093-66774217', 'probegroup': 'MAP2K1', 'offset_coordinates': 'chr15:66774067-66774242', 'five_prime_bases': 83, 'three_prime_bases': 81, 'region_id': 'chr15:66774010-66774298'}","{'GRAPES2': '0.999', 'CNVKIT': None, 'DECON': '112', 'GATK_GCNV': '1674.26'}",True,112,1674.26,,0.999,in_silico,0.9014168039307471,False
45396796,45396985,chr18,DEL,RB38595,1,1,1,0,1,42.63157894736842,1.0,189,"{'ID': 'CDS:ENST00000262160.11', 'Parent': 'ENST00000262160.11', 'gene_id': 'ENSG00000175387.16_1', 'transcript_id': 'ENST00000262160.11_1', 'gene_type': 'protein_coding', 'gene_name': 'SMAD2', 'transcript_type': 'protein_coding', 'transcript_name': 'SMAD2-201', 'exon_number': '3', 'exon_id': 'ENSE00003789792.1', 'level': '2', 'protein_id': 'ENSP00000262160.6', 'transcript_support_level': '1', 'hgnc_id': 'HGNC:6768', 'tag': 'basic,Ensembl_canonical,MANE_Select,CCDS', 'ccdsid': 'CCDS11934.1', 'havana_gene': 'OTTHUMG00000132652.5_1', 'havana_transcript': 'OTTHUMT00000255903.3_1', 'remap_original_location': 'chr18:-:47870475-47870564', 'remap_status': 'full_contig90', 'feature': 'CDS', 'feature_coordinates': 'chr18:45396846-45396935', 'probegroup': 'SMAD2', 'offset_coordinates': 'chr18:45396820-45396960', 'five_prime_bases': 76, 'three_prime_bases': 75, 'region_id': 'chr18:45396770-45397010'}","{'GRAPES2': '0.841', 'CNVKIT': None, 'DECON': '20.4', 'GATK_GCNV': '319.95'}",True,20.4,319.95,,0.841,in_silico,0.9014168039307471,False
179519447,179519747,chr2,DEL,RB38595,2,1,0,0,0,42.19269102990033,0.361111,300,"{'ID': 'CDS:ENST00000589042.5', 'Parent': 'ENST00000589042.5', 'gene_id': 'ENSG00000155657.29_1', 'transcript_id': 'ENST00000589042.5_1', 'gene_type': 'protein_coding', 'gene_name': 'TTN', 'transcript_type': 'protein_coding', 'transcript_name': 'TTN-214', 'exon_number': '191', 'exon_id': 'ENSE00001744095.2', 'level': '1', 'protein_id': 'ENSP00000467141.1', 'transcript_support_level': '5', 'hgnc_id': 'HGNC:12403', 'tag': 'inferred_exon_combination,non_submitted_evidence,basic,Ensembl_canonical,MANE_Select,appris_principal_1,exp_conf,CCDS', 'ccdsid': 'CCDS59435.1', 'havana_gene': 'OTTHUMG00000154448.23_1', 'havana_transcript': 'OTTHUMT00000450680.3_1', 'remap_original_location': 'chr2:-:178654745-178654828', 'remap_status': 'full_contig84', 'feature': 'CDS', 'feature_coordinates': 'chr2:179519472-179519555', 'probegroup': 'TTN', 'offset_coordinates': 'chr2:179519446-179519580', 'five_prime_bases': 3584, 'three_prime_bases': 245, 'region_id': 'chr2:179515888-179519800'}","{'GRAPES2': None, 'CNVKIT': None, 'DECON': '6.39', 'GATK_GCNV': None}",False,6.39,,,,,0.9014168039307471,False
128498037,128498296,chr7,DUP,RB38595,1,1,0,0,0,64.61538461538461,0.5,259,"{'ID': 'CDS:ENST00000325888.13', 'Parent': 'ENST00000325888.13', 'gene_id': 'ENSG00000128591.16_1', 'transcript_id': 'ENST00000325888.13_1', 'gene_type': 'protein_coding', 'gene_name': 'FLNC', 'transcript_type': 'protein_coding', 'transcript_name': 'FLNC-201', 'exon_number': '47', 'exon_id': 'ENSE00002474613.1', 'level': '2', 'protein_id': 'ENSP00000327145.8', 'transcript_support_level': '1', 'hgnc_id': 'HGNC:3756', 'tag': 'basic,Ensembl_canonical,MANE_Select,appris_principal_3,CCDS', 'ccdsid': 'CCDS43644.1', 'havana_gene': 'OTTHUMG00000023627.3_1', 'havana_transcript': 'OTTHUMT00000059948.3_1', 'remap_original_location': 'chr7:+:128858008-128858217', 'remap_status': 'full_contig210', 'feature': 'CDS', 'feature_coordinates': 'chr7:128498062-128498271', 'probegroup': 'FLNC', 'offset_coordinates': 'chr7:128498036-128498296', 'five_prime_bases': 28, 'three_prime_bases': 332, 'region_id': 'chr7:128498034-128498603'}","{'GRAPES2': None, 'CNVKIT': None, 'DECON': '3.41', 'GATK_GCNV': None}",False,3.41,,,,,0.9014168039307471,False
92678597,92679050,chr10,DUP,RB38595,2,1,0,0,0,35.02202643171806,1.0,453,"{'ID': 'CDS:ENST00000371697.4', 'Parent': 'ENST00000371697.4', 'gene_id': 'ENSG00000148677.7_1', 'transcript_id': 'ENST00000371697.4_1', 'gene_type': 'protein_coding', 'gene_name': 'ANKRD1', 'transcript_type': 'protein_coding', 'transcript_name': 'ANKRD1-201', 'exon_number': '4', 'exon_id': 'ENSE00000986569.1', 'level': '2', 'protein_id': 'ENSP00000360762.3', 'transcript_support_level': '1', 'hgnc_id': 'HGNC:15819', 'tag': 'CAGE_supported_TSS,basic,Ensembl_canonical,MANE_Select,appris_principal_1,CCDS', 'ccdsid': 'CCDS7412.1', 'havana_gene': 'OTTHUMG00000018734.1_1', 'havana_transcript': 'OTTHUMT00000049357.1_1', 'remap_original_location': 'chr10:-:90918865-90918972', 'remap_status': 'full_contig108', 'feature': 'CDS', 'feature_coordinates': 'chr10:92678622-92678729', 'probegroup': 'ANKRD1', 'offset_coordinates': 'chr10:92678596-92678754', 'five_prime_bases': 79, 'three_prime_bases': 371, 'region_id': 'chr10:92678543-92679100'}","{'GRAPES2': None, 'CNVKIT': None, 'DECON': '7.71', 'GATK_GCNV': None}",False,7.71,,,,,0.9014168039307471,False
2152036,2152282,chr16,DEL,RB38595,1,1,0,0,1,65.58704453441295,0.2166668,246,"{'ID': 'CDS:ENST00000262304.9', 'Parent': 'ENST00000262304.9', 'gene_id': 'ENSG00000008710.20_1', 'transcript_id': 'ENST00000262304.9_1', 'gene_type': 'protein_coding', 'gene_name': 'PKD1', 'transcript_type': 'protein_coding', 'transcript_name': 'PKD1-201', 'exon_number': '26', 'exon_id': 'ENSE00003665951.1', 'level': '2', 'protein_id': 'ENSP00000262304.4', 'transcript_support_level': '1', 'hgnc_id': 'HGNC:9008', 'tag': 'basic,Ensembl_canonical,MANE_Select,appris_principal_3,CCDS', 'ccdsid': 'CCDS32369.1', 'havana_gene': 'OTTHUMG00000155795.6_1', 'havana_transcript': 'OTTHUMT00000341688.2_1', 'remap_original_location': 'chr16:-:2102061-2102256', 'remap_status': 'full_contig196', 'feature': 'CDS', 'feature_coordinates': 'chr16:2152062-2152257', 'probegroup': 'PKD1', 'offset_coordinates': 'chr16:2152036-2152282', 'five_prime_bases': 35, 'three_prime_bases': 791, 'region_id': 'chr16:2152027-2153048'}","{'GRAPES2': '0.425', 'CNVKIT': None, 'DECON': '30.5', 'GATK_GCNV': None}",False,30.5,,,0.425,,0.9014168039307471,False
2156780,2156974,chr16,DEL,RB38595,1,1,0,0,1,64.61538461538461,0.277778,194,"{'ID': 'CDS:ENST00000262304.9', 'Parent': 'ENST00000262304.9', 'gene_id': 'ENSG00000008710.20_1', 'transcript_id': 'ENST00000262304.9_1', 'gene_type': 'protein_coding', 'gene_name': 'PKD1', 'transcript_type': 'protein_coding', 'transcript_name': 'PKD1-201', 'exon_number': '17', 'exon_id': 'ENSE00003647173.1', 'level': '2', 'protein_id': 'ENSP00000262304.4', 'transcript_support_level': '1', 'hgnc_id': 'HGNC:9008', 'tag': 'basic,Ensembl_canonical,MANE_Select,appris_principal_3,CCDS', 'ccdsid': 'CCDS32369.1', 'havana_gene': 'OTTHUMG00000155795.6_1', 'havana_transcript': 'OTTHUMT00000341688.2_1', 'remap_original_location': 'chr16:-:2106805-2106948', 'remap_status': 'full_contig144', 'feature': 'CDS', 'feature_coordinates': 'chr16:2156806-2156949', 'probegroup': 'PKD1', 'offset_coordinates': 'chr16:2156780-2156974', 'five_prime_bases': 1017, 'three_prime_bases': 84, 'region_id': 'chr16:2155789-2157033'}","{'GRAPES2': '0.695', 'CNVKIT': None, 'DECON': '12', 'GATK_GCNV': None}",False,12,,,0.695,,0.9014168039307471,False
2162316,2162499,chr16,DEL,RB38595,1,1,0,0,0,66.84782608695652,0.3466668,183,"{'ID': 'CDS:ENST00000262304.9', 'Parent': 'ENST00000262304.9', 'gene_id': 'ENSG00000008710.20_1', 'transcript_id': 'ENST00000262304.9_1', 'gene_type': 'protein_coding', 'gene_name': 'PKD1', 'transcript_type': 'protein_coding', 'transcript_name': 'PKD1-201', 'exon_number': '14', 'exon_id': 'ENSE00003514982.1', 'level': '2', 'protein_id': 'ENSP00000262304.4', 'transcript_support_level': '1', 'hgnc_id': 'HGNC:9008', 'tag': 'basic,Ensembl_canonical,MANE_Select,appris_principal_3,CCDS', 'ccdsid': 'CCDS32369.1', 'havana_gene': 'OTTHUMG00000155795.6_1', 'havana_transcript': 'OTTHUMT00000341688.2_1', 'remap_original_location': 'chr16:-:2112340-2112473', 'remap_status': 'full_contig134', 'feature': 'CDS', 'feature_coordinates': 'chr16:2162341-2162474', 'probegroup': 'PKD1', 'offset_coordinates': 'chr16:2162315-2162499', 'five_prime_bases': 78, 'three_prime_bases': 77, 'region_id': 'chr16:2162263-2162551'}","{'GRAPES2': None, 'CNVKIT': None, 'DECON': '7.23', 'GATK_GCNV': None}",False,7.23,,,,,0.9014168039307471,False
4097252,4097366,chr19,DUP,RB38595,1,1,0,0,0,53.04347826086957,1.0,114,"{'ID': 'CDS:ENST00000262948.10', 'Parent': 'ENST00000262948.10', 'gene_id': 'ENSG00000126934.15_1', 'transcript_id': 'ENST00000262948.10_1', 'gene_type': 'protein_coding', 'gene_name': 'MAP2K2', 'transcript_type': 'protein_coding', 'transcript_name': 'MAP2K2-201', 'exon_number': '8', 'exon_id': 'ENSE00003523377.1', 'level': '2', 'protein_id': 'ENSP00000262948.4', 'transcript_support_level': '1', 'hgnc_id': 'HGNC:6842', 'tag': 'basic,Ensembl_canonical,MANE_Select,appris_principal_1,CCDS', 'ccdsid': 'CCDS12120.1', 'havana_gene': 'OTTHUMG00000134286.6_1', 'havana_transcript': 'OTTHUMT00000258957.2_1', 'remap_original_location': 'chr19:-:4097279-4097343', 'remap_status': 'full_contig65', 'feature': 'CDS', 'feature_coordinates': 'chr19:4097277-4097341', 'probegroup': 'MAP2K2', 'offset_coordinates': 'chr19:4097251-4097366', 'five_prime_bases': 77, 'three_prime_bases': 75, 'region_id': 'chr19:4097200-4097416'}","{'GRAPES2': None, 'CNVKIT': None, 'DECON': '14.6', 'GATK_GCNV': None}",False,14.6,,,,,0.9014168039307471,False
23885187,23885546,chr14,DUP,RB38595,1,0,0,0,1,62.22222222222222,0.8,359,"{'ID': 'CDS:ENST00000355349.4', 'Parent': 'ENST00000355349.4', 'gene_id': 'ENSG00000092054.13_1', 'transcript_id': 'ENST00000355349.4_1', 'gene_type': 'protein_coding', 'gene_name': 'MYH7', 'transcript_type': 'protein_coding', 'transcript_name': 'MYH7-201', 'exon_number': '34', 'exon_id': 'ENSE00001701082.1', 'level': '2', 'protein_id': 'ENSP00000347507.3', 'transcript_support_level': '1', 'hgnc_id': 'HGNC:7577', 'tag': 'basic,Ensembl_canonical,MANE_Select,appris_principal_1,CCDS', 'ccdsid': 'CCDS9601.1', 'havana_gene': 'OTTHUMG00000028755.5_1', 'havana_transcript': 'OTTHUMT00000071798.4_1', 'remap_original_location': 'chr14:-:23416004-23416312', 'remap_status': 'full_contig309', 'feature': 'CDS', 'feature_coordinates': 'chr14:23885213-23885521', 'probegroup': 'MYH7', 'offset_coordinates': 'chr14:23885187-23885546', 'five_prime_bases': 1040, 'three_prime_bases': 25, 'region_id': 'chr14:23884173-23885546'}","{'GRAPES2': '0.424', 'CNVKIT': None, 'DECON': None, 'GATK_GCNV': None}",False,,,,0.424,,0.9014168039307471,False
86648924,86665767,chr5,DUP,RB38578,4,1,1,0,1,34.724530990263595,0.7333333333333334,16843,"{'ID': 'CDS:ENST00000274376.11', 'Parent': 'ENST00000274376.11', 'gene_id': 'ENSG00000145715.15_1', 'transcript_id': 'ENST00000274376.11_1', 'gene_type': 'protein_coding', 'gene_name': 'RASA1', 'transcript_type': 'protein_coding', 'transcript_name': 'RASA1-201', 'exon_number': '9', 'exon_id': 'ENSE00003483441.1', 'level': '2', 'protein_id': 'ENSP00000274376.6', 'transcript_support_level': '1', 'hgnc_id': 'HGNC:9871', 'tag': 'basic,Ensembl_canonical,MANE_Select,appris_principal_3,CCDS', 'ccdsid': 'CCDS34200.1', 'havana_gene': 'OTTHUMG00000162605.3_1', 'havana_transcript': 'OTTHUMT00000369729.2_1', 'remap_original_location': 'chr5:+:87353157-87353235', 'remap_status': 'full_contig79', 'feature': 'CDS', 'feature_coordinates': 'chr5:86648974-86649052', 'probegroup': 'RASA1', 'offset_coordinates': 'chr5:86648948-86649077', 'five_prime_bases': 82, 'three_prime_bases': 80, 'region_id': 'chr5:86648892-86649132'}","{'GRAPES2': '1.0', 'CNVKIT': None, 'DECON': '90.8', 'GATK_GCNV': '209.30'}",True,90.8,209.30,,1.0,in_silico,0.9063018310135366,False
76580314,76580452,chr6,DEL,RB38578,1,1,1,0,0,30.935251798561154,1.0,138,"{'ID': 'CDS:ENST00000369977.8', 'Parent': 'ENST00000369977.8', 'gene_id': 'ENSG00000196586.17_1', 'transcript_id': 'ENST00000369977.8_1', 'gene_type': 'protein_coding', 'gene_name': 'MYO6', 'transcript_type': 'protein_coding', 'transcript_name': 'MYO6-202', 'exon_number': '19', 'exon_id': 'ENSE00003637880.1', 'level': '2', 'protein_id': 'ENSP00000358994.3', 'transcript_support_level': '1', 'hgnc_id': 'HGNC:7605', 'tag': 'basic,Ensembl_canonical,MANE_Select,appris_principal_2,CCDS', 'ccdsid': 'CCDS34487.1', 'havana_gene': 'OTTHUMG00000015061.7_1', 'havana_transcript': 'OTTHUMT00000041279.3_1', 'remap_original_location': 'chr6:+:75870647-75870685', 'remap_status': 'full_contig39', 'feature': 'CDS', 'feature_coordinates': 'chr6:76580364-76580402', 'probegroup': 'MYO6', 'offset_coordinates': 'chr6:76580338-76580427', 'five_prime_bases': 78, 'three_prime_bases': 76, 'region_id': 'chr6:76580286-76580478'}","{'GRAPES2': None, 'CNVKIT': None, 'DECON': '9.7', 'GATK_GCNV': '36.64'}",False,9.7,36.64,,,,0.9063018310135366,False
140453937,140454083,chr7,DUP,RB38578,1,1,1,0,1,38.775510204081634,1.0,146,"{'ID': 'CDS:ENST00000646891.1', 'Parent': 'ENST00000646891.1', 'gene_id': 'ENSG00000157764.14_1', 'transcript_id': 'ENST00000646891.1_1', 'gene_type': 'protein_coding', 'gene_name': 'BRAF', 'transcript_type': 'protein_coding', 'transcript_name': 'BRAF-220', 'exon_number': '14', 'exon_id': 'ENSE00003649805.1', 'level': '2', 'protein_id': 'ENSP00000493543.1', 'hgnc_id': 'HGNC:1097', 'tag': 'basic,appris_principal_3,CCDS', 'ccdsid': 'CCDS5863.1', 'havana_gene': 'OTTHUMG00000157457.6_1', 'havana_transcript': 'OTTHUMT00000348886.2_1', 'remap_original_location': 'chr7:-:140754187-140754233', 'remap_status': 'full_contig47', 'feature': 'CDS', 'feature_coordinates': 'chr7:140453987-140454033', 'probegroup': 'BRAF', 'offset_coordinates': 'chr7:140453961-140454058', 'five_prime_bases': 86, 'three_prime_bases': 84, 'region_id': 'chr7:140453901-140454117'}","{'GRAPES2': '0.944', 'CNVKIT': None, 'DECON': '32.7', 'GATK_GCNV': '65.48'}",False,32.7,65.48,,0.944,,0.9063018310135366,False
114803920,114837487,chr12,DEL,RB38578,5,1,1,0,1,44.870114394661584,0.2243823041754385,33567,"{'ID': 'CDS:ENST00000405440.7', 'Parent': 'ENST00000405440.7', 'gene_id': 'ENSG00000089225.20_1', 'transcript_id': 'ENST00000405440.7_1', 'gene_type': 'protein_coding', 'gene_name': 'TBX5', 'transcript_type': 'protein_coding', 'transcript_name': 'TBX5-203', 'exon_number': '8', 'exon_id': 'ENSE00000835004.1', 'level': '1', 'protein_id': 'ENSP00000384152.3', 'transcript_support_level': '1', 'hgnc_id': 'HGNC:11604', 'tag': 'alternative_5_UTR,basic,Ensembl_canonical,MANE_Select,appris_principal_1,exp_conf,CCDS', 'ccdsid': 'CCDS9173.1', 'havana_gene': 'OTTHUMG00000166191.3_1', 'havana_transcript': 'OTTHUMT00000388295.1_1', 'remap_original_location': 'chr12:-:114366165-114366391', 'remap_status': 'full_contig227', 'feature': 'CDS', 'feature_coordinates': 'chr12:114803970-114804196', 'probegroup': 'TBX5', 'offset_coordinates': 'chr12:114803944-114804221', 'five_prime_bases': 102, 'three_prime_bases': 32, 'region_id': 'chr12:114803868-114804228'}","{'GRAPES2': '0.981', 'CNVKIT': None, 'DECON': '136', 'GATK_GCNV': '1493.60'}",True,136,1493.60,,0.981,in_silico,0.9063018310135366,False
179519147,179519747,chr2,DUP,RB38578,3,1,0,0,0,39.10149750415973,0.361111,600,"{'ID': 'CDS:ENST00000589042.5', 'Parent': 'ENST00000589042.5', 'gene_id': 'ENSG00000155657.29_1', 'transcript_id': 'ENST00000589042.5_1', 'gene_type': 'protein_coding', 'gene_name': 'TTN', 'transcript_type': 'protein_coding', 'transcript_name': 'TTN-214', 'exon_number': '192', 'exon_id': 'ENSE00002836035.1', 'level': '1', 'protein_id': 'ENSP00000467141.1', 'transcript_support_level': '5', 'hgnc_id': 'HGNC:12403', 'tag': 'inferred_exon_combination,non_submitted_evidence,basic,Ensembl_canonical,MANE_Select,appris_principal_1,exp_conf,CCDS', 'ccdsid': 'CCDS59435.1', 'havana_gene': 'OTTHUMG00000154448.23_1', 'havana_transcript': 'OTTHUMT00000450680.3_1', 'remap_original_location': 'chr2:-:178654445-178654534', 'remap_status': 'full_contig90', 'feature': 'CDS', 'feature_coordinates': 'chr2:179519172-179519261', 'probegroup': 'TTN', 'offset_coordinates': 'chr2:179519146-179519286', 'five_prime_bases': 3284, 'three_prime_bases': 539, 'region_id': 'chr2:179515888-179519800'}","{'GRAPES2': None, 'CNVKIT': None, 'DECON': '14.4', 'GATK_GCNV': None}",False,14.4,,,,,0.9063018310135366,False
179523707,179524007,chr2,DEL,RB38578,2,1,0,0,0,42.19269102990033,0.361111,300,"{'ID': 'CDS:ENST00000589042.5', 'Parent': 'ENST00000589042.5', 'gene_id': 'ENSG00000155657.29_1', 'transcript_id': 'ENST00000589042.5_1', 'gene_type': 'protein_coding', 'gene_name': 'TTN', 'transcript_type': 'protein_coding', 'transcript_name': 'TTN-214', 'exon_number': '182', 'exon_id': 'ENSE00003809569.1', 'level': '1', 'protein_id': 'ENSP00000467141.1', 'transcript_support_level': '5', 'hgnc_id': 'HGNC:12403', 'tag': 'inferred_exon_combination,non_submitted_evidence,basic,Ensembl_canonical,MANE_Select,appris_principal_1,exp_conf,CCDS', 'ccdsid': 'CCDS59435.1', 'havana_gene': 'OTTHUMG00000154448.23_1', 'havana_transcript': 'OTTHUMT00000450680.3_1', 'remap_original_location': 'chr2:-:178659005-178659088', 'remap_status': 'full_contig84', 'feature': 'CDS', 'feature_coordinates': 'chr2:179523732-179523815', 'probegroup': 'TTN', 'offset_coordinates': 'chr2:179523706-179523840', 'five_prime_bases': 1586, 'three_prime_bases': 245, 'region_id': 'chr2:179522146-179524060'}","{'GRAPES2': None, 'CNVKIT': None, 'DECON': '10.6', 'GATK_GCNV': None}",False,10.6,,,,,0.9063018310135366,False
179527040,179527368,chr2,DUP,RB38578,2,1,0,0,0,40.42553191489361,0.4166665,328,"{'ID': 'CDS:ENST00000589042.5', 'Parent': 'ENST00000589042.5', 'gene_id': 'ENSG00000155657.29_1', 'transcript_id': 'ENST00000589042.5_1', 'gene_type': 'protein_coding', 'gene_name': 'TTN', 'transcript_type': 'protein_coding', 'transcript_name': 'TTN-214', 'exon_number': '177', 'exon_id': 'ENSE00002825030.1', 'level': '1', 'protein_id': 'ENSP00000467141.1', 'transcript_support_level': '5', 'hgnc_id': 'HGNC:12403', 'tag': 'inferred_exon_combination,non_submitted_evidence,basic,Ensembl_canonical,MANE_Select,appris_principal_1,exp_conf,CCDS', 'ccdsid': 'CCDS59435.1', 'havana_gene': 'OTTHUMG00000154448.23_1', 'havana_transcript': 'OTTHUMT00000450680.3_1', 'remap_original_location': 'chr2:-:178662338-178662418', 'remap_status': 'full_contig81', 'feature': 'CDS', 'feature_coordinates': 'chr2:179527065-179527145', 'probegroup': 'TTN', 'offset_coordinates': 'chr2:179527039-179527170', 'five_prime_bases': 658, 'three_prime_bases': 1758, 'region_id': 'chr2:179526407-179528903'}","{'GRAPES2': None, 'CNVKIT': None, 'DECON': '10.2', 'GATK_GCNV': None}",False,10.2,,,,,0.9063018310135366,False
179527968,179528101,chr2,DUP,RB38578,1,1,0,0,0,43.28358208955223,0.333333,133,"{'ID': 'CDS:ENST00000589042.5', 'Parent': 'ENST00000589042.5', 'gene_id': 'ENSG00000155657.29_1', 'transcript_id': 'ENST00000589042.5_1', 'gene_type': 'protein_coding', 'gene_name': 'TTN', 'transcript_type': 'protein_coding', 'transcript_name': 'TTN-214', 'exon_number': '173', 'exon_id': 'ENSE00002763838.1', 'level': '1', 'protein_id': 'ENSP00000467141.1', 'transcript_support_level': '5', 'hgnc_id': 'HGNC:12403', 'tag': 'inferred_exon_combination,non_submitted_evidence,basic,Ensembl_canonical,MANE_Select,appris_principal_1,exp_conf,CCDS', 'ccdsid': 'CCDS59435.1', 'havana_gene': 'OTTHUMG00000154448.23_1', 'havana_transcript': 'OTTHUMT00000450680.3_1', 'remap_original_location': 'chr2:-:178663266-178663349', 'remap_status': 'full_contig84', 'feature': 'CDS', 'feature_coordinates': 'chr2:179527993-179528076', 'probegroup': 'TTN', 'offset_coordinates': 'chr2:179527967-179528101', 'five_prime_bases': 1586, 'three_prime_bases': 827, 'region_id': 'chr2:179526407-179528903'}","{'GRAPES2': None, 'CNVKIT': None, 'DECON': '4.43', 'GATK_GCNV': None}",False,4.43,,,,,0.9063018310135366,False
112583213,112583397,chr10,DEL,RB38578,1,1,0,0,0,45.40540540540541,1.0,184,"{'ID': 'CDS:ENST00000369519.4', 'Parent': 'ENST00000369519.4', 'gene_id': 'ENSG00000203867.8_1', 'transcript_id': 'ENST00000369519.4_1', 'gene_type': 'protein_coding', 'gene_name': 'RBM20', 'transcript_type': 'protein_coding', 'transcript_name': 'RBM20-201', 'exon_number': '12', 'exon_id': 'ENSE00002449242.1', 'level': '2', 'protein_id': 'ENSP00000358532.3', 'transcript_support_level': '1', 'hgnc_id': 'HGNC:27424', 'tag': 'basic,Ensembl_canonical,MANE_Select,appris_principal_1,CCDS', 'ccdsid': 'CCDS44477.1', 'havana_gene': 'OTTHUMG00000019043.6_1', 'havana_transcript': 'OTTHUMT00000050339.4_1', 'remap_original_location': 'chr10:+:110823480-110823614', 'remap_status': 'full_contig135', 'feature': 'CDS', 'feature_coordinates': 'chr10:112583238-112583372', 'probegroup': 'RBM20', 'offset_coordinates': 'chr10:112583212-112583397', 'five_prime_bases': 78, 'three_prime_bases': 76, 'region_id': 'chr10:112583160-112583448'}","{'GRAPES2': None, 'CNVKIT': None, 'DECON': '3.02', 'GATK_GCNV': None}",False,3.02,,,,,0.9063018310135366,False
2152037,2152282,chr16,DUP,RB38578,1,1,0,0,0,65.4471544715447,0.2166668,245,"{'ID': 'CDS:ENST00000262304.9', 'Parent': 'ENST00000262304.9', 'gene_id': 'ENSG00000008710.20_1', 'transcript_id': 'ENST00000262304.9_1', 'gene_type': 'protein_coding', 'gene_name': 'PKD1', 'transcript_type': 'protein_coding', 'transcript_name': 'PKD1-201', 'exon_number': '26', 'exon_id': 'ENSE00003665951.1', 'level': '2', 'protein_id': 'ENSP00000262304.4', 'transcript_support_level': '1', 'hgnc_id': 'HGNC:9008', 'tag': 'basic,Ensembl_canonical,MANE_Select,appris_principal_3,CCDS', 'ccdsid': 'CCDS32369.1', 'havana_gene': 'OTTHUMG00000155795.6_1', 'havana_transcript': 'OTTHUMT00000341688.2_1', 'remap_original_location': 'chr16:-:2102061-2102256', 'remap_status': 'full_contig196', 'feature': 'CDS', 'feature_coordinates': 'chr16:2152062-2152257', 'probegroup': 'PKD1', 'offset_coordinates': 'chr16:2152036-2152282', 'five_prime_bases': 35, 'three_prime_bases': 791, 'region_id': 'chr16:2152027-2153048'}","{'GRAPES2': None, 'CNVKIT': None, 'DECON': '2.72', 'GATK_GCNV': None}",False,2.72,,,,,0.9063018310135366,False
92193166,92193413,chr1,DUP,RB38574,1,1,1,0,1,36.693548387096776,1.0,247,"{'ID': 'CDS:ENST00000212355.9', 'Parent': 'ENST00000212355.9', 'gene_id': 'ENSG00000069702.11_1', 'transcript_id': 'ENST00000212355.9_1', 'gene_type': 'protein_coding', 'gene_name': 'TGFBR3', 'transcript_type': 'protein_coding', 'transcript_name': 'TGFBR3-201', 'exon_number': '7', 'exon_id': 'ENSE00003490625.1', 'level': '2', 'protein_id': 'ENSP00000212355.4', 'transcript_support_level': '1', 'hgnc_id': 'HGNC:11774', 'tag': 'basic,Ensembl_canonical,MANE_Select,appris_principal_3,CCDS', 'ccdsid': 'CCDS30770.1', 'havana_gene': 'OTTHUMG00000010097.7_1', 'havana_transcript': 'OTTHUMT00000504230.2_1', 'remap_original_location': 'chr1:-:91727659-91727806', 'remap_status': 'full_contig148', 'feature': 'CDS', 'feature_coordinates': 'chr1:92193216-92193363', 'probegroup': 'TGFBR3', 'offset_coordinates': 'chr1:92193190-92193388', 'five_prime_bases': 83, 'three_prime_bases': 82, 'region_id': 'chr1:92193133-92193445'}","{'GRAPES2': '0.624', 'CNVKIT': None, 'DECON': '23.8', 'GATK_GCNV': '139.69'}",True,23.8,139.69,,0.624,in_silico,0.9317124194554152,False
116720364,116758533,chr6,DEL,RB38574,5,1,1,0,1,37.57139114487818,0.2244259371314741,38169,"{'ID': 'CDS:ENST00000644252.3', 'Parent': 'ENST00000644252.3', 'gene_id': 'ENSG00000111817.19_1', 'transcript_id': 'ENST00000644252.3_1', 'gene_type': 'protein_coding', 'gene_name': 'DSE', 'transcript_type': 'protein_coding', 'transcript_name': 'DSE-213', 'exon_number': '2', 'exon_id': 'ENSE00003459633.1', 'level': '2', 'protein_id': 'ENSP00000494147.2', 'hgnc_id': 'HGNC:21144', 'tag': 'basic,Ensembl_canonical,MANE_Select,appris_principal_1,CCDS', 'ccdsid': 'CCDS5107.1', 'havana_gene': 'OTTHUMG00000015434.16_1', 'havana_transcript': 'OTTHUMT00000497107.2_1', 'remap_original_location': 'chr6:+:116399251-116399666', 'remap_status': 'full_contig416', 'feature': 'CDS', 'feature_coordinates': 'chr6:116720414-116720829', 'probegroup': 'DSE', 'offset_coordinates': 'chr6:116720388-116720854', 'five_prime_bases': 82, 'three_prime_bases': 31, 'region_id': 'chr6:116720332-116720860'}","{'GRAPES2': '1.0', 'CNVKIT': None, 'DECON': '128', 'GATK_GCNV': '2913.25'}",True,128,2913.25,,1.0,in_silico,0.9317124194554152,False
30054301,30062482,chr7,DUP,RB38574,3,1,1,0,1,37.57027621608409,0.09957741375384618,8181,"{'ID': 'CDS:ENST00000222803.10', 'Parent': 'ENST00000222803.10', 'gene_id': 'ENSG00000106080.11_1', 'transcript_id': 'ENST00000222803.10_1', 'gene_type': 'protein_coding', 'gene_name': 'FKBP14', 'transcript_type': 'protein_coding', 'transcript_name': 'FKBP14-201', 'exon_number': '4', 'exon_id': 'ENSE00001138174.3', 'level': '2', 'protein_id': 'ENSP00000222803.5', 'transcript_support_level': '1', 'hgnc_id': 'HGNC:18625', 'tag': 'basic,Ensembl_canonical,MANE_Select,appris_principal_1,CCDS', 'ccdsid': 'CCDS5423.1', 'havana_gene': 'OTTHUMG00000023442.4_1', 'havana_transcript': 'OTTHUMT00000214229.2_1', 'remap_original_location': 'chr7:-:30014735-30014893', 'remap_status': 'full_contig159', 'feature': 'CDS', 'feature_coordinates': 'chr7:30054351-30054509', 'probegroup': 'FKBP14', 'offset_coordinates': 'chr7:30054325-30054534', 'five_prime_bases': 78, 'three_prime_bases': 76, 'region_id': 'chr7:30054273-30054585'}","{'GRAPES2': '0.658', 'CNVKIT': None, 'DECON': '31.7', 'GATK_GCNV': '351.66'}",True,31.7,351.66,,0.658,in_silico,0.9317124194554152,False
114839581,114839775,chr12,DEL,RB38574,1,1,1,0,1,47.69230769230769,1.0,194,"{'ID': 'CDS:ENST00000405440.7', 'Parent': 'ENST00000405440.7', 'gene_id': 'ENSG00000089225.20_1', 'transcript_id': 'ENST00000405440.7_1', 'gene_type': 'protein_coding', 'gene_name': 'TBX5', 'transcript_type': 'protein_coding', 'transcript_name': 'TBX5-203', 'exon_number': '3', 'exon_id': 'ENSE00003522498.1', 'level': '1', 'protein_id': 'ENSP00000384152.3', 'transcript_support_level': '1', 'hgnc_id': 'HGNC:11604', 'tag': 'alternative_5_UTR,basic,Ensembl_canonical,MANE_Select,appris_principal_1,exp_conf,CCDS', 'ccdsid': 'CCDS9173.1', 'havana_gene': 'OTTHUMG00000166191.3_1', 'havana_transcript': 'OTTHUMT00000388295.1_1', 'remap_original_location': 'chr12:-:114401826-114401920', 'remap_status': 'full_contig95', 'feature': 'CDS', 'feature_coordinates': 'chr12:114839631-114839725', 'probegroup': 'TBX5', 'offset_coordinates': 'chr12:114839605-114839750', 'five_prime_bases': 86, 'three_prime_bases': 84, 'region_id': 'chr12:114839545-114839809'}","{'GRAPES2': '0.959', 'CNVKIT': None, 'DECON': '20.5', 'GATK_GCNV': '227.36'}",True,20.5,227.36,,0.959,in_silico,0.9317124194554152,False
237765300,237765436,chr1,DUP,RB38574,1,1,0,0,0,33.57664233576642,1.0,136,"{'ID': 'CDS:ENST00000366574.7', 'Parent': 'ENST00000366574.7', 'gene_id': 'ENSG00000198626.18_1', 'transcript_id': 'ENST00000366574.7_1', 'gene_type': 'protein_coding', 'gene_name': 'RYR2', 'transcript_type': 'protein_coding', 'transcript_name': 'RYR2-201', 'exon_number': '35', 'exon_id': 'ENSE00000908149.1', 'level': '2', 'protein_id': 'ENSP00000355533.2', 'transcript_support_level': '1', 'hgnc_id': 'HGNC:10484', 'tag': 'non_canonical_conserved,basic,Ensembl_canonical,MANE_Select,appris_principal_1,CCDS', 'ccdsid': 'CCDS55691.1', 'havana_gene': 'OTTHUMG00000039543.5_1', 'havana_transcript': 'OTTHUMT00000095402.3_1', 'remap_original_location': 'chr1:+:237602025-237602111', 'remap_status': 'full_contig87', 'feature': 'CDS', 'feature_coordinates': 'chr1:237765325-237765411', 'probegroup': 'RYR2', 'offset_coordinates': 'chr1:237765299-237765436', 'five_prime_bases': 78, 'three_prime_bases': 76, 'region_id': 'chr1:237765247-237765487'}","{'GRAPES2': None, 'CNVKIT': None, 'DECON': '4.57', 'GATK_GCNV': None}",False,4.57,,,,,0.9317124194554152,False
179519614,179523546,chr2,DEL,RB38574,8,1,0,0,0,40.35087719298245,0.10660262481896543,3932,"{'ID': 'CDS:ENST00000589042.5', 'Parent': 'ENST00000589042.5', 'gene_id': 'ENSG00000155657.29_1', 'transcript_id': 'ENST00000589042.5_1', 'gene_type': 'protein_coding', 'gene_name': 'TTN', 'transcript_type': 'protein_coding', 'transcript_name': 'TTN-214', 'exon_number': '190', 'exon_id': 'ENSE00002471163.1', 'level': '1', 'protein_id': 'ENSP00000467141.1', 'transcript_support_level': '5', 'hgnc_id': 'HGNC:12403', 'tag': 'inferred_exon_combination,non_submitted_evidence,basic,Ensembl_canonical,MANE_Select,appris_principal_1,exp_conf,CCDS', 'ccdsid': 'CCDS59435.1', 'havana_gene': 'OTTHUMG00000154448.23_1', 'havana_transcript': 'OTTHUMT00000450680.3_1', 'remap_original_location': 'chr2:-:178654912-178654995', 'remap_status': 'full_contig84', 'feature': 'CDS', 'feature_coordinates': 'chr2:179519639-179519722', 'probegroup': 'TTN', 'offset_coordinates': 'chr2:179519613-179519747', 'five_prime_bases': 3751, 'three_prime_bases': 78, 'region_id': 'chr2:179515888-179519800'}","{'GRAPES2': None, 'CNVKIT': None, 'DECON': '43.4', 'GATK_GCNV': None}",False,43.4,,,,,0.9317124194554152,False
92678597,92679050,chr10,DUP,RB38574,2,1,0,0,0,35.02202643171806,1.0,453,"{'ID': 'CDS:ENST00000371697.4', 'Parent': 'ENST00000371697.4', 'gene_id': 'ENSG00000148677.7_1', 'transcript_id': 'ENST00000371697.4_1', 'gene_type': 'protein_coding', 'gene_name': 'ANKRD1', 'transcript_type': 'protein_coding', 'transcript_name': 'ANKRD1-201', 'exon_number': '4', 'exon_id': 'ENSE00000986569.1', 'level': '2', 'protein_id': 'ENSP00000360762.3', 'transcript_support_level': '1', 'hgnc_id': 'HGNC:15819', 'tag': 'CAGE_supported_TSS,basic,Ensembl_canonical,MANE_Select,appris_principal_1,CCDS', 'ccdsid': 'CCDS7412.1', 'havana_gene': 'OTTHUMG00000018734.1_1', 'havana_transcript': 'OTTHUMT00000049357.1_1', 'remap_original_location': 'chr10:-:90918865-90918972', 'remap_status': 'full_contig108', 'feature': 'CDS', 'feature_coordinates': 'chr10:92678622-92678729', 'probegroup': 'ANKRD1', 'offset_coordinates': 'chr10:92678596-92678754', 'five_prime_bases': 79, 'three_prime_bases': 371, 'region_id': 'chr10:92678543-92679100'}","{'GRAPES2': None, 'CNVKIT': None, 'DECON': '17.5', 'GATK_GCNV': None}",False,17.5,,,,,0.9317124194554152,False
25380143,25398343,chr12,DUP,RB38574,2,1,0,0,0,35.74528872039998,0.5902776666666667,18200,"{'ID': 'CDS:ENST00000311936.8', 'Parent': 'ENST00000311936.8', 'gene_id': 'ENSG00000133703.14_1', 'transcript_id': 'ENST00000311936.8_1', 'gene_type': 'protein_coding', 'gene_name': 'KRAS', 'transcript_type': 'protein_coding', 'transcript_name': 'KRAS-202', 'exon_number': '3', 'exon_id': 'ENSE00001719809.1', 'level': '2', 'protein_id': 'ENSP00000308495.3', 'transcript_support_level': '1', 'hgnc_id': 'HGNC:6407', 'tag': 'basic,Ensembl_canonical,MANE_Select,appris_alternative_1,CCDS', 'ccdsid': 'CCDS8702.1', 'havana_gene': 'OTTHUMG00000171193.4_1', 'havana_transcript': 'OTTHUMT00000412230.2_1', 'remap_original_location': 'chr12:-:25227234-25227412', 'remap_status': 'full_contig179', 'feature': 'CDS', 'feature_coordinates': 'chr12:25380168-25380346', 'probegroup': 'KRAS', 'offset_coordinates': 'chr12:25380142-25380371', 'five_prime_bases': 32, 'three_prime_bases': 30, 'region_id': 'chr12:25380136-25380376'}","{'GRAPES2': None, 'CNVKIT': None, 'DECON': '3.57', 'GATK_GCNV': None}",False,3.57,,,,,0.9317124194554152,False
112884055,112888341,chr12,DEL,RB38574,2,1,0,0,0,43.34033123396314,0.566666625,4286,"{'ID': 'CDS:ENST00000351677.7', 'Parent': 'ENST00000351677.7', 'gene_id': 'ENSG00000179295.19_1', 'transcript_id': 'ENST00000351677.7_1', 'gene_type': 'protein_coding', 'gene_name': 'PTPN11', 'transcript_type': 'protein_coding', 'transcript_name': 'PTPN11-201', 'exon_number': '2', 'exon_id': 'ENSE00000834910.1', 'level': '2', 'protein_id': 'ENSP00000340944.3', 'transcript_support_level': '1', 'hgnc_id': 'HGNC:9644', 'tag': 'basic,Ensembl_canonical,MANE_Select,appris_principal_3,CCDS', 'ccdsid': 'CCDS9163.1', 'havana_gene': 'OTTHUMG00000134334.4_1', 'havana_transcript': 'OTTHUMT00000259496.2_1', 'remap_original_location': 'chr12:+:112446276-112446398', 'remap_status': 'full_contig123', 'feature': 'CDS', 'feature_coordinates': 'chr12:112884080-112884202', 'probegroup': 'PTPN11', 'offset_coordinates': 'chr12:112884054-112884227', 'five_prime_bases': 84, 'three_prime_bases': 82, 'region_id': 'chr12:112883996-112884284'}","{'GRAPES2': None, 'CNVKIT': None, 'DECON': '9.91', 'GATK_GCNV': None}",False,9.91,,,,,0.9317124194554152,False
2155298,2155500,chr16,DUP,RB38574,1,1,0,0,0,65.51724137931035,0.5833335,202,"{'ID': 'CDS:ENST00000262304.9', 'Parent': 'ENST00000262304.9', 'gene_id': 'ENSG00000008710.20_1', 'transcript_id': 'ENST00000262304.9_1', 'gene_type': 'protein_coding', 'gene_name': 'PKD1', 'transcript_type': 'protein_coding', 'transcript_name': 'PKD1-201', 'exon_number': '21', 'exon_id': 'ENSE00003607637.1', 'level': '2', 'protein_id': 'ENSP00000262304.4', 'transcript_support_level': '1', 'hgnc_id': 'HGNC:9008', 'tag': 'basic,Ensembl_canonical,MANE_Select,appris_principal_3,CCDS', 'ccdsid': 'CCDS32369.1', 'havana_gene': 'OTTHUMG00000155795.6_1', 'havana_transcript': 'OTTHUMT00000341688.2_1', 'remap_original_location': 'chr16:-:2105322-2105474', 'remap_status': 'full_contig153', 'feature': 'CDS', 'feature_coordinates': 'chr16:2155323-2155475', 'probegroup': 'PKD1', 'offset_coordinates': 'chr16:2155297-2155500', 'five_prime_bases': 81, 'three_prime_bases': 79, 'region_id': 'chr16:2155242-2155554'}","{'GRAPES2': None, 'CNVKIT': None, 'DECON': '7.29', 'GATK_GCNV': None}",False,7.29,,,,,0.9317124194554152,False
2162316,2162499,chr16,DUP,RB38574,1,1,0,0,0,66.84782608695652,0.3466668,183,"{'ID': 'CDS:ENST00000262304.9', 'Parent': 'ENST00000262304.9', 'gene_id': 'ENSG00000008710.20_1', 'transcript_id': 'ENST00000262304.9_1', 'gene_type': 'protein_coding', 'gene_name': 'PKD1', 'transcript_type': 'protein_coding', 'transcript_name': 'PKD1-201', 'exon_number': '14', 'exon_id': 'ENSE00003514982.1', 'level': '2', 'protein_id': 'ENSP00000262304.4', 'transcript_support_level': '1', 'hgnc_id': 'HGNC:9008', 'tag': 'basic,Ensembl_canonical,MANE_Select,appris_principal_3,CCDS', 'ccdsid': 'CCDS32369.1', 'havana_gene': 'OTTHUMG00000155795.6_1', 'havana_transcript': 'OTTHUMT00000341688.2_1', 'remap_original_location': 'chr16:-:2112340-2112473', 'remap_status': 'full_contig134', 'feature': 'CDS', 'feature_coordinates': 'chr16:2162341-2162474', 'probegroup': 'PKD1', 'offset_coordinates': 'chr16:2162315-2162499', 'five_prime_bases': 78, 'three_prime_bases': 77, 'region_id': 'chr16:2162263-2162551'}","{'GRAPES2': None, 'CNVKIT': None, 'DECON': '3.49', 'GATK_GCNV': None}",False,3.49,,,,,0.9317124194554152,False
48602983,48603171,chr18,DUP,RB38574,1,1,0,0,0,48.148148148148145,1.0,188,"{'ID': 'CDS:ENST00000342988.8', 'Parent': 'ENST00000342988.8', 'gene_id': 'ENSG00000141646.15_1', 'transcript_id': 'ENST00000342988.8_1', 'gene_type': 'protein_coding', 'gene_name': 'SMAD4', 'transcript_type': 'protein_coding', 'transcript_name': 'SMAD4-201', 'exon_number': '11', 'exon_id': 'ENSE00003654693.1', 'level': '2', 'protein_id': 'ENSP00000341551.3', 'transcript_support_level': '5', 'hgnc_id': 'HGNC:6770', 'tag': 'alternative_5_UTR,RNA_Seq_supported_partial,basic,Ensembl_canonical,MANE_Select,appris_principal_1,CCDS', 'ccdsid': 'CCDS11950.1', 'havana_gene': 'OTTHUMG00000132696.11_1', 'havana_transcript': 'OTTHUMT00000449733.3_1', 'remap_original_location': 'chr18:+:51076638-51076776', 'remap_status': 'full_contig139', 'feature': 'CDS', 'feature_coordinates': 'chr18:48603008-48603146', 'probegroup': 'SMAD4', 'offset_coordinates': 'chr18:48602982-48603171', 'five_prime_bases': 76, 'three_prime_bases': 74, 'region_id': 'chr18:48602932-48603220'}","{'GRAPES2': None, 'CNVKIT': None, 'DECON': '3.84', 'GATK_GCNV': None}",False,3.84,,,,,0.9317124194554152,False
218578461,218610888,chr1,DEL,RB38563,5,1,1,0,1,41.22671765141236,0.1545721468114755,32427,"{'ID': 'CDS:ENST00000366930.9', 'Parent': 'ENST00000366930.9', 'gene_id': 'ENSG00000092969.12_1', 'transcript_id': 'ENST00000366930.9_1', 'gene_type': 'protein_coding', 'gene_name': 'TGFB2', 'transcript_type': 'protein_coding', 'transcript_name': 'TGFB2-202', 'exon_number': '2', 'exon_id': 'ENSE00003505024.1', 'level': '2', 'protein_id': 'ENSP00000355897.4', 'transcript_support_level': '1', 'hgnc_id': 'HGNC:11768', 'tag': 'basic,Ensembl_canonical,MANE_Select,appris_principal_1,CCDS', 'ccdsid': 'CCDS1521.1', 'havana_gene': 'OTTHUMG00000039521.3_1', 'havana_transcript': 'OTTHUMT00000095359.3_1', 'remap_original_location': 'chr1:+:218405169-218405332', 'remap_status': 'full_contig164', 'feature': 'CDS', 'feature_coordinates': 'chr1:218578511-218578674', 'probegroup': 'TGFB2', 'offset_coordinates': 'chr1:218578485-218578699', 'five_prime_bases': 76, 'three_prime_bases': 73, 'region_id': 'chr1:218578435-218578747'}","{'GRAPES2': '1.0', 'CNVKIT': None, 'DECON': '125', 'GATK_GCNV': '356.38'}",True,125,356.38,,1.0,in_silico,0.839746828457386,False
27306335,27308933,chr2,DUP,RB38563,5,1,1,0,1,58.94574836475568,1.0,2598,"{'ID': 'CDS:ENST00000380320.9', 'Parent': 'ENST00000380320.9', 'gene_id': 'ENSG00000138080.14_1', 'transcript_id': 'ENST00000380320.9_1', 'gene_type': 'protein_coding', 'gene_name': 'EMILIN1', 'transcript_type': 'protein_coding', 'transcript_name': 'EMILIN1-201', 'exon_number': '4', 'exon_id': 'ENSE00000809129.1', 'level': '2', 'protein_id': 'ENSP00000369677.4', 'transcript_support_level': '1', 'hgnc_id': 'HGNC:19880', 'tag': 'basic,Ensembl_canonical,MANE_Select,appris_principal_1,CCDS', 'ccdsid': 'CCDS1733.1', 'havana_gene': 'OTTHUMG00000097069.5_1', 'havana_transcript': 'OTTHUMT00000214185.4_1', 'remap_original_location': 'chr2:+:27082083-27084011', 'remap_status': 'full_contig1929', 'feature': 'CDS', 'feature_coordinates': 'chr2:27304951-27306879', 'probegroup': 'EMILIN1', 'offset_coordinates': 'chr2:27304925-27306904', 'five_prime_bases': 33, 'three_prime_bases': 31, 'region_id': 'chr2:27304918-27306910'}","{'GRAPES2': '0.995', 'CNVKIT': None, 'DECON': '35.5', 'GATK_GCNV': '60.07'}",False,35.5,60.07,,0.995,,0.839746828457386,False
105977690,105990240,chr2,DUP,RB38563,4,1,1,0,1,46.705441797466335,0.5924749173913043,12550,"{'ID': 'CDS:ENST00000530340.6', 'Parent': 'ENST00000530340.6', 'gene_id': 'ENSG00000115641.19_1', 'transcript_id': 'ENST00000530340.6_1', 'gene_type': 'protein_coding', 'gene_name': 'FHL2', 'transcript_type': 'protein_coding', 'transcript_name': 'FHL2-211', 'exon_number': '7', 'exon_id': 'ENSE00003655994.1', 'level': '2', 'protein_id': 'ENSP00000433567.2', 'transcript_support_level': '1', 'hgnc_id': 'HGNC:3703', 'tag': 'alternative_5_UTR,CAGE_supported_TSS,upstream_ATG,basic,Ensembl_canonical,MANE_Select,appris_principal_1,CCDS', 'ccdsid': 'CCDS2070.1', 'havana_gene': 'OTTHUMG00000153120.6_1', 'havana_transcript': 'OTTHUMT00000329655.3_1', 'remap_original_location': 'chr2:-:105361283-105361434', 'remap_status': 'full_contig152', 'feature': 'CDS', 'feature_coordinates': 'chr2:105977740-105977891', 'probegroup': 'FHL2', 'offset_coordinates': 'chr2:105977714-105977916', 'five_prime_bases': 81, 'three_prime_bases': 80, 'region_id': 'chr2:105977659-105977971'}","{'GRAPES2': '1.0', 'CNVKIT': None, 'DECON': '109', 'GATK_GCNV': '41.64'}",True,109,41.64,,1.0,in_silico,0.839746828457386,False
76591356,76591585,chr6,DEL,RB38563,1,1,1,0,1,37.391304347826086,1.0,229,"{'ID': 'CDS:ENST00000369977.8', 'Parent': 'ENST00000369977.8', 'gene_id': 'ENSG00000196586.17_1', 'transcript_id': 'ENST00000369977.8_1', 'gene_type': 'protein_coding', 'gene_name': 'MYO6', 'transcript_type': 'protein_coding', 'transcript_name': 'MYO6-202', 'exon_number': '23', 'exon_id': 'ENSE00003637744.1', 'level': '2', 'protein_id': 'ENSP00000358994.3', 'transcript_support_level': '1', 'hgnc_id': 'HGNC:7605', 'tag': 'basic,Ensembl_canonical,MANE_Select,appris_principal_2,CCDS', 'ccdsid': 'CCDS34487.1', 'havana_gene': 'OTTHUMG00000015061.7_1', 'havana_transcript': 'OTTHUMT00000041279.3_1', 'remap_original_location': 'chr6:+:75881689-75881818', 'remap_status': 'full_contig130', 'feature': 'CDS', 'feature_coordinates': 'chr6:76591406-76591535', 'probegroup': 'MYO6', 'offset_coordinates': 'chr6:76591380-76591560', 'five_prime_bases': 80, 'three_prime_bases': 79, 'region_id': 'chr6:76591326-76591614'}","{'GRAPES2': '0.626', 'CNVKIT': None, 'DECON': '21.2', 'GATK_GCNV': '10.38'}",True,21.2,10.38,,0.626,in_silico,0.839746828457386,False
179519447,179522333,chr2,DEL,RB38563,3,1,0,0,0,40.0415656390717,0.10489960587878781,2886,"{'ID': 'CDS:ENST00000589042.5', 'Parent': 'ENST00000589042.5', 'gene_id': 'ENSG00000155657.29_1', 'transcript_id': 'ENST00000589042.5_1', 'gene_type': 'protein_coding', 'gene_name': 'TTN', 'transcript_type': 'protein_coding', 'transcript_name': 'TTN-214', 'exon_number': '191', 'exon_id': 'ENSE00001744095.2', 'level': '1', 'protein_id': 'ENSP00000467141.1', 'transcript_support_level': '5', 'hgnc_id': 'HGNC:12403', 'tag': 'inferred_exon_combination,non_submitted_evidence,basic,Ensembl_canonical,MANE_Select,appris_principal_1,exp_conf,CCDS', 'ccdsid': 'CCDS59435.1', 'havana_gene': 'OTTHUMG00000154448.23_1', 'havana_transcript': 'OTTHUMT00000450680.3_1', 'remap_original_location': 'chr2:-:178654745-178654828', 'remap_status': 'full_contig84', 'feature': 'CDS', 'feature_coordinates': 'chr2:179519472-179519555', 'probegroup': 'TTN', 'offset_coordinates': 'chr2:179519446-179519580', 'five_prime_bases': 3584, 'three_prime_bases': 245, 'region_id': 'chr2:179515888-179519800'}","{'GRAPES2': None, 'CNVKIT': None, 'DECON': '17.4', 'GATK_GCNV': None}",False,17.4,,,,,0.839746828457386,False
179523874,179527368,chr2,DUP,RB38563,6,1,0,0,0,39.94277539341917,0.10876816299581586,3494,"{'ID': 'CDS:ENST00000589042.5', 'Parent': 'ENST00000589042.5', 'gene_id': 'ENSG00000155657.29_1', 'transcript_id': 'ENST00000589042.5_1', 'gene_type': 'protein_coding', 'gene_name': 'TTN', 'transcript_type': 'protein_coding', 'transcript_name': 'TTN-214', 'exon_number': '181', 'exon_id': 'ENSE00003802745.1', 'level': '1', 'protein_id': 'ENSP00000467141.1', 'transcript_support_level': '5', 'hgnc_id': 'HGNC:12403', 'tag': 'inferred_exon_combination,non_submitted_evidence,basic,Ensembl_canonical,MANE_Select,appris_principal_1,exp_conf,CCDS', 'ccdsid': 'CCDS59435.1', 'havana_gene': 'OTTHUMG00000154448.23_1', 'havana_transcript': 'OTTHUMT00000450680.3_1', 'remap_original_location': 'chr2:-:178659172-178659255', 'remap_status': 'full_contig84', 'feature': 'CDS', 'feature_coordinates': 'chr2:179523899-179523982', 'probegroup': 'TTN', 'offset_coordinates': 'chr2:179523873-179524007', 'five_prime_bases': 1753, 'three_prime_bases': 78, 'region_id': 'chr2:179522146-179524060'}","{'GRAPES2': None, 'CNVKIT': None, 'DECON': '7.24', 'GATK_GCNV': None}",False,7.24,,,,,0.839746828457386,False
68940025,69366857,chr10,DEL,RB38147,5,1,1,0,1,36.89030604475287,0.16554979760901434,426832,"{'ID': 'CDS:ENST00000433211.7', 'Parent': 'ENST00000433211.7', 'gene_id': 'ENSG00000183230.18_1', 'transcript_id': 'ENST00000433211.7_1', 'gene_type': 'protein_coding', 'gene_name': 'CTNNA3', 'transcript_type': 'protein_coding', 'transcript_name': 'CTNNA3-203', 'exon_number': '7', 'exon_id': 'ENSE00001290145.1', 'level': '2', 'protein_id': 'ENSP00000389714.1', 'transcript_support_level': '1', 'hgnc_id': 'HGNC:2511', 'tag': 'basic,Ensembl_canonical,MANE_Select,appris_principal_1,CCDS', 'ccdsid': 'CCDS7269.1', 'havana_gene': 'OTTHUMG00000018334.8_1', 'havana_transcript': 'OTTHUMT00000048282.3_1', 'remap_original_location': 'chr10:-:67180317-67180520', 'remap_status': 'full_contig204', 'feature': 'CDS', 'feature_coordinates': 'chr10:68940075-68940278', 'probegroup': 'CTNNA3', 'offset_coordinates': 'chr10:68940049-68940303', 'five_prime_bases': 31, 'three_prime_bases': 30, 'region_id': 'chr10:68940044-68940308'}","{'GRAPES2': '1.0', 'CNVKIT': None, 'DECON': '27.4', 'GATK_GCNV': '693.40'}",True,27.4,693.40,,1.0,in_silico,0.7887227660064505,False
88466238,88466526,chr10,DEL,RB38147,1,1,1,0,0,66.43598615916954,1.0,288,"{'ID': 'CDS:ENST00000361373.9', 'Parent': 'ENST00000361373.9', 'gene_id': 'ENSG00000122367.21_1', 'transcript_id': 'ENST00000361373.9_1', 'gene_type': 'protein_coding', 'gene_name': 'LDB3', 'transcript_type': 'protein_coding', 'transcript_name': 'LDB3-202', 'exon_number': '8', 'exon_id': 'ENSE00001210293.1', 'level': '2', 'protein_id': 'ENSP00000355296.3', 'transcript_support_level': '1', 'hgnc_id': 'HGNC:15710', 'tag': 'CAGE_supported_TSS,basic,Ensembl_canonical,MANE_Select,appris_principal_3,CCDS', 'ccdsid': 'CCDS7377.1', 'havana_gene': 'OTTHUMG00000018655.7_1', 'havana_transcript': 'OTTHUMT00000049160.2_1', 'remap_original_location': 'chr10:+:86706531-86706719', 'remap_status': 'full_contig189', 'feature': 'CDS', 'feature_coordinates': 'chr10:88466288-88466476', 'probegroup': 'LDB3', 'offset_coordinates': 'chr10:88466262-88466501', 'five_prime_bases': 27, 'three_prime_bases': 25, 'region_id': 'chr10:88466261-88466501'}","{'GRAPES2': None, 'CNVKIT': None, 'DECON': '6.39', 'GATK_GCNV': '20.65'}",False,6.39,20.65,,,,0.7887227660064505,False
112884030,112893917,chr12,DUP,RB38147,5,1,1,0,1,41.87904530744336,0.4317476534482759,9887,"{'ID': 'CDS:ENST00000351677.7', 'Parent': 'ENST00000351677.7', 'gene_id': 'ENSG00000179295.19_1', 'transcript_id': 'ENST00000351677.7_1', 'gene_type': 'protein_coding', 'gene_name': 'PTPN11', 'transcript_type': 'protein_coding', 'transcript_name': 'PTPN11-201', 'exon_number': '2', 'exon_id': 'ENSE00000834910.1', 'level': '2', 'protein_id': 'ENSP00000340944.3', 'transcript_support_level': '1', 'hgnc_id': 'HGNC:9644', 'tag': 'basic,Ensembl_canonical,MANE_Select,appris_principal_3,CCDS', 'ccdsid': 'CCDS9163.1', 'havana_gene': 'OTTHUMG00000134334.4_1', 'havana_transcript': 'OTTHUMT00000259496.2_1', 'remap_original_location': 'chr12:+:112446276-112446398', 'remap_status': 'full_contig123', 'feature': 'CDS', 'feature_coordinates': 'chr12:112884080-112884202', 'probegroup': 'PTPN11', 'offset_coordinates': 'chr12:112884054-112884227', 'five_prime_bases': 84, 'three_prime_bases': 82, 'region_id': 'chr12:112883996-112884284'}","{'GRAPES2': '0.962', 'CNVKIT': None, 'DECON': '31.9', 'GATK_GCNV': '173.63'}",True,31.9,173.63,,0.962,in_silico,0.7887227660064505,False
15847201,15847415,chr16,DEL,RB38147,1,1,1,0,1,53.95348837209303,1.0,214,"{'ID': 'CDS:ENST00000300036.6', 'Parent': 'ENST00000300036.6', 'gene_id': 'ENSG00000133392.18_1', 'transcript_id': 'ENST00000300036.6_1', 'gene_type': 'protein_coding', 'gene_name': 'MYH11', 'transcript_type': 'protein_coding', 'transcript_name': 'MYH11-201', 'exon_number': '15', 'exon_id': 'ENSE00003604193.1', 'level': '2', 'protein_id': 'ENSP00000300036.5', 'transcript_support_level': '1', 'hgnc_id': 'HGNC:7569', 'tag': 'CAGE_supported_TSS,basic,Ensembl_canonical,MANE_Select,CCDS', 'ccdsid': 'CCDS10565.1', 'havana_gene': 'OTTHUMG00000129935.9_1', 'havana_transcript': 'OTTHUMT00000252192.6_1', 'remap_original_location': 'chr16:-:15753394-15753508', 'remap_status': 'full_contig115', 'feature': 'CDS', 'feature_coordinates': 'chr16:15847251-15847365', 'probegroup': 'MYH11', 'offset_coordinates': 'chr16:15847225-15847390', 'five_prime_bases': 76, 'three_prime_bases': 74, 'region_id': 'chr16:15847175-15847439'}","{'GRAPES2': '0.527', 'CNVKIT': None, 'DECON': '7.35', 'GATK_GCNV': '78.28'}",True,7.35,78.28,,0.527,in_silico,0.7887227660064505,False
78398942,78401754,chr1,DUP,RB38147,2,1,0,0,0,41.41485958051902,0.8,2812,"{'ID': 'CDS:ENST00000334785.12', 'Parent': 'ENST00000334785.12', 'gene_id': 'ENSG00000162614.19_1', 'transcript_id': 'ENST00000334785.12_1', 'gene_type': 'protein_coding', 'gene_name': 'NEXN', 'transcript_type': 'protein_coding', 'transcript_name': 'NEXN-202', 'exon_number': '10', 'exon_id': 'ENSE00003632010.1', 'level': '2', 'protein_id': 'ENSP00000333938.7', 'transcript_support_level': '1', 'hgnc_id': 'HGNC:29557', 'tag': 'basic,Ensembl_canonical,MANE_Select,appris_principal_3,CCDS', 'ccdsid': 'CCDS41351.1', 'havana_gene': 'OTTHUMG00000040533.4_1', 'havana_transcript': 'OTTHUMT00000097549.1_1', 'remap_original_location': 'chr1:+:77933282-77933479', 'remap_status': 'full_contig198', 'feature': 'CDS', 'feature_coordinates': 'chr1:78398967-78399164', 'probegroup': 'NEXN', 'offset_coordinates': 'chr1:78398941-78399189', 'five_prime_bases': 34, 'three_prime_bases': 33, 'region_id': 'chr1:78398933-78399197'}","{'GRAPES2': None, 'CNVKIT': None, 'DECON': '3.62', 'GATK_GCNV': None}",False,3.62,,,,,0.7887227660064505,False
162326725,162326951,chr1,DEL,RB38147,1,1,0,0,0,61.67400881057269,1.0,226,"{'ID': 'CDS:ENST00000361897.10', 'Parent': 'ENST00000361897.10', 'gene_id': 'ENSG00000198929.13_1', 'transcript_id': 'ENST00000361897.10_1', 'gene_type': 'protein_coding', 'gene_name': 'NOS1AP', 'transcript_type': 'protein_coding', 'transcript_name': 'NOS1AP-201', 'exon_number': '8', 'exon_id': 'ENSE00001068172.1', 'level': '2', 'protein_id': 'ENSP00000355133.5', 'transcript_support_level': '1', 'hgnc_id': 'HGNC:16859', 'tag': 'basic,Ensembl_canonical,MANE_Select,appris_principal_3,CCDS', 'ccdsid': 'CCDS1237.1', 'havana_gene': 'OTTHUMG00000024049.7_1', 'havana_transcript': 'OTTHUMT00000060555.3_1', 'remap_original_location': 'chr1:+:162356960-162357136', 'remap_status': 'full_contig177', 'feature': 'CDS', 'feature_coordinates': 'chr1:162326750-162326926', 'probegroup': 'NOS1AP', 'offset_coordinates': 'chr1:162326724-162326951', 'five_prime_bases': 33, 'three_prime_bases': 31, 'region_id': 'chr1:162326717-162326957'}","{'GRAPES2': None, 'CNVKIT': None, 'DECON': '3.17', 'GATK_GCNV': None}",False,3.17,,,,,0.7887227660064505,False
40401821,40402007,chr2,DUP,RB38147,2,1,0,0,0,26.737967914438503,1.0,186,"{'ID': 'CDS:ENST00000332839.8', 'Parent': 'ENST00000332839.8', 'gene_id': 'ENSG00000183023.18_1', 'transcript_id': 'ENST00000332839.8_1', 'gene_type': 'protein_coding', 'gene_name': 'SLC8A1', 'transcript_type': 'protein_coding', 'transcript_name': 'SLC8A1-201', 'exon_number': '5', 'exon_id': 'ENSE00002494453.1', 'level': '3', 'protein_id': 'ENSP00000332931.4', 'transcript_support_level': '1', 'hgnc_id': 'HGNC:11068', 'tag': 'basic,appris_principal_3,CCDS', 'ccdsid': 'CCDS1806.1', 'havana_gene': 'OTTHUMG00000102183.9_1', 'remap_original_location': 'chr2:-:40174706-40174720', 'remap_status': 'full_contig15', 'feature': 'CDS', 'feature_coordinates': 'chr2:40401846-40401860', 'probegroup': 'SLC8A1', 'offset_coordinates': 'chr2:40401820-40401885', 'five_prime_bases': 78, 'three_prime_bases': 197, 'region_id': 'chr2:40401768-40402057'}","{'GRAPES2': None, 'CNVKIT': None, 'DECON': '4.56', 'GATK_GCNV': None}",False,4.56,,,,,0.7887227660064505,False
179519147,179519747,chr2,DUP,RB38147,3,1,0,0,0,39.10149750415973,0.361111,600,"{'ID': 'CDS:ENST00000589042.5', 'Parent': 'ENST00000589042.5', 'gene_id': 'ENSG00000155657.29_1', 'transcript_id': 'ENST00000589042.5_1', 'gene_type': 'protein_coding', 'gene_name': 'TTN', 'transcript_type': 'protein_coding', 'transcript_name': 'TTN-214', 'exon_number': '192', 'exon_id': 'ENSE00002836035.1', 'level': '1', 'protein_id': 'ENSP00000467141.1', 'transcript_support_level': '5', 'hgnc_id': 'HGNC:12403', 'tag': 'inferred_exon_combination,non_submitted_evidence,basic,Ensembl_canonical,MANE_Select,appris_principal_1,exp_conf,CCDS', 'ccdsid': 'CCDS59435.1', 'havana_gene': 'OTTHUMG00000154448.23_1', 'havana_transcript': 'OTTHUMT00000450680.3_1', 'remap_original_location': 'chr2:-:178654445-178654534', 'remap_status': 'full_contig90', 'feature': 'CDS', 'feature_coordinates': 'chr2:179519172-179519261', 'probegroup': 'TTN', 'offset_coordinates': 'chr2:179519146-179519286', 'five_prime_bases': 3284, 'three_prime_bases': 539, 'region_id': 'chr2:179515888-179519800'}","{'GRAPES2': None, 'CNVKIT': None, 'DECON': '14.9', 'GATK_GCNV': None}",False,14.9,,,,,0.7887227660064505,False
179526844,179528268,chr2,DUP,RB38147,7,1,0,0,0,40.35087719298245,0.486111,1424,"{'ID': 'CDS:ENST00000589042.5', 'Parent': 'ENST00000589042.5', 'gene_id': 'ENSG00000155657.29_1', 'transcript_id': 'ENST00000589042.5_1', 'gene_type': 'protein_coding', 'gene_name': 'TTN', 'transcript_type': 'protein_coding', 'transcript_name': 'TTN-214', 'exon_number': '178', 'exon_id': 'ENSE00002852676.1', 'level': '1', 'protein_id': 'ENSP00000467141.1', 'transcript_support_level': '5', 'hgnc_id': 'HGNC:12403', 'tag': 'inferred_exon_combination,non_submitted_evidence,basic,Ensembl_canonical,MANE_Select,appris_principal_1,exp_conf,CCDS', 'ccdsid': 'CCDS59435.1', 'havana_gene': 'OTTHUMG00000154448.23_1', 'havana_transcript': 'OTTHUMT00000450680.3_1', 'remap_original_location': 'chr2:-:178662142-178662222', 'remap_status': 'full_contig81', 'feature': 'CDS', 'feature_coordinates': 'chr2:179526869-179526949', 'probegroup': 'TTN', 'offset_coordinates': 'chr2:179526843-179526974', 'five_prime_bases': 462, 'three_prime_bases': 1954, 'region_id': 'chr2:179526407-179528903'}","{'GRAPES2': None, 'CNVKIT': None, 'DECON': '26.2', 'GATK_GCNV': None}",False,26.2,,,,,0.7887227660064505,False
141326495,141326627,chr3,DUP,RB38147,1,1,0,0,0,27.06766917293233,1.0,132,"{'ID': 'CDS:ENST00000286364.9', 'Parent': 'ENST00000286364.9', 'gene_id': 'ENSG00000155903.14_1', 'transcript_id': 'ENST00000286364.9_1', 'gene_type': 'protein_coding', 'gene_name': 'RASA2', 'transcript_type': 'protein_coding', 'transcript_name': 'RASA2-201', 'exon_number': '20', 'exon_id': 'ENSE00003619180.1', 'level': '2', 'protein_id': 'ENSP00000286364.3', 'transcript_support_level': '1', 'hgnc_id': 'HGNC:9872', 'tag': 'basic,Ensembl_canonical,MANE_Select,appris_principal_1,CCDS', 'ccdsid': 'CCDS3117.1', 'havana_gene': 'OTTHUMG00000160221.5_1', 'havana_transcript': 'OTTHUMT00000359711.4_1', 'remap_original_location': 'chr3:+:141607678-141607760', 'remap_status': 'full_contig83', 'feature': 'CDS', 'feature_coordinates': 'chr3:141326520-141326602', 'probegroup': 'RASA2', 'offset_coordinates': 'chr3:141326494-141326627', 'five_prime_bases': 99, 'three_prime_bases': 83, 'region_id': 'chr3:141326421-141326685'}","{'GRAPES2': None, 'CNVKIT': None, 'DECON': '2.69', 'GATK_GCNV': None}",False,2.69,,,,,0.7887227660064505,False
156016216,156186426,chr5,DEL,RB38147,5,1,0,0,0,39.320607951307494,0.12414283239375648,170210,"{'ID': 'CDS:ENST00000337851.9', 'Parent': 'ENST00000337851.9', 'gene_id': 'ENSG00000170624.14_1', 'transcript_id': 'ENST00000337851.9_1', 'gene_type': 'protein_coding', 'gene_name': 'SGCD', 'transcript_type': 'protein_coding', 'transcript_name': 'SGCD-201', 'exon_number': '5', 'exon_id': 'ENSE00001133355.1', 'level': '2', 'protein_id': 'ENSP00000338343.4', 'transcript_support_level': '1', 'hgnc_id': 'HGNC:10807', 'tag': 'basic,Ensembl_canonical,MANE_Select,appris_principal_4,CCDS', 'ccdsid': 'CCDS47325.1', 'havana_gene': 'OTTHUMG00000163445.4_1', 'havana_transcript': 'OTTHUMT00000373470.2_1', 'remap_original_location': 'chr5:+:156589231-156589318', 'remap_status': 'full_contig88', 'feature': 'CDS', 'feature_coordinates': 'chr5:156016241-156016328', 'probegroup': 'SGCD', 'offset_coordinates': 'chr5:156016215-156016353', 'five_prime_bases': 77, 'three_prime_bases': 76, 'region_id': 'chr5:156016164-156016404'}","{'GRAPES2': None, 'CNVKIT': None, 'DECON': '6.11', 'GATK_GCNV': None}",False,6.11,,,,,0.7887227660064505,False
178772166,178772354,chr5,DEL,RB38147,1,1,0,0,0,81.48148148148148,1.0,188,"{'ID': 'CDS:ENST00000251582.12', 'Parent': 'ENST00000251582.12', 'gene_id': 'ENSG00000087116.16_1', 'transcript_id': 'ENST00000251582.12_1', 'gene_type': 'protein_coding', 'gene_name': 'ADAMTS2', 'transcript_type': 'protein_coding', 'transcript_name': 'ADAMTS2-201', 'exon_number': '1', 'exon_id': 'ENSE00003847948.1', 'level': '2', 'protein_id': 'ENSP00000251582.7', 'transcript_support_level': '1', 'hgnc_id': 'HGNC:218', 'tag': 'basic,Ensembl_canonical,MANE_Select,appris_principal_2,CCDS', 'ccdsid': 'CCDS4444.1', 'havana_gene': 'OTTHUMG00000130915.7_1', 'havana_transcript': 'OTTHUMT00000253507.2_1', 'remap_original_location': 'chr5:-:179345190-179345328', 'remap_status': 'full_contig139', 'feature': 'CDS', 'feature_coordinates': 'chr5:178772191-178772329', 'probegroup': 'ADAMTS2', 'offset_coordinates': 'chr5:178772165-178772354', 'five_prime_bases': 76, 'three_prime_bases': 74, 'region_id': 'chr5:178772115-178772403'}","{'GRAPES2': None, 'CNVKIT': None, 'DECON': '4.08', 'GATK_GCNV': None}",False,4.08,,,,,0.7887227660064505,False
75848011,75848081,chr6,DUP,RB38147,1,1,0,0,0,29.577464788732392,1.0,70,"{'ID': 'CDS:ENST00000322507.13', 'Parent': 'ENST00000322507.13', 'gene_id': 'ENSG00000111799.22_1', 'transcript_id': 'ENST00000322507.13_1', 'gene_type': 'protein_coding', 'gene_name': 'COL12A1', 'transcript_type': 'protein_coding', 'transcript_name': 'COL12A1-201', 'exon_number': '30', 'exon_id': 'ENSE00002226533.1', 'level': '2', 'protein_id': 'ENSP00000325146.8', 'transcript_support_level': '1', 'hgnc_id': 'HGNC:2188', 'tag': 'basic,Ensembl_canonical,MANE_Select,appris_principal_2,CCDS', 'ccdsid': 'CCDS43482.1', 'havana_gene': 'OTTHUMG00000015051.8_1', 'havana_transcript': 'OTTHUMT00000041249.4_1', 'remap_original_location': 'chr6:-:75138320-75138340', 'remap_status': 'full_contig21', 'feature': 'CDS', 'feature_coordinates': 'chr6:75848036-75848056', 'probegroup': 'COL12A1', 'offset_coordinates': 'chr6:75848010-75848081', 'five_prime_bases': 75, 'three_prime_bases': 695, 'region_id': 'chr6:75847961-75848751'}","{'GRAPES2': None, 'CNVKIT': None, 'DECON': '2.79', 'GATK_GCNV': None}",False,2.79,,,,,0.7887227660064505,False
123580744,123588921,chr6,DUP,RB38147,4,1,0,0,0,30.251895328931276,0.46264358620689644,8177,"{'ID': 'CDS:ENST00000334268.9', 'Parent': 'ENST00000334268.9', 'gene_id': 'ENSG00000186439.14_1', 'transcript_id': 'ENST00000334268.9_1', 'gene_type': 'protein_coding', 'gene_name': 'TRDN', 'transcript_type': 'protein_coding', 'transcript_name': 'TRDN-201', 'exon_number': '35', 'exon_id': 'ENSE00001006458.1', 'level': '2', 'protein_id': 'ENSP00000333984.5', 'transcript_support_level': '1', 'hgnc_id': 'HGNC:12261', 'tag': 'CAGE_supported_TSS,basic,Ensembl_canonical,MANE_Select,appris_principal_3,CCDS', 'ccdsid': 'CCDS55053.1', 'havana_gene': 'OTTHUMG00000015497.4_1', 'havana_transcript': 'OTTHUMT00000042050.3_1', 'remap_original_location': 'chr6:-:123259624-123259662', 'remap_status': 'full_contig39', 'feature': 'CDS', 'feature_coordinates': 'chr6:123580769-123580807', 'probegroup': 'TRDN', 'offset_coordinates': 'chr6:123580743-123580832', 'five_prime_bases': 78, 'three_prime_bases': 76, 'region_id': 'chr6:123580691-123580883'}","{'GRAPES2': None, 'CNVKIT': None, 'DECON': '4.29', 'GATK_GCNV': None}",False,4.29,,,,,0.7887227660064505,False
114803945,114823397,chr12,DUP,RB38147,2,1,0,0,0,43.725903459620625,0.5825142277777778,19452,"{'ID': 'CDS:ENST00000405440.7', 'Parent': 'ENST00000405440.7', 'gene_id': 'ENSG00000089225.20_1', 'transcript_id': 'ENST00000405440.7_1', 'gene_type': 'protein_coding', 'gene_name': 'TBX5', 'transcript_type': 'protein_coding', 'transcript_name': 'TBX5-203', 'exon_number': '8', 'exon_id': 'ENSE00000835004.1', 'level': '1', 'protein_id': 'ENSP00000384152.3', 'transcript_support_level': '1', 'hgnc_id': 'HGNC:11604', 'tag': 'alternative_5_UTR,basic,Ensembl_canonical,MANE_Select,appris_principal_1,exp_conf,CCDS', 'ccdsid': 'CCDS9173.1', 'havana_gene': 'OTTHUMG00000166191.3_1', 'havana_transcript': 'OTTHUMT00000388295.1_1', 'remap_original_location': 'chr12:-:114366165-114366391', 'remap_status': 'full_contig227', 'feature': 'CDS', 'feature_coordinates': 'chr12:114803970-114804196', 'probegroup': 'TBX5', 'offset_coordinates': 'chr12:114803944-114804221', 'five_prime_bases': 102, 'three_prime_bases': 32, 'region_id': 'chr12:114803868-114804228'}","{'GRAPES2': None, 'CNVKIT': None, 'DECON': '3.08', 'GATK_GCNV': None}",False,3.08,,,,,0.7887227660064505,False
23890141,23890282,chr14,DUP,RB38147,1,1,0,0,1,56.33802816901409,1.0,141,"{'ID': 'CDS:ENST00000355349.4', 'Parent': 'ENST00000355349.4', 'gene_id': 'ENSG00000092054.13_1', 'transcript_id': 'ENST00000355349.4_1', 'gene_type': 'protein_coding', 'gene_name': 'MYH7', 'transcript_type': 'protein_coding', 'transcript_name': 'MYH7-201', 'exon_number': '26', 'exon_id': 'ENSE00000586050.1', 'level': '2', 'protein_id': 'ENSP00000347507.3', 'transcript_support_level': '1', 'hgnc_id': 'HGNC:7577', 'tag': 'basic,Ensembl_canonical,MANE_Select,appris_principal_1,CCDS', 'ccdsid': 'CCDS9601.1', 'havana_gene': 'OTTHUMG00000028755.5_1', 'havana_transcript': 'OTTHUMT00000071798.4_1', 'remap_original_location': 'chr14:-:23420958-23421048', 'remap_status': 'full_contig91', 'feature': 'CDS', 'feature_coordinates': 'chr14:23890167-23890257', 'probegroup': 'MYH7', 'offset_coordinates': 'chr14:23890141-23890282', 'five_prime_bases': 76, 'three_prime_bases': 74, 'region_id': 'chr14:23890091-23890331'}","{'GRAPES2': '0.827', 'CNVKIT': None, 'DECON': '6.32', 'GATK_GCNV': None}",False,6.32,,,0.827,,0.7887227660064505,False
72766956,72767380,chr15,DEL,RB38147,1,1,0,0,0,71.29411764705881,1.0,424,"{'ID': 'CDS:ENST00000379887.9', 'Parent': 'ENST00000379887.9', 'gene_id': 'ENSG00000166233.15_1', 'transcript_id': 'ENST00000379887.9_1', 'gene_type': 'protein_coding', 'gene_name': 'ARIH1', 'transcript_type': 'protein_coding', 'transcript_name': 'ARIH1-201', 'exon_number': '1', 'exon_id': 'ENSE00001179017.6', 'level': '2', 'protein_id': 'ENSP00000369217.4', 'transcript_support_level': '1', 'hgnc_id': 'HGNC:689', 'tag': 'RNA_Seq_supported_partial,basic,Ensembl_canonical,MANE_Select,appris_principal_1,CCDS', 'ccdsid': 'CCDS10244.1', 'havana_gene': 'OTTHUMG00000133474.5_1', 'havana_transcript': 'OTTHUMT00000257350.3_1', 'remap_original_location': 'chr15:+:72474640-72475014', 'remap_status': 'full_contig375', 'feature': 'CDS', 'feature_coordinates': 'chr15:72766981-72767355', 'probegroup': 'ARIH1', 'offset_coordinates': 'chr15:72766955-72767380', 'five_prime_bases': 30, 'three_prime_bases': 28, 'region_id': 'chr15:72766951-72767383'}","{'GRAPES2': None, 'CNVKIT': None, 'DECON': '3.24', 'GATK_GCNV': None}",False,3.24,,,,,0.7887227660064505,False
2152037,2152282,chr16,DEL,RB38147,1,1,0,0,0,65.4471544715447,0.2166668,245,"{'ID': 'CDS:ENST00000262304.9', 'Parent': 'ENST00000262304.9', 'gene_id': 'ENSG00000008710.20_1', 'transcript_id': 'ENST00000262304.9_1', 'gene_type': 'protein_coding', 'gene_name': 'PKD1', 'transcript_type': 'protein_coding', 'transcript_name': 'PKD1-201', 'exon_number': '26', 'exon_id': 'ENSE00003665951.1', 'level': '2', 'protein_id': 'ENSP00000262304.4', 'transcript_support_level': '1', 'hgnc_id': 'HGNC:9008', 'tag': 'basic,Ensembl_canonical,MANE_Select,appris_principal_3,CCDS', 'ccdsid': 'CCDS32369.1', 'havana_gene': 'OTTHUMG00000155795.6_1', 'havana_transcript': 'OTTHUMT00000341688.2_1', 'remap_original_location': 'chr16:-:2102061-2102256', 'remap_status': 'full_contig196', 'feature': 'CDS', 'feature_coordinates': 'chr16:2152062-2152257', 'probegroup': 'PKD1', 'offset_coordinates': 'chr16:2152036-2152282', 'five_prime_bases': 35, 'three_prime_bases': 791, 'region_id': 'chr16:2152027-2153048'}","{'GRAPES2': None, 'CNVKIT': None, 'DECON': '10.6', 'GATK_GCNV': None}",False,10.6,,,,,0.7887227660064505,False
2155298,2156974,chr16,DEL,RB38147,5,1,0,0,0,67.08407871198568,0.3598485681818182,1676,"{'ID': 'CDS:ENST00000262304.9', 'Parent': 'ENST00000262304.9', 'gene_id': 'ENSG00000008710.20_1', 'transcript_id': 'ENST00000262304.9_1', 'gene_type': 'protein_coding', 'gene_name': 'PKD1', 'transcript_type': 'protein_coding', 'transcript_name': 'PKD1-201', 'exon_number': '21', 'exon_id': 'ENSE00003607637.1', 'level': '2', 'protein_id': 'ENSP00000262304.4', 'transcript_support_level': '1', 'hgnc_id': 'HGNC:9008', 'tag': 'basic,Ensembl_canonical,MANE_Select,appris_principal_3,CCDS', 'ccdsid': 'CCDS32369.1', 'havana_gene': 'OTTHUMG00000155795.6_1', 'havana_transcript': 'OTTHUMT00000341688.2_1', 'remap_original_location': 'chr16:-:2105322-2105474', 'remap_status': 'full_contig153', 'feature': 'CDS', 'feature_coordinates': 'chr16:2155323-2155475', 'probegroup': 'PKD1', 'offset_coordinates': 'chr16:2155297-2155500', 'five_prime_bases': 81, 'three_prime_bases': 79, 'region_id': 'chr16:2155242-2155554'}","{'GRAPES2': None, 'CNVKIT': None, 'DECON': '22.2', 'GATK_GCNV': None}",False,22.2,,,,,0.7887227660064505,False
2162316,2162499,chr16,DEL,RB38147,1,1,0,0,0,66.84782608695652,0.3466668,183,"{'ID': 'CDS:ENST00000262304.9', 'Parent': 'ENST00000262304.9', 'gene_id': 'ENSG00000008710.20_1', 'transcript_id': 'ENST00000262304.9_1', 'gene_type': 'protein_coding', 'gene_name': 'PKD1', 'transcript_type': 'protein_coding', 'transcript_name': 'PKD1-201', 'exon_number': '14', 'exon_id': 'ENSE00003514982.1', 'level': '2', 'protein_id': 'ENSP00000262304.4', 'transcript_support_level': '1', 'hgnc_id': 'HGNC:9008', 'tag': 'basic,Ensembl_canonical,MANE_Select,appris_principal_3,CCDS', 'ccdsid': 'CCDS32369.1', 'havana_gene': 'OTTHUMG00000155795.6_1', 'havana_transcript': 'OTTHUMT00000341688.2_1', 'remap_original_location': 'chr16:-:2112340-2112473', 'remap_status': 'full_contig134', 'feature': 'CDS', 'feature_coordinates': 'chr16:2162341-2162474', 'probegroup': 'PKD1', 'offset_coordinates': 'chr16:2162315-2162499', 'five_prime_bases': 78, 'three_prime_bases': 77, 'region_id': 'chr16:2162263-2162551'}","{'GRAPES2': None, 'CNVKIT': None, 'DECON': '5.6', 'GATK_GCNV': None}",False,5.6,,,,,0.7887227660064505,False
25756902,25757011,chr18,DEL,RB38147,1,1,0,0,0,76.36363636363637,1.0,109,"{'ID': 'CDS:ENST00000269141.8', 'Parent': 'ENST00000269141.8', 'gene_id': 'ENSG00000170558.10_1', 'transcript_id': 'ENST00000269141.8_1', 'gene_type': 'protein_coding', 'gene_name': 'CDH2', 'transcript_type': 'protein_coding', 'transcript_name': 'CDH2-201', 'exon_number': '1', 'exon_id': 'ENSE00001235868.5', 'level': '2', 'protein_id': 'ENSP00000269141.3', 'transcript_support_level': '1', 'hgnc_id': 'HGNC:1759', 'tag': 'basic,Ensembl_canonical,MANE_Select,appris_principal_1,CCDS', 'ccdsid': 'CCDS11891.1', 'havana_gene': 'OTTHUMG00000059940.12_1', 'havana_transcript': 'OTTHUMT00000133246.4_1', 'remap_original_location': 'chr18:-:28176963-28177022', 'remap_status': 'full_contig60', 'feature': 'CDS', 'feature_coordinates': 'chr18:25756927-25756986', 'probegroup': 'CDH2', 'offset_coordinates': 'chr18:25756901-25757011', 'five_prime_bases': 79, 'three_prime_bases': 78, 'region_id': 'chr18:25756848-25757064'}","{'GRAPES2': None, 'CNVKIT': None, 'DECON': '2.56', 'GATK_GCNV': None}",False,2.56,,,,,0.7887227660064505,False
2155297,2155500,chr16,DEL,RB38147,1,0,0,0,1,65.19607843137256,0.5833335,203,"{'ID': 'CDS:ENST00000262304.9', 'Parent': 'ENST00000262304.9', 'gene_id': 'ENSG00000008710.20_1', 'transcript_id': 'ENST00000262304.9_1', 'gene_type': 'protein_coding', 'gene_name': 'PKD1', 'transcript_type': 'protein_coding', 'transcript_name': 'PKD1-201', 'exon_number': '21', 'exon_id': 'ENSE00003607637.1', 'level': '2', 'protein_id': 'ENSP00000262304.4', 'transcript_support_level': '1', 'hgnc_id': 'HGNC:9008', 'tag': 'basic,Ensembl_canonical,MANE_Select,appris_principal_3,CCDS', 'ccdsid': 'CCDS32369.1', 'havana_gene': 'OTTHUMG00000155795.6_1', 'havana_transcript': 'OTTHUMT00000341688.2_1', 'remap_original_location': 'chr16:-:2105322-2105474', 'remap_status': 'full_contig153', 'feature': 'CDS', 'feature_coordinates': 'chr16:2155323-2155475', 'probegroup': 'PKD1', 'offset_coordinates': 'chr16:2155297-2155500', 'five_prime_bases': 81, 'three_prime_bases': 79, 'region_id': 'chr16:2155242-2155554'}","{'GRAPES2': '0.472', 'CNVKIT': None, 'DECON': None, 'GATK_GCNV': None}",False,,,,0.472,,0.7887227660064505,False
179602759,179603137,chr2,DEL,RB38157,1,1,1,0,1,46.17414248021108,1.0,378,"{'ID': 'CDS:ENST00000589042.5', 'Parent': 'ENST00000589042.5', 'gene_id': 'ENSG00000155657.29_1', 'transcript_id': 'ENST00000589042.5_1', 'gene_type': 'protein_coding', 'gene_name': 'TTN', 'transcript_type': 'protein_coding', 'transcript_name': 'TTN-214', 'exon_number': '49', 'exon_id': 'ENSE00003805227.1', 'level': '1', 'protein_id': 'ENSP00000467141.1', 'transcript_support_level': '5', 'hgnc_id': 'HGNC:12403', 'tag': 'inferred_exon_combination,non_submitted_evidence,basic,Ensembl_canonical,MANE_Select,appris_principal_1,exp_conf,CCDS', 'ccdsid': 'CCDS59435.1', 'havana_gene': 'OTTHUMG00000154448.23_1', 'havana_transcript': 'OTTHUMT00000450680.3_1', 'remap_original_location': 'chr2:-:178738082-178738360', 'remap_status': 'full_contig279', 'feature': 'CDS', 'feature_coordinates': 'chr2:179602809-179603087', 'probegroup': 'TTN', 'offset_coordinates': 'chr2:179602783-179603112', 'five_prime_bases': 30, 'three_prime_bases': 28, 'region_id': 'chr2:179602779-179603115'}","{'GRAPES2': '0.496', 'CNVKIT': None, 'DECON': '25.9', 'GATK_GCNV': '508.04'}",True,25.9,508.04,,0.496,in_silico,0.9180727657739763,False
141259325,141278887,chr3,DEL,RB38157,5,1,1,0,1,35.90451362265501,0.4383258,19562,"{'ID': 'CDS:ENST00000286364.9', 'Parent': 'ENST00000286364.9', 'gene_id': 'ENSG00000155903.14_1', 'transcript_id': 'ENST00000286364.9_1', 'gene_type': 'protein_coding', 'gene_name': 'RASA2', 'transcript_type': 'protein_coding', 'transcript_name': 'RASA2-201', 'exon_number': '5', 'exon_id': 'ENSE00002399062.1', 'level': '2', 'protein_id': 'ENSP00000286364.3', 'transcript_support_level': '1', 'hgnc_id': 'HGNC:9872', 'tag': 'basic,Ensembl_canonical,MANE_Select,appris_principal_1,CCDS', 'ccdsid': 'CCDS3117.1', 'havana_gene': 'OTTHUMG00000160221.5_1', 'havana_transcript': 'OTTHUMT00000359711.4_1', 'remap_original_location': 'chr3:+:141540533-141540609', 'remap_status': 'full_contig77', 'feature': 'CDS', 'feature_coordinates': 'chr3:141259375-141259451', 'probegroup': 'RASA2', 'offset_coordinates': 'chr3:141259349-141259476', 'five_prime_bases': 83, 'three_prime_bases': 81, 'region_id': 'chr3:141259292-141259532'}","{'GRAPES2': '0.998', 'CNVKIT': None, 'DECON': '63.8', 'GATK_GCNV': '785.91'}",True,63.8,785.91,,0.998,in_silico,0.9180727657739763,False
91674272,91691850,chr7,DUP,RB38157,4,1,1,0,1,34.42175322828375,0.38182693549999996,17578,"{'ID': 'CDS:ENST00000356239.8', 'Parent': 'ENST00000356239.8', 'gene_id': 'ENSG00000127914.19_1', 'transcript_id': 'ENST00000356239.8_1', 'gene_type': 'protein_coding', 'gene_name': 'AKAP9', 'transcript_type': 'protein_coding', 'transcript_name': 'AKAP9-201', 'exon_number': '21', 'exon_id': 'ENSE00000918950.1', 'level': '2', 'protein_id': 'ENSP00000348573.3', 'transcript_support_level': '1', 'hgnc_id': 'HGNC:379', 'tag': 'CAGE_supported_TSS,basic,Ensembl_canonical,MANE_Select,appris_principal_2,CCDS', 'ccdsid': 'CCDS5622.1', 'havana_gene': 'OTTHUMG00000131127.6_1', 'havana_transcript': 'OTTHUMT00000253808.3_1', 'remap_original_location': 'chr7:+:92045008-92045213', 'remap_status': 'full_contig206', 'feature': 'CDS', 'feature_coordinates': 'chr7:91674322-91674527', 'probegroup': 'AKAP9', 'offset_coordinates': 'chr7:91674296-91674552', 'five_prime_bases': 30, 'three_prime_bases': 29, 'region_id': 'chr7:91674292-91674556'}","{'GRAPES2': '1.0', 'CNVKIT': None, 'DECON': '117', 'GATK_GCNV': '381.60'}",True,117,381.60,,1.0,in_silico,0.9180727657739763,False
137703135,137703495,chr9,DUP,RB38157,2,1,1,0,1,63.1578947368421,1.0,360,"{'ID': 'CDS:ENST00000371817.8', 'Parent': 'ENST00000371817.8', 'gene_id': 'ENSG00000130635.16_1', 'transcript_id': 'ENST00000371817.8_1', 'gene_type': 'protein_coding', 'gene_name': 'COL5A1', 'transcript_type': 'protein_coding', 'transcript_name': 'COL5A1-201', 'exon_number': '45', 'exon_id': 'ENSE00001601124.1', 'level': '2', 'protein_id': 'ENSP00000360882.3', 'transcript_support_level': '1', 'hgnc_id': 'HGNC:2209', 'tag': 'basic,Ensembl_canonical,MANE_Select,appris_principal_3,CCDS', 'ccdsid': 'CCDS6982.1', 'havana_gene': 'OTTHUMG00000020891.5_1', 'havana_transcript': 'OTTHUMT00000054954.4_1', 'remap_original_location': 'chr9:+:134811339-134811392', 'remap_status': 'full_contig54', 'feature': 'CDS', 'feature_coordinates': 'chr9:137703185-137703238', 'probegroup': 'COL5A1', 'offset_coordinates': 'chr9:137703159-137703263', 'five_prime_bases': 82, 'three_prime_bases': 285, 'region_id': 'chr9:137703103-137703523'}","{'GRAPES2': '1.0', 'CNVKIT': None, 'DECON': '49.9', 'GATK_GCNV': '110.87'}",True,49.9,110.87,,1.0,in_silico,0.9180727657739763,False
179522779,179523303,chr2,DUP,RB38157,3,1,0,0,0,40.19047619047619,0.38888866666666666,524,"{'ID': 'CDS:ENST00000589042.5', 'Parent': 'ENST00000589042.5', 'gene_id': 'ENSG00000155657.29_1', 'transcript_id': 'ENST00000589042.5_1', 'gene_type': 'protein_coding', 'gene_name': 'TTN', 'transcript_type': 'protein_coding', 'transcript_name': 'TTN-214', 'exon_number': '186', 'exon_id': 'ENSE00002911976.1', 'level': '1', 'protein_id': 'ENSP00000467141.1', 'transcript_support_level': '5', 'hgnc_id': 'HGNC:12403', 'tag': 'inferred_exon_combination,non_submitted_evidence,basic,Ensembl_canonical,MANE_Select,appris_principal_1,exp_conf,CCDS', 'ccdsid': 'CCDS59435.1', 'havana_gene': 'OTTHUMG00000154448.23_1', 'havana_transcript': 'OTTHUMT00000450680.3_1', 'remap_original_location': 'chr2:-:178658077-178658157', 'remap_status': 'full_contig81', 'feature': 'CDS', 'feature_coordinates': 'chr2:179522804-179522884', 'probegroup': 'TTN', 'offset_coordinates': 'chr2:179522778-179522909', 'five_prime_bases': 658, 'three_prime_bases': 1176, 'region_id': 'chr2:179522146-179524060'}","{'GRAPES2': None, 'CNVKIT': None, 'DECON': '7.78', 'GATK_GCNV': None}",False,7.78,,,,,0.9180727657739763,False
179526844,179527368,chr2,DUP,RB38157,3,1,0,0,0,40.57142857142857,0.4166665,524,"{'ID': 'CDS:ENST00000589042.5', 'Parent': 'ENST00000589042.5', 'gene_id': 'ENSG00000155657.29_1', 'transcript_id': 'ENST00000589042.5_1', 'gene_type': 'protein_coding', 'gene_name': 'TTN', 'transcript_type': 'protein_coding', 'transcript_name': 'TTN-214', 'exon_number': '178', 'exon_id': 'ENSE00002852676.1', 'level': '1', 'protein_id': 'ENSP00000467141.1', 'transcript_support_level': '5', 'hgnc_id': 'HGNC:12403', 'tag': 'inferred_exon_combination,non_submitted_evidence,basic,Ensembl_canonical,MANE_Select,appris_principal_1,exp_conf,CCDS', 'ccdsid': 'CCDS59435.1', 'havana_gene': 'OTTHUMG00000154448.23_1', 'havana_transcript': 'OTTHUMT00000450680.3_1', 'remap_original_location': 'chr2:-:178662142-178662222', 'remap_status': 'full_contig81', 'feature': 'CDS', 'feature_coordinates': 'chr2:179526869-179526949', 'probegroup': 'TTN', 'offset_coordinates': 'chr2:179526843-179526974', 'five_prime_bases': 462, 'three_prime_bases': 1954, 'region_id': 'chr2:179526407-179528903'}","{'GRAPES2': None, 'CNVKIT': None, 'DECON': '21.1', 'GATK_GCNV': None}",False,21.1,,,,,0.9180727657739763,False
179527968,179528101,chr2,DUP,RB38157,1,1,0,0,0,43.28358208955223,0.333333,133,"{'ID': 'CDS:ENST00000589042.5', 'Parent': 'ENST00000589042.5', 'gene_id': 'ENSG00000155657.29_1', 'transcript_id': 'ENST00000589042.5_1', 'gene_type': 'protein_coding', 'gene_name': 'TTN', 'transcript_type': 'protein_coding', 'transcript_name': 'TTN-214', 'exon_number': '173', 'exon_id': 'ENSE00002763838.1', 'level': '1', 'protein_id': 'ENSP00000467141.1', 'transcript_support_level': '5', 'hgnc_id': 'HGNC:12403', 'tag': 'inferred_exon_combination,non_submitted_evidence,basic,Ensembl_canonical,MANE_Select,appris_principal_1,exp_conf,CCDS', 'ccdsid': 'CCDS59435.1', 'havana_gene': 'OTTHUMG00000154448.23_1', 'havana_transcript': 'OTTHUMT00000450680.3_1', 'remap_original_location': 'chr2:-:178663266-178663349', 'remap_status': 'full_contig84', 'feature': 'CDS', 'feature_coordinates': 'chr2:179527993-179528076', 'probegroup': 'TTN', 'offset_coordinates': 'chr2:179527967-179528101', 'five_prime_bases': 1586, 'three_prime_bases': 827, 'region_id': 'chr2:179526407-179528903'}","{'GRAPES2': None, 'CNVKIT': None, 'DECON': '3.59', 'GATK_GCNV': None}",False,3.59,,,,,0.9180727657739763,False
2152037,2152282,chr16,DUP,RB38157,1,1,0,0,0,65.4471544715447,0.2166668,245,"{'ID': 'CDS:ENST00000262304.9', 'Parent': 'ENST00000262304.9', 'gene_id': 'ENSG00000008710.20_1', 'transcript_id': 'ENST00000262304.9_1', 'gene_type': 'protein_coding', 'gene_name': 'PKD1', 'transcript_type': 'protein_coding', 'transcript_name': 'PKD1-201', 'exon_number': '26', 'exon_id': 'ENSE00003665951.1', 'level': '2', 'protein_id': 'ENSP00000262304.4', 'transcript_support_level': '1', 'hgnc_id': 'HGNC:9008', 'tag': 'basic,Ensembl_canonical,MANE_Select,appris_principal_3,CCDS', 'ccdsid': 'CCDS32369.1', 'havana_gene': 'OTTHUMG00000155795.6_1', 'havana_transcript': 'OTTHUMT00000341688.2_1', 'remap_original_location': 'chr16:-:2102061-2102256', 'remap_status': 'full_contig196', 'feature': 'CDS', 'feature_coordinates': 'chr16:2152062-2152257', 'probegroup': 'PKD1', 'offset_coordinates': 'chr16:2152036-2152282', 'five_prime_bases': 35, 'three_prime_bases': 791, 'region_id': 'chr16:2152027-2153048'}","{'GRAPES2': None, 'CNVKIT': None, 'DECON': '4.41', 'GATK_GCNV': None}",False,4.41,,,,,0.9180727657739763,False
2156781,2156974,chr16,DUP,RB38157,1,1,0,0,0,64.43298969072166,0.277778,193,"{'ID': 'CDS:ENST00000262304.9', 'Parent': 'ENST00000262304.9', 'gene_id': 'ENSG00000008710.20_1', 'transcript_id': 'ENST00000262304.9_1', 'gene_type': 'protein_coding', 'gene_name': 'PKD1', 'transcript_type': 'protein_coding', 'transcript_name': 'PKD1-201', 'exon_number': '17', 'exon_id': 'ENSE00003647173.1', 'level': '2', 'protein_id': 'ENSP00000262304.4', 'transcript_support_level': '1', 'hgnc_id': 'HGNC:9008', 'tag': 'basic,Ensembl_canonical,MANE_Select,appris_principal_3,CCDS', 'ccdsid': 'CCDS32369.1', 'havana_gene': 'OTTHUMG00000155795.6_1', 'havana_transcript': 'OTTHUMT00000341688.2_1', 'remap_original_location': 'chr16:-:2106805-2106948', 'remap_status': 'full_contig144', 'feature': 'CDS', 'feature_coordinates': 'chr16:2156806-2156949', 'probegroup': 'PKD1', 'offset_coordinates': 'chr16:2156780-2156974', 'five_prime_bases': 1017, 'three_prime_bases': 84, 'region_id': 'chr16:2155789-2157033'}","{'GRAPES2': None, 'CNVKIT': None, 'DECON': '6.71', 'GATK_GCNV': None}",False,6.71,,,,,0.9180727657739763,False
237729817,237995997,chr1,DUP,RB38571,78,1,1,0,1,37.60861969862612,0.1941966608735084,266180,"{'ID': 'CDS:ENST00000366574.7', 'Parent': 'ENST00000366574.7', 'gene_id': 'ENSG00000198626.18_1', 'transcript_id': 'ENST00000366574.7_1', 'gene_type': 'protein_coding', 'gene_name': 'RYR2', 'transcript_type': 'protein_coding', 'transcript_name': 'RYR2-201', 'exon_number': '28', 'exon_id': 'ENSE00001165758.1', 'level': '2', 'protein_id': 'ENSP00000355533.2', 'transcript_support_level': '1', 'hgnc_id': 'HGNC:10484', 'tag': 'non_canonical_conserved,basic,Ensembl_canonical,MANE_Select,appris_principal_1,CCDS', 'ccdsid': 'CCDS55691.1', 'havana_gene': 'OTTHUMG00000039543.5_1', 'havana_transcript': 'OTTHUMT00000095402.3_1', 'remap_original_location': 'chr1:+:237566567-237566775', 'remap_status': 'full_contig209', 'feature': 'CDS', 'feature_coordinates': 'chr1:237729867-237730075', 'probegroup': 'RYR2', 'offset_coordinates': 'chr1:237729841-237730100', 'five_prime_bases': 29, 'three_prime_bases': 27, 'region_id': 'chr1:237729838-237730102'}","{'GRAPES2': '0.993', 'CNVKIT': None, 'DECON': '350', 'GATK_GCNV': '3076.53'}",False,350,3076.53,,0.993,,0.9133813364377412,False
123337436,123337667,chr3,DUP,RB38571,1,1,1,0,1,45.258620689655174,1.0,231,"{'ID': 'CDS:ENST00000360304.8', 'Parent': 'ENST00000360304.8', 'gene_id': 'ENSG00000065534.20_1', 'transcript_id': 'ENST00000360304.8_1', 'gene_type': 'protein_coding', 'gene_name': 'MYLK', 'transcript_type': 'protein_coding', 'transcript_name': 'MYLK-202', 'exon_number': '33', 'exon_id': 'ENSE00003532236.1', 'level': '2', 'protein_id': 'ENSP00000353452.3', 'transcript_support_level': '5', 'hgnc_id': 'HGNC:7590', 'tag': 'CAGE_supported_TSS,not_organism_supported,basic,Ensembl_canonical,MANE_Select,appris_principal_2,CCDS', 'ccdsid': 'CCDS46896.1', 'havana_gene': 'OTTHUMG00000141304.13_1', 'havana_transcript': 'OTTHUMT00000356464.2_1', 'remap_original_location': 'chr3:-:123618639-123618770', 'remap_status': 'full_contig132', 'feature': 'CDS', 'feature_coordinates': 'chr3:123337486-123337617', 'probegroup': 'MYLK', 'offset_coordinates': 'chr3:123337460-123337642', 'five_prime_bases': 79, 'three_prime_bases': 78, 'region_id': 'chr3:123337407-123337695'}","{'GRAPES2': '0.604', 'CNVKIT': None, 'DECON': '13.5', 'GATK_GCNV': '82.38'}",True,13.5,82.38,,0.604,in_silico,0.9133813364377412,False
68381400,69281769,chr10,DUP,RB38571,6,1,1,0,1,36.30962826393594,0.18192431354336053,900369,"{'ID': 'CDS:ENST00000433211.7', 'Parent': 'ENST00000433211.7', 'gene_id': 'ENSG00000183230.18_1', 'transcript_id': 'ENST00000433211.7_1', 'gene_type': 'protein_coding', 'gene_name': 'CTNNA3', 'transcript_type': 'protein_coding', 'transcript_name': 'CTNNA3-203', 'exon_number': '10', 'exon_id': 'ENSE00001310737.1', 'level': '2', 'protein_id': 'ENSP00000389714.1', 'transcript_support_level': '1', 'hgnc_id': 'HGNC:2511', 'tag': 'basic,Ensembl_canonical,MANE_Select,appris_principal_1,CCDS', 'ccdsid': 'CCDS7269.1', 'havana_gene': 'OTTHUMG00000018334.8_1', 'havana_transcript': 'OTTHUMT00000048282.3_1', 'remap_original_location': 'chr10:-:66621692-66621784', 'remap_status': 'full_contig93', 'feature': 'CDS', 'feature_coordinates': 'chr10:68381450-68381542', 'probegroup': 'CTNNA3', 'offset_coordinates': 'chr10:68381424-68381567', 'five_prime_bases': 75, 'three_prime_bases': 73, 'region_id': 'chr10:68381375-68381615'}","{'GRAPES2': '1.0', 'CNVKIT': None, 'DECON': '75.5', 'GATK_GCNV': '460.85'}",True,75.5,460.85,,1.0,in_silico,0.9133813364377412,False
48784608,48791285,chr15,DEL,RB38571,7,1,1,0,1,37.6010781671159,1.0,6677,"{'ID': 'CDS:ENST00000316623.10', 'Parent': 'ENST00000316623.10', 'gene_id': 'ENSG00000166147.15_1', 'transcript_id': 'ENST00000316623.10_1', 'gene_type': 'protein_coding', 'gene_name': 'FBN1', 'transcript_type': 'protein_coding', 'transcript_name': 'FBN1-201', 'exon_number': '24', 'exon_id': 'ENSE00001769793.1', 'level': '2', 'protein_id': 'ENSP00000325527.5', 'transcript_support_level': '1', 'hgnc_id': 'HGNC:3603', 'tag': 'CAGE_supported_TSS,basic,Ensembl_canonical,MANE_Select,appris_principal_1,CCDS', 'ccdsid': 'CCDS32232.1', 'havana_gene': 'OTTHUMG00000172218.3_1', 'havana_transcript': 'OTTHUMT00000417355.3_1', 'remap_original_location': 'chr15:-:48492461-48492586', 'remap_status': 'full_contig126', 'feature': 'CDS', 'feature_coordinates': 'chr15:48784658-48784783', 'probegroup': 'FBN1', 'offset_coordinates': 'chr15:48784632-48784808', 'five_prime_bases': 82, 'three_prime_bases': 81, 'region_id': 'chr15:48784576-48784864'}","{'GRAPES2': '0.971', 'CNVKIT': None, 'DECON': '75.9', 'GATK_GCNV': '1695.70'}",True,75.9,1695.70,,0.971,in_silico,0.9133813364377412,False
179518714,179522713,chr2,DUP,RB38571,8,1,0,0,0,39.875,0.10972163930472097,3999,"{'ID': 'CDS:ENST00000589042.5', 'Parent': 'ENST00000589042.5', 'gene_id': 'ENSG00000155657.29_1', 'transcript_id': 'ENST00000589042.5_1', 'gene_type': 'protein_coding', 'gene_name': 'TTN', 'transcript_type': 'protein_coding', 'transcript_name': 'TTN-214', 'exon_number': '194', 'exon_id': 'ENSE00002938148.1', 'level': '1', 'protein_id': 'ENSP00000467141.1', 'transcript_support_level': '5', 'hgnc_id': 'HGNC:12403', 'tag': 'inferred_exon_combination,non_submitted_evidence,basic,Ensembl_canonical,MANE_Select,appris_principal_1,exp_conf,CCDS', 'ccdsid': 'CCDS59435.1', 'havana_gene': 'OTTHUMG00000154448.23_1', 'havana_transcript': 'OTTHUMT00000450680.3_1', 'remap_original_location': 'chr2:-:178654012-178654095', 'remap_status': 'full_contig84', 'feature': 'CDS', 'feature_coordinates': 'chr2:179518739-179518822', 'probegroup': 'TTN', 'offset_coordinates': 'chr2:179518713-179518847', 'five_prime_bases': 2851, 'three_prime_bases': 978, 'region_id': 'chr2:179515888-179519800'}","{'GRAPES2': None, 'CNVKIT': None, 'DECON': '21.7', 'GATK_GCNV': None}",False,21.7,,,,,0.9133813364377412,False
81603745,81603893,chr7,DEL,RB38571,1,1,0,0,1,26.845637583892618,1.0,148,"{'ID': 'CDS:ENST00000356860.8', 'Parent': 'ENST00000356860.8', 'gene_id': 'ENSG00000153956.16_1', 'transcript_id': 'ENST00000356860.8_1', 'gene_type': 'protein_coding', 'gene_name': 'CACNA2D1', 'transcript_type': 'protein_coding', 'transcript_name': 'CACNA2D1-202', 'exon_number': '25', 'exon_id': 'ENSE00001615998.1', 'level': '2', 'protein_id': 'ENSP00000349320.3', 'transcript_support_level': '1', 'hgnc_id': 'HGNC:1399', 'tag': 'basic,Ensembl_canonical,MANE_Select,CCDS', 'ccdsid': 'CCDS5598.1', 'havana_gene': 'OTTHUMG00000023622.11_1', 'havana_transcript': 'OTTHUMT00000253340.5_1', 'remap_original_location': 'chr7:-:81974455-81974552', 'remap_status': 'full_contig98', 'feature': 'CDS', 'feature_coordinates': 'chr7:81603771-81603868', 'probegroup': 'CACNA2D1', 'offset_coordinates': 'chr7:81603745-81603893', 'five_prime_bases': 84, 'three_prime_bases': 83, 'region_id': 'chr7:81603687-81603951'}","{'GRAPES2': '0.979', 'CNVKIT': None, 'DECON': '5.52', 'GATK_GCNV': None}",False,5.52,,,0.979,,0.9133813364377412,False
92678597,92679050,chr10,DEL,RB38571,2,1,0,0,0,35.02202643171806,1.0,453,"{'ID': 'CDS:ENST00000371697.4', 'Parent': 'ENST00000371697.4', 'gene_id': 'ENSG00000148677.7_1', 'transcript_id': 'ENST00000371697.4_1', 'gene_type': 'protein_coding', 'gene_name': 'ANKRD1', 'transcript_type': 'protein_coding', 'transcript_name': 'ANKRD1-201', 'exon_number': '4', 'exon_id': 'ENSE00000986569.1', 'level': '2', 'protein_id': 'ENSP00000360762.3', 'transcript_support_level': '1', 'hgnc_id': 'HGNC:15819', 'tag': 'CAGE_supported_TSS,basic,Ensembl_canonical,MANE_Select,appris_principal_1,CCDS', 'ccdsid': 'CCDS7412.1', 'havana_gene': 'OTTHUMG00000018734.1_1', 'havana_transcript': 'OTTHUMT00000049357.1_1', 'remap_original_location': 'chr10:-:90918865-90918972', 'remap_status': 'full_contig108', 'feature': 'CDS', 'feature_coordinates': 'chr10:92678622-92678729', 'probegroup': 'ANKRD1', 'offset_coordinates': 'chr10:92678596-92678754', 'five_prime_bases': 79, 'three_prime_bases': 371, 'region_id': 'chr10:92678543-92679100'}","{'GRAPES2': None, 'CNVKIT': None, 'DECON': '12.1', 'GATK_GCNV': None}",False,12.1,,,,,0.9133813364377412,False
57893561,57893783,chr3,DUP,RB38632,1,1,1,0,1,38.56502242152467,1.0,222,"{'ID': 'CDS:ENST00000671191.1', 'Parent': 'ENST00000671191.1', 'gene_id': 'ENSG00000163681.16_1', 'transcript_id': 'ENST00000671191.1_1', 'gene_type': 'protein_coding', 'gene_name': 'SLMAP', 'transcript_type': 'protein_coding', 'transcript_name': 'SLMAP-230', 'exon_number': '18', 'exon_id': 'ENSE00003469998.1', 'level': '2', 'protein_id': 'ENSP00000499458.1', 'hgnc_id': 'HGNC:16643', 'tag': 'CAGE_supported_TSS,RNA_Seq_supported_only,basic,Ensembl_canonical,MANE_Select,appris_alternative_1', 'havana_gene': 'OTTHUMG00000133764.5_1', 'havana_transcript': 'OTTHUMT00000504658.2_1', 'remap_original_location': 'chr3:+:57907884-57908006', 'remap_status': 'full_contig123', 'feature': 'CDS', 'feature_coordinates': 'chr3:57893611-57893733', 'probegroup': 'SLMAP', 'offset_coordinates': 'chr3:57893585-57893758', 'five_prime_bases': 84, 'three_prime_bases': 82, 'region_id': 'chr3:57893527-57893815'}","{'GRAPES2': '0.732', 'CNVKIT': None, 'DECON': '21.6', 'GATK_GCNV': '65.36'}",True,21.6,65.36,,0.732,in_silico,0.9088109871183565,False
186423398,186446375,chr4,DUP,RB38632,7,1,1,0,1,39.98607363565149,0.43160604430909083,22977,"{'ID': 'CDS:ENST00000284767.12', 'Parent': 'ENST00000284767.12', 'gene_id': 'ENSG00000154553.16_1', 'transcript_id': 'ENST00000284767.12_1', 'gene_type': 'protein_coding', 'gene_name': 'PDLIM3', 'transcript_type': 'protein_coding', 'transcript_name': 'PDLIM3-201', 'exon_number': '8', 'exon_id': 'ENSE00003903798.1', 'level': '2', 'protein_id': 'ENSP00000284767.8', 'transcript_support_level': '5', 'hgnc_id': 'HGNC:20767', 'tag': 'basic,Ensembl_canonical,MANE_Select,appris_principal_3,CCDS', 'ccdsid': 'CCDS3844.1', 'havana_gene': 'OTTHUMG00000160412.8_1', 'havana_transcript': 'OTTHUMT00000360499.4_1', 'remap_original_location': 'chr4:-:185502294-185502483', 'remap_status': 'full_contig190', 'feature': 'CDS', 'feature_coordinates': 'chr4:186423448-186423637', 'probegroup': 'PDLIM3', 'offset_coordinates': 'chr4:186423422-186423662', 'five_prime_bases': 26, 'three_prime_bases': 25, 'region_id': 'chr4:186423422-186423662'}","{'GRAPES2': '1.0', 'CNVKIT': None, 'DECON': '153', 'GATK_GCNV': '518.11'}",True,153,518.11,,1.0,in_silico,0.9088109871183565,False
15851634,15851907,chr16,DEL,RB38632,1,1,1,0,1,59.854014598540154,0.8,273,"{'ID': 'CDS:ENST00000300036.6', 'Parent': 'ENST00000300036.6', 'gene_id': 'ENSG00000133392.18_1', 'transcript_id': 'ENST00000300036.6_1', 'gene_type': 'protein_coding', 'gene_name': 'MYH11', 'transcript_type': 'protein_coding', 'transcript_name': 'MYH11-201', 'exon_number': '13', 'exon_id': 'ENSE00003609181.1', 'level': '2', 'protein_id': 'ENSP00000300036.5', 'transcript_support_level': '1', 'hgnc_id': 'HGNC:7569', 'tag': 'CAGE_supported_TSS,basic,Ensembl_canonical,MANE_Select,CCDS', 'ccdsid': 'CCDS10565.1', 'havana_gene': 'OTTHUMG00000129935.9_1', 'havana_transcript': 'OTTHUMT00000252192.6_1', 'remap_original_location': 'chr16:-:15757827-15758000', 'remap_status': 'full_contig174', 'feature': 'CDS', 'feature_coordinates': 'chr16:15851684-15851857', 'probegroup': 'MYH11', 'offset_coordinates': 'chr16:15851658-15851882', 'five_prime_bases': 34, 'three_prime_bases': 33, 'region_id': 'chr16:15851650-15851890'}","{'GRAPES2': '0.628', 'CNVKIT': None, 'DECON': '20.6', 'GATK_GCNV': '397.80'}",True,20.6,397.80,,0.628,in_silico,0.9088109871183565,False
31893255,32235230,chrX,DEL,RB38632,5,1,1,0,1,36.03790909303577,0.16162708736275455,341975,"{'ID': 'CDS:ENST00000357033.9', 'Parent': 'ENST00000357033.9', 'gene_id': 'ENSG00000198947.18_1', 'transcript_id': 'ENST00000357033.9_1', 'gene_type': 'protein_coding', 'gene_name': 'DMD', 'transcript_type': 'protein_coding', 'transcript_name': 'DMD-203', 'exon_number': '48', 'exon_id': 'ENSE00003687899.1', 'level': '2', 'protein_id': 'ENSP00000354923.3', 'transcript_support_level': '1', 'hgnc_id': 'HGNC:2928', 'tag': 'basic,Ensembl_canonical,MANE_Select,appris_principal_3,CCDS', 'ccdsid': 'CCDS14233.1', 'havana_gene': 'OTTHUMG00000021336.7_1', 'havana_transcript': 'OTTHUMT00000056182.2_1', 'remap_original_location': 'chrX:-:31875188-31875373', 'remap_status': 'full_contig186', 'feature': 'CDS', 'feature_coordinates': 'chrX:31893305-31893490', 'probegroup': 'DMD', 'offset_coordinates': 'chrX:31893279-31893515', 'five_prime_bases': 28, 'three_prime_bases': 27, 'region_id': 'chrX:31893277-31893517'}","{'GRAPES2': '0.993', 'CNVKIT': None, 'DECON': '57', 'GATK_GCNV': '789.05'}",True,57,789.05,,0.993,in_silico,0.9088109871183565,False
179518129,179518453,chr2,DUP,RB38632,2,1,0,0,0,39.07692307692307,0.333333,324,"{'ID': 'CDS:ENST00000589042.5', 'Parent': 'ENST00000589042.5', 'gene_id': 'ENSG00000155657.29_1', 'transcript_id': 'ENST00000589042.5_1', 'gene_type': 'protein_coding', 'gene_name': 'TTN', 'transcript_type': 'protein_coding', 'transcript_name': 'TTN-214', 'exon_number': '197', 'exon_id': 'ENSE00002834894.1', 'level': '1', 'protein_id': 'ENSP00000467141.1', 'transcript_support_level': '5', 'hgnc_id': 'HGNC:12403', 'tag': 'inferred_exon_combination,non_submitted_evidence,basic,Ensembl_canonical,MANE_Select,appris_principal_1,exp_conf,CCDS', 'ccdsid': 'CCDS59435.1', 'havana_gene': 'OTTHUMG00000154448.23_1', 'havana_transcript': 'OTTHUMT00000450680.3_1', 'remap_original_location': 'chr2:-:178653427-178653507', 'remap_status': 'full_contig81', 'feature': 'CDS', 'feature_coordinates': 'chr2:179518154-179518234', 'probegroup': 'TTN', 'offset_coordinates': 'chr2:179518128-179518259', 'five_prime_bases': 2266, 'three_prime_bases': 1566, 'region_id': 'chr2:179515888-179519800'}","{'GRAPES2': None, 'CNVKIT': None, 'DECON': '3.86', 'GATK_GCNV': None}",False,3.86,,,,,0.9088109871183565,False
179519147,179519580,chr2,DEL,RB38632,2,1,0,0,0,38.47926267281106,0.333333,433,"{'ID': 'CDS:ENST00000589042.5', 'Parent': 'ENST00000589042.5', 'gene_id': 'ENSG00000155657.29_1', 'transcript_id': 'ENST00000589042.5_1', 'gene_type': 'protein_coding', 'gene_name': 'TTN', 'transcript_type': 'protein_coding', 'transcript_name': 'TTN-214', 'exon_number': '192', 'exon_id': 'ENSE00002836035.1', 'level': '1', 'protein_id': 'ENSP00000467141.1', 'transcript_support_level': '5', 'hgnc_id': 'HGNC:12403', 'tag': 'inferred_exon_combination,non_submitted_evidence,basic,Ensembl_canonical,MANE_Select,appris_principal_1,exp_conf,CCDS', 'ccdsid': 'CCDS59435.1', 'havana_gene': 'OTTHUMG00000154448.23_1', 'havana_transcript': 'OTTHUMT00000450680.3_1', 'remap_original_location': 'chr2:-:178654445-178654534', 'remap_status': 'full_contig90', 'feature': 'CDS', 'feature_coordinates': 'chr2:179519172-179519261', 'probegroup': 'TTN', 'offset_coordinates': 'chr2:179519146-179519286', 'five_prime_bases': 3284, 'three_prime_bases': 539, 'region_id': 'chr2:179515888-179519800'}","{'GRAPES2': None, 'CNVKIT': None, 'DECON': '8.23', 'GATK_GCNV': None}",False,8.23,,,,,0.9088109871183565,False
179522200,179524007,chr2,DUP,RB38632,9,1,0,0,0,40.099557522123895,0.4027776666666667,1807,"{'ID': 'CDS:ENST00000589042.5', 'Parent': 'ENST00000589042.5', 'gene_id': 'ENSG00000155657.29_1', 'transcript_id': 'ENST00000589042.5_1', 'gene_type': 'protein_coding', 'gene_name': 'TTN', 'transcript_type': 'protein_coding', 'transcript_name': 'TTN-214', 'exon_number': '189', 'exon_id': 'ENSE00002949545.1', 'level': '1', 'protein_id': 'ENSP00000467141.1', 'transcript_support_level': '5', 'hgnc_id': 'HGNC:12403', 'tag': 'inferred_exon_combination,non_submitted_evidence,basic,Ensembl_canonical,MANE_Select,appris_principal_1,exp_conf,CCDS', 'ccdsid': 'CCDS59435.1', 'havana_gene': 'OTTHUMG00000154448.23_1', 'havana_transcript': 'OTTHUMT00000450680.3_1', 'remap_original_location': 'chr2:-:178657498-178657581', 'remap_status': 'full_contig84', 'feature': 'CDS', 'feature_coordinates': 'chr2:179522225-179522308', 'probegroup': 'TTN', 'offset_coordinates': 'chr2:179522199-179522333', 'five_prime_bases': 79, 'three_prime_bases': 1752, 'region_id': 'chr2:179522146-179524060'}","{'GRAPES2': None, 'CNVKIT': None, 'DECON': '34.1', 'GATK_GCNV': None}",False,34.1,,,,,0.9088109871183565,False
179526844,179527368,chr2,DEL,RB38632,3,1,0,0,0,40.57142857142857,0.4166665,524,"{'ID': 'CDS:ENST00000589042.5', 'Parent': 'ENST00000589042.5', 'gene_id': 'ENSG00000155657.29_1', 'transcript_id': 'ENST00000589042.5_1', 'gene_type': 'protein_coding', 'gene_name': 'TTN', 'transcript_type': 'protein_coding', 'transcript_name': 'TTN-214', 'exon_number': '178', 'exon_id': 'ENSE00002852676.1', 'level': '1', 'protein_id': 'ENSP00000467141.1', 'transcript_support_level': '5', 'hgnc_id': 'HGNC:12403', 'tag': 'inferred_exon_combination,non_submitted_evidence,basic,Ensembl_canonical,MANE_Select,appris_principal_1,exp_conf,CCDS', 'ccdsid': 'CCDS59435.1', 'havana_gene': 'OTTHUMG00000154448.23_1', 'havana_transcript': 'OTTHUMT00000450680.3_1', 'remap_original_location': 'chr2:-:178662142-178662222', 'remap_status': 'full_contig81', 'feature': 'CDS', 'feature_coordinates': 'chr2:179526869-179526949', 'probegroup': 'TTN', 'offset_coordinates': 'chr2:179526843-179526974', 'five_prime_bases': 462, 'three_prime_bases': 1954, 'region_id': 'chr2:179526407-179528903'}","{'GRAPES2': None, 'CNVKIT': None, 'DECON': '71.1', 'GATK_GCNV': None}",False,71.1,,,,,0.9088109871183565,False
179527968,179528101,chr2,DEL,RB38632,1,1,0,0,0,43.28358208955223,0.333333,133,"{'ID': 'CDS:ENST00000589042.5', 'Parent': 'ENST00000589042.5', 'gene_id': 'ENSG00000155657.29_1', 'transcript_id': 'ENST00000589042.5_1', 'gene_type': 'protein_coding', 'gene_name': 'TTN', 'transcript_type': 'protein_coding', 'transcript_name': 'TTN-214', 'exon_number': '173', 'exon_id': 'ENSE00002763838.1', 'level': '1', 'protein_id': 'ENSP00000467141.1', 'transcript_support_level': '5', 'hgnc_id': 'HGNC:12403', 'tag': 'inferred_exon_combination,non_submitted_evidence,basic,Ensembl_canonical,MANE_Select,appris_principal_1,exp_conf,CCDS', 'ccdsid': 'CCDS59435.1', 'havana_gene': 'OTTHUMG00000154448.23_1', 'havana_transcript': 'OTTHUMT00000450680.3_1', 'remap_original_location': 'chr2:-:178663266-178663349', 'remap_status': 'full_contig84', 'feature': 'CDS', 'feature_coordinates': 'chr2:179527993-179528076', 'probegroup': 'TTN', 'offset_coordinates': 'chr2:179527967-179528101', 'five_prime_bases': 1586, 'three_prime_bases': 827, 'region_id': 'chr2:179526407-179528903'}","{'GRAPES2': None, 'CNVKIT': None, 'DECON': '19.1', 'GATK_GCNV': None}",False,19.1,,,,,0.9088109871183565,False
114209519,114209667,chr4,DUP,RB38632,1,1,0,0,0,34.22818791946309,1.0,148,"{'ID': 'CDS:ENST00000357077.9', 'Parent': 'ENST00000357077.9', 'gene_id': 'ENSG00000145362.21_1', 'transcript_id': 'ENST00000357077.9_1', 'gene_type': 'protein_coding', 'gene_name': 'ANK2', 'transcript_type': 'protein_coding', 'transcript_name': 'ANK2-202', 'exon_number': '20', 'exon_id': 'ENSE00002446359.1', 'level': '2', 'protein_id': 'ENSP00000349588.4', 'transcript_support_level': '1', 'hgnc_id': 'HGNC:493', 'tag': 'basic,Ensembl_canonical,MANE_Select,appris_principal_2,CCDS', 'ccdsid': 'CCDS3702.1', 'havana_gene': 'OTTHUMG00000132912.13_1', 'havana_transcript': 'OTTHUMT00000256422.5_1', 'remap_original_location': 'chr4:+:113288388-113288486', 'remap_status': 'full_contig99', 'feature': 'CDS', 'feature_coordinates': 'chr4:114209544-114209642', 'probegroup': 'ANK2', 'offset_coordinates': 'chr4:114209518-114209667', 'five_prime_bases': 84, 'three_prime_bases': 82, 'region_id': 'chr4:114209460-114209724'}","{'GRAPES2': None, 'CNVKIT': None, 'DECON': '2.58', 'GATK_GCNV': None}",False,2.58,,,,,0.9088109871183565,False
92678597,92678754,chr10,DUP,RB38632,1,1,0,0,0,39.24050632911392,1.0,157,"{'ID': 'CDS:ENST00000371697.4', 'Parent': 'ENST00000371697.4', 'gene_id': 'ENSG00000148677.7_1', 'transcript_id': 'ENST00000371697.4_1', 'gene_type': 'protein_coding', 'gene_name': 'ANKRD1', 'transcript_type': 'protein_coding', 'transcript_name': 'ANKRD1-201', 'exon_number': '4', 'exon_id': 'ENSE00000986569.1', 'level': '2', 'protein_id': 'ENSP00000360762.3', 'transcript_support_level': '1', 'hgnc_id': 'HGNC:15819', 'tag': 'CAGE_supported_TSS,basic,Ensembl_canonical,MANE_Select,appris_principal_1,CCDS', 'ccdsid': 'CCDS7412.1', 'havana_gene': 'OTTHUMG00000018734.1_1', 'havana_transcript': 'OTTHUMT00000049357.1_1', 'remap_original_location': 'chr10:-:90918865-90918972', 'remap_status': 'full_contig108', 'feature': 'CDS', 'feature_coordinates': 'chr10:92678622-92678729', 'probegroup': 'ANKRD1', 'offset_coordinates': 'chr10:92678596-92678754', 'five_prime_bases': 79, 'three_prime_bases': 371, 'region_id': 'chr10:92678543-92679100'}","{'GRAPES2': None, 'CNVKIT': None, 'DECON': '4.95', 'GATK_GCNV': None}",False,4.95,,,,,0.9088109871183565,False
237814661,237814851,chr1,DEL,RB38129,1,1,1,0,1,33.50785340314136,1.0,190,"{'ID': 'CDS:ENST00000366574.7', 'Parent': 'ENST00000366574.7', 'gene_id': 'ENSG00000198626.18_1', 'transcript_id': 'ENST00000366574.7_1', 'gene_type': 'protein_coding', 'gene_name': 'RYR2', 'transcript_type': 'protein_coding', 'transcript_name': 'RYR2-201', 'exon_number': '51', 'exon_id': 'ENSE00001165545.1', 'level': '2', 'protein_id': 'ENSP00000355533.2', 'transcript_support_level': '1', 'hgnc_id': 'HGNC:10484', 'tag': 'non_canonical_conserved,basic,Ensembl_canonical,MANE_Select,appris_principal_1,CCDS', 'ccdsid': 'CCDS55691.1', 'havana_gene': 'OTTHUMG00000039543.5_1', 'havana_transcript': 'OTTHUMT00000095402.3_1', 'remap_original_location': 'chr1:+:237651411-237651501', 'remap_status': 'full_contig91', 'feature': 'CDS', 'feature_coordinates': 'chr1:237814711-237814801', 'probegroup': 'RYR2', 'offset_coordinates': 'chr1:237814685-237814826', 'five_prime_bases': 76, 'three_prime_bases': 74, 'region_id': 'chr1:237814635-237814875'}","{'GRAPES2': '0.862', 'CNVKIT': None, 'DECON': '11.7', 'GATK_GCNV': '26.16'}",True,11.7,26.16,,0.862,in_silico,0.9286746206138573,False
151261114,151273588,chr7,DUP,RB38129,8,1,1,0,0,39.879759519038075,0.4278010043478261,12474,"{'ID': 'CDS:ENST00000287878.9', 'Parent': 'ENST00000287878.9', 'gene_id': 'ENSG00000106617.15_1', 'transcript_id': 'ENST00000287878.9_1', 'gene_type': 'protein_coding', 'gene_name': 'PRKAG2', 'transcript_type': 'protein_coding', 'transcript_name': 'PRKAG2-201', 'exon_number': '14', 'exon_id': 'ENSE00000730269.1', 'level': '2', 'protein_id': 'ENSP00000287878.3', 'transcript_support_level': '1', 'hgnc_id': 'HGNC:9386', 'tag': 'CAGE_supported_TSS,basic,Ensembl_canonical,MANE_Select,appris_principal_3,CCDS', 'ccdsid': 'CCDS5928.1', 'havana_gene': 'OTTHUMG00000157324.26_1', 'havana_transcript': 'OTTHUMT00000348440.4_1', 'remap_original_location': 'chr7:-:151564078-151564224', 'remap_status': 'full_contig147', 'feature': 'CDS', 'feature_coordinates': 'chr7:151261164-151261310', 'probegroup': 'PRKAG2', 'offset_coordinates': 'chr7:151261138-151261335', 'five_prime_bases': 84, 'three_prime_bases': 82, 'region_id': 'chr7:151261080-151261392'}","{'GRAPES2': None, 'CNVKIT': None, 'DECON': '81.7', 'GATK_GCNV': '275.33'}",True,81.7,275.33,,,in_silico,0.9286746206138573,False
47109034,47112460,chr19,DEL,RB38129,5,1,1,0,1,56.28829880361832,1.0,3426,"{'ID': 'CDS:ENST00000291295.14', 'Parent': 'ENST00000291295.14', 'gene_id': 'ENSG00000160014.17_1', 'transcript_id': 'ENST00000291295.14_1', 'gene_type': 'protein_coding', 'gene_name': 'CALM3', 'transcript_type': 'protein_coding', 'transcript_name': 'CALM3-201', 'exon_number': '2', 'exon_id': 'ENSE00003464444.1', 'level': '2', 'protein_id': 'ENSP00000291295.8', 'transcript_support_level': '1', 'hgnc_id': 'HGNC:1449', 'tag': 'CAGE_supported_TSS,basic,Ensembl_canonical,MANE_Select,appris_principal_1,CCDS', 'ccdsid': 'CCDS33061.1', 'havana_gene': 'OTTHUMG00000133517.5_1', 'havana_transcript': 'OTTHUMT00000257483.3_1', 'remap_original_location': 'chr19:+:46605827-46605857', 'remap_status': 'full_contig31', 'feature': 'CDS', 'feature_coordinates': 'chr19:47109084-47109114', 'probegroup': 'CALM3', 'offset_coordinates': 'chr19:47109058-47109139', 'five_prime_bases': 82, 'three_prime_bases': 80, 'region_id': 'chr19:47109002-47109194'}","{'GRAPES2': '0.937', 'CNVKIT': None, 'DECON': '83.6', 'GATK_GCNV': '1428.79'}",True,83.6,1428.79,,0.937,in_silico,0.9286746206138573,False
1167634,1168673,chr1,DEL,RB38129,1,1,0,0,0,76.34615384615384,1.0,1039,"{'ID': 'CDS:ENST00000379198.5', 'Parent': 'ENST00000379198.5', 'gene_id': 'ENSG00000176022.7_1', 'transcript_id': 'ENST00000379198.5_1', 'gene_type': 'protein_coding', 'gene_name': 'B3GALT6', 'transcript_type': 'protein_coding', 'transcript_name': 'B3GALT6-201', 'exon_number': '1', 'exon_id': 'ENSE00001480062.5', 'level': '2', 'protein_id': 'ENSP00000368496.2', 'transcript_support_level': 'NA', 'hgnc_id': 'HGNC:17978', 'tag': 'CAGE_supported_TSS,basic,Ensembl_canonical,MANE_Select,appris_principal_1,CCDS', 'ccdsid': 'CCDS13.1', 'havana_gene': 'OTTHUMG00000001813.3_1', 'havana_transcript': 'OTTHUMT00000005071.3_1', 'remap_original_location': 'chr1:+:1232279-1233268', 'remap_status': 'full_contig990', 'feature': 'CDS', 'feature_coordinates': 'chr1:1167659-1168648', 'probegroup': 'B3GALT6', 'offset_coordinates': 'chr1:1167633-1168673', 'five_prime_bases': 34, 'three_prime_bases': 33, 'region_id': 'chr1:1167625-1168681'}","{'GRAPES2': None, 'CNVKIT': None, 'DECON': '3.89', 'GATK_GCNV': None}",False,3.89,,,,,0.9286746206138573,False
3319330,3322237,chr1,DUP,RB38129,3,1,0,0,0,63.27372764786795,1.0,2907,"{'ID': 'CDS:ENST00000270722.10', 'Parent': 'ENST00000270722.10', 'gene_id': 'ENSG00000142611.17_1', 'transcript_id': 'ENST00000270722.10_1', 'gene_type': 'protein_coding', 'gene_name': 'PRDM16', 'transcript_type': 'protein_coding', 'transcript_name': 'PRDM16-201', 'exon_number': '6', 'exon_id': 'ENSE00003696962.1', 'level': '2', 'protein_id': 'ENSP00000270722.5', 'transcript_support_level': '1', 'hgnc_id': 'HGNC:14000', 'tag': 'basic,Ensembl_canonical,MANE_Select,appris_principal_1,CCDS', 'ccdsid': 'CCDS41236.2', 'havana_gene': 'OTTHUMG00000000581.10_1', 'havana_transcript': 'OTTHUMT00000001382.4_1', 'remap_original_location': 'chr1:+:3402791-3402998', 'remap_status': 'full_contig208', 'feature': 'CDS', 'feature_coordinates': 'chr1:3319355-3319562', 'probegroup': 'PRDM16', 'offset_coordinates': 'chr1:3319329-3319587', 'five_prime_bases': 29, 'three_prime_bases': 28, 'region_id': 'chr1:3319326-3319590'}","{'GRAPES2': None, 'CNVKIT': None, 'DECON': '9.39', 'GATK_GCNV': None}",False,9.39,,,,,0.9286746206138573,False
179518129,179519747,chr2,DUP,RB38129,8,1,0,0,1,39.839407041383566,0.4833332,1618,"{'ID': 'CDS:ENST00000589042.5', 'Parent': 'ENST00000589042.5', 'gene_id': 'ENSG00000155657.29_1', 'transcript_id': 'ENST00000589042.5_1', 'gene_type': 'protein_coding', 'gene_name': 'TTN', 'transcript_type': 'protein_coding', 'transcript_name': 'TTN-214', 'exon_number': '197', 'exon_id': 'ENSE00002834894.1', 'level': '1', 'protein_id': 'ENSP00000467141.1', 'transcript_support_level': '5', 'hgnc_id': 'HGNC:12403', 'tag': 'inferred_exon_combination,non_submitted_evidence,basic,Ensembl_canonical,MANE_Select,appris_principal_1,exp_conf,CCDS', 'ccdsid': 'CCDS59435.1', 'havana_gene': 'OTTHUMG00000154448.23_1', 'havana_transcript': 'OTTHUMT00000450680.3_1', 'remap_original_location': 'chr2:-:178653427-178653507', 'remap_status': 'full_contig81', 'feature': 'CDS', 'feature_coordinates': 'chr2:179518154-179518234', 'probegroup': 'TTN', 'offset_coordinates': 'chr2:179518128-179518259', 'five_prime_bases': 2266, 'three_prime_bases': 1566, 'region_id': 'chr2:179515888-179519800'}","{'GRAPES2': '0.846', 'CNVKIT': None, 'DECON': '41.6', 'GATK_GCNV': None}",False,41.6,,,0.846,,0.9286746206138573,False
179523707,179526780,chr2,DUP,RB38129,4,1,0,0,0,40.0455432661028,0.10807081153138069,3073,"{'ID': 'CDS:ENST00000589042.5', 'Parent': 'ENST00000589042.5', 'gene_id': 'ENSG00000155657.29_1', 'transcript_id': 'ENST00000589042.5_1', 'gene_type': 'protein_coding', 'gene_name': 'TTN', 'transcript_type': 'protein_coding', 'transcript_name': 'TTN-214', 'exon_number': '182', 'exon_id': 'ENSE00003809569.1', 'level': '1', 'protein_id': 'ENSP00000467141.1', 'transcript_support_level': '5', 'hgnc_id': 'HGNC:12403', 'tag': 'inferred_exon_combination,non_submitted_evidence,basic,Ensembl_canonical,MANE_Select,appris_principal_1,exp_conf,CCDS', 'ccdsid': 'CCDS59435.1', 'havana_gene': 'OTTHUMG00000154448.23_1', 'havana_transcript': 'OTTHUMT00000450680.3_1', 'remap_original_location': 'chr2:-:178659005-178659088', 'remap_status': 'full_contig84', 'feature': 'CDS', 'feature_coordinates': 'chr2:179523732-179523815', 'probegroup': 'TTN', 'offset_coordinates': 'chr2:179523706-179523840', 'five_prime_bases': 1586, 'three_prime_bases': 245, 'region_id': 'chr2:179522146-179524060'}","{'GRAPES2': None, 'CNVKIT': None, 'DECON': '15.6', 'GATK_GCNV': None}",False,15.6,,,,,0.9286746206138573,False
20225353,20225544,chr3,DEL,RB38129,1,1,0,0,0,34.89583333333333,1.0,191,"{'ID': 'CDS:ENST00000412997.6', 'Parent': 'ENST00000412997.6', 'gene_id': 'ENSG00000129810.15_1', 'transcript_id': 'ENST00000412997.6_1', 'gene_type': 'protein_coding', 'gene_name': 'SGO1', 'transcript_type': 'protein_coding', 'transcript_name': 'SGO1-203', 'exon_number': '2', 'exon_id': 'ENSE00001162359.3', 'level': '2', 'protein_id': 'ENSP00000410458.1', 'transcript_support_level': '1', 'hgnc_id': 'HGNC:25088', 'tag': 'basic,Ensembl_canonical,MANE_Select,appris_alternative_2,CCDS', 'ccdsid': 'CCDS46773.1', 'havana_gene': 'OTTHUMG00000130479.7_1', 'havana_transcript': 'OTTHUMT00000340012.3_1', 'remap_original_location': 'chr3:-:20183886-20184027', 'remap_status': 'full_contig142', 'feature': 'CDS', 'feature_coordinates': 'chr3:20225378-20225519', 'probegroup': 'SGOL1', 'offset_coordinates': 'chr3:20225352-20225544', 'five_prime_bases': 313, 'three_prime_bases': 73, 'region_id': 'chr3:20225065-20225592'}","{'GRAPES2': None, 'CNVKIT': None, 'DECON': '2.89', 'GATK_GCNV': None}",False,2.89,,,,,0.9286746206138573,False
75875198,75875520,chr6,DEL,RB38129,1,1,0,0,0,41.17647058823529,1.0,322,"{'ID': 'CDS:ENST00000322507.13', 'Parent': 'ENST00000322507.13', 'gene_id': 'ENSG00000111799.22_1', 'transcript_id': 'ENST00000322507.13_1', 'gene_type': 'protein_coding', 'gene_name': 'COL12A1', 'transcript_type': 'protein_coding', 'transcript_name': 'COL12A1-201', 'exon_number': '14', 'exon_id': 'ENSE00002276950.1', 'level': '2', 'protein_id': 'ENSP00000325146.8', 'transcript_support_level': '1', 'hgnc_id': 'HGNC:2188', 'tag': 'basic,Ensembl_canonical,MANE_Select,appris_principal_2,CCDS', 'ccdsid': 'CCDS43482.1', 'havana_gene': 'OTTHUMG00000015051.8_1', 'havana_transcript': 'OTTHUMT00000041249.4_1', 'remap_original_location': 'chr6:-:75165507-75165779', 'remap_status': 'full_contig273', 'feature': 'CDS', 'feature_coordinates': 'chr6:75875223-75875495', 'probegroup': 'COL12A1', 'offset_coordinates': 'chr6:75875197-75875520', 'five_prime_bases': 33, 'three_prime_bases': 31, 'region_id': 'chr6:75875190-75875526'}","{'GRAPES2': None, 'CNVKIT': None, 'DECON': '3.68', 'GATK_GCNV': None}",False,3.68,,,,,0.9286746206138573,False
35293080,35293256,chr7,DUP,RB38129,1,1,0,0,0,64.40677966101694,1.0,176,"{'ID': 'CDS:ENST00000408931.4', 'Parent': 'ENST00000408931.4', 'gene_id': 'ENSG00000164532.11_1', 'transcript_id': 'ENST00000408931.4_1', 'gene_type': 'protein_coding', 'gene_name': 'TBX20', 'transcript_type': 'protein_coding', 'transcript_name': 'TBX20-201', 'exon_number': '1', 'exon_id': 'ENSE00001332935.3', 'level': '2', 'protein_id': 'ENSP00000386170.3', 'transcript_support_level': '1', 'hgnc_id': 'HGNC:11598', 'tag': 'basic,Ensembl_canonical,MANE_Select,appris_principal_1,CCDS', 'ccdsid': 'CCDS43568.1', 'havana_gene': 'OTTHUMG00000099411.5_1', 'havana_transcript': 'OTTHUMT00000216870.4_1', 'remap_original_location': 'chr7:-:35253494-35253620', 'remap_status': 'full_contig127', 'feature': 'CDS', 'feature_coordinates': 'chr7:35293105-35293231', 'probegroup': 'TBX20', 'offset_coordinates': 'chr7:35293079-35293256', 'five_prime_bases': 82, 'three_prime_bases': 80, 'region_id': 'chr7:35293023-35293311'}","{'GRAPES2': None, 'CNVKIT': None, 'DECON': '4.05', 'GATK_GCNV': None}",False,4.05,,,,,0.9286746206138573,False
101486700,101489516,chr10,DEL,RB38129,3,1,0,0,0,40.788072417465386,1.0,2816,"{'ID': 'CDS:ENST00000016171.6', 'Parent': 'ENST00000016171.6', 'gene_id': 'ENSG00000014919.13_1', 'transcript_id': 'ENST00000016171.6_1', 'gene_type': 'protein_coding', 'gene_name': 'COX15', 'transcript_type': 'protein_coding', 'transcript_name': 'COX15-201', 'exon_number': '4', 'exon_id': 'ENSE00003320905.1', 'level': '2', 'protein_id': 'ENSP00000016171.6', 'transcript_support_level': '1', 'hgnc_id': 'HGNC:2263', 'tag': 'basic,Ensembl_canonical,MANE_Select,appris_principal_1,CCDS', 'ccdsid': 'CCDS7482.1', 'havana_gene': 'OTTHUMG00000018893.3_1', 'havana_transcript': 'OTTHUMT00000049818.1_1', 'remap_original_location': 'chr10:-:99726968-99727154', 'remap_status': 'full_contig187', 'feature': 'CDS', 'feature_coordinates': 'chr10:101486725-101486911', 'probegroup': 'COX15', 'offset_coordinates': 'chr10:101486699-101486936', 'five_prime_bases': 28, 'three_prime_bases': 26, 'region_id': 'chr10:101486697-101486937'}","{'GRAPES2': None, 'CNVKIT': None, 'DECON': '7.69', 'GATK_GCNV': None}",False,7.69,,,,,0.9286746206138573,False
114793312,114832723,chr12,DEL,RB38129,4,1,0,0,0,43.93839439764539,0.2243823041754385,39411,"{'ID': 'CDS:ENST00000405440.7', 'Parent': 'ENST00000405440.7', 'gene_id': 'ENSG00000089225.20_1', 'transcript_id': 'ENST00000405440.7_1', 'gene_type': 'protein_coding', 'gene_name': 'TBX5', 'transcript_type': 'protein_coding', 'transcript_name': 'TBX5-203', 'exon_number': '9', 'exon_id': 'ENSE00002197056.2', 'level': '1', 'protein_id': 'ENSP00000384152.3', 'transcript_support_level': '1', 'hgnc_id': 'HGNC:11604', 'tag': 'alternative_5_UTR,basic,Ensembl_canonical,MANE_Select,appris_principal_1,exp_conf,CCDS', 'ccdsid': 'CCDS9173.1', 'havana_gene': 'OTTHUMG00000166191.3_1', 'havana_transcript': 'OTTHUMT00000388295.1_1', 'remap_original_location': 'chr12:-:114355532-114356106', 'remap_status': 'full_contig575', 'feature': 'CDS', 'feature_coordinates': 'chr12:114793337-114793911', 'probegroup': 'TBX5', 'offset_coordinates': 'chr12:114793311-114793936', 'five_prime_bases': 38, 'three_prime_bases': 36, 'region_id': 'chr12:114793299-114793947'}","{'GRAPES2': None, 'CNVKIT': None, 'DECON': '28', 'GATK_GCNV': None}",False,28,,,,,0.9286746206138573,False
151273431,151273563,chr7,DUP,RB38129,1,0,0,0,1,44.3609022556391,1.0,132,"{'ID': 'CDS:ENST00000287878.9', 'Parent': 'ENST00000287878.9', 'gene_id': 'ENSG00000106617.15_1', 'transcript_id': 'ENST00000287878.9_1', 'gene_type': 'protein_coding', 'gene_name': 'PRKAG2', 'transcript_type': 'protein_coding', 'transcript_name': 'PRKAG2-201', 'exon_number': '7', 'exon_id': 'ENSE00003608615.1', 'level': '2', 'protein_id': 'ENSP00000287878.3', 'transcript_support_level': '1', 'hgnc_id': 'HGNC:9386', 'tag': 'CAGE_supported_TSS,basic,Ensembl_canonical,MANE_Select,appris_principal_3,CCDS', 'ccdsid': 'CCDS5928.1', 'havana_gene': 'OTTHUMG00000157324.26_1', 'havana_transcript': 'OTTHUMT00000348440.4_1', 'remap_original_location': 'chr7:-:151576371-151576452', 'remap_status': 'full_contig82', 'feature': 'CDS', 'feature_coordinates': 'chr7:151273457-151273538', 'probegroup': 'PRKAG2', 'offset_coordinates': 'chr7:151273431-151273563', 'five_prime_bases': 80, 'three_prime_bases': 79, 'region_id': 'chr7:151273377-151273617'}","{'GRAPES2': '0.994', 'CNVKIT': None, 'DECON': None, 'GATK_GCNV': None}",False,,,,0.994,,0.9286746206138573,False
91737758,91737997,chr7,DEL,RB38589,1,1,1,0,1,43.75,1.0,239,"{'ID': 'CDS:ENST00000356239.8', 'Parent': 'ENST00000356239.8', 'gene_id': 'ENSG00000127914.19_1', 'transcript_id': 'ENST00000356239.8_1', 'gene_type': 'protein_coding', 'gene_name': 'AKAP9', 'transcript_type': 'protein_coding', 'transcript_name': 'AKAP9-201', 'exon_number': '49', 'exon_id': 'ENSE00003666256.1', 'level': '2', 'protein_id': 'ENSP00000348573.3', 'transcript_support_level': '1', 'hgnc_id': 'HGNC:379', 'tag': 'CAGE_supported_TSS,basic,Ensembl_canonical,MANE_Select,appris_principal_2,CCDS', 'ccdsid': 'CCDS5622.1', 'havana_gene': 'OTTHUMG00000131127.6_1', 'havana_transcript': 'OTTHUMT00000253808.3_1', 'remap_original_location': 'chr7:+:92108494-92108633', 'remap_status': 'full_contig140', 'feature': 'CDS', 'feature_coordinates': 'chr7:91737808-91737947', 'probegroup': 'AKAP9', 'offset_coordinates': 'chr7:91737782-91737972', 'five_prime_bases': 75, 'three_prime_bases': 74, 'region_id': 'chr7:91737733-91738021'}","{'GRAPES2': '0.659', 'CNVKIT': None, 'DECON': '14.3', 'GATK_GCNV': '117.24'}",True,14.3,117.24,,0.659,in_silico,0.8486572613619223,False
67457183,67477252,chr15,DEL,RB38589,6,1,1,0,1,51.7339312406577,0.3471725913207547,20069,"{'ID': 'CDS:ENST00000327367.9', 'Parent': 'ENST00000327367.9', 'gene_id': 'ENSG00000166949.17_1', 'transcript_id': 'ENST00000327367.9_1', 'gene_type': 'protein_coding', 'gene_name': 'SMAD3', 'transcript_type': 'protein_coding', 'transcript_name': 'SMAD3-201', 'exon_number': '2', 'exon_id': 'ENSE00003553543.1', 'level': '2', 'protein_id': 'ENSP00000332973.4', 'transcript_support_level': '1', 'hgnc_id': 'HGNC:6769', 'tag': 'basic,Ensembl_canonical,MANE_Select,appris_principal_1,CCDS', 'ccdsid': 'CCDS10222.1', 'havana_gene': 'OTTHUMG00000133230.6_1', 'havana_transcript': 'OTTHUMT00000256967.3_1', 'remap_original_location': 'chr15:+:67164895-67165088', 'remap_status': 'full_contig194', 'feature': 'CDS', 'feature_coordinates': 'chr15:67457233-67457426', 'probegroup': 'SMAD3', 'offset_coordinates': 'chr15:67457207-67457451', 'five_prime_bases': 36, 'three_prime_bases': 374, 'region_id': 'chr15:67457197-67457800'}","{'GRAPES2': '0.999', 'CNVKIT': None, 'DECON': '60.2', 'GATK_GCNV': '983.60'}",True,60.2,983.60,,0.999,in_silico,0.8486572613619223,False
30910686,30913910,chr16,DUP,RB38589,2,1,1,0,1,54.945736434108525,1.0,3224,"{'ID': 'CDS:ENST00000279804.3', 'Parent': 'ENST00000279804.3', 'gene_id': 'ENSG00000150281.7_1', 'transcript_id': 'ENST00000279804.3_1', 'gene_type': 'protein_coding', 'gene_name': 'CTF1', 'transcript_type': 'protein_coding', 'transcript_name': 'CTF1-201', 'exon_number': '2', 'exon_id': 'ENSE00001174773.1', 'level': '2', 'protein_id': 'ENSP00000279804.2', 'transcript_support_level': '1', 'hgnc_id': 'HGNC:2499', 'tag': 'basic,Ensembl_canonical,MANE_Select,appris_principal_3,CCDS', 'ccdsid': 'CCDS10694.1', 'havana_gene': 'OTTHUMG00000132413.2_1', 'havana_transcript': 'OTTHUMT00000255550.1_1', 'remap_original_location': 'chr16:+:30899415-30899533', 'remap_status': 'full_contig119', 'feature': 'CDS', 'feature_coordinates': 'chr16:30910736-30910854', 'probegroup': 'CTF1', 'offset_coordinates': 'chr16:30910710-30910879', 'five_prime_bases': 86, 'three_prime_bases': 84, 'region_id': 'chr16:30910650-30910938'}","{'GRAPES2': '0.998', 'CNVKIT': None, 'DECON': '14.5', 'GATK_GCNV': '47.85'}",True,14.5,47.85,,0.998,in_silico,0.8486572613619223,False
16047799,16047908,chr1,DEL,RB38589,1,1,0,0,0,50.0,1.0,109,"{'ID': 'CDS:ENST00000375799.8', 'Parent': 'ENST00000375799.8', 'gene_id': 'ENSG00000116786.13_1', 'transcript_id': 'ENST00000375799.8_1', 'gene_type': 'protein_coding', 'gene_name': 'PLEKHM2', 'transcript_type': 'protein_coding', 'transcript_name': 'PLEKHM2-202', 'exon_number': '7', 'exon_id': 'ENSE00000750777.1', 'level': '2', 'protein_id': 'ENSP00000364956.3', 'transcript_support_level': '1', 'hgnc_id': 'HGNC:29131', 'tag': 'basic,Ensembl_canonical,MANE_Select,appris_principal_2,CCDS', 'ccdsid': 'CCDS44063.1', 'havana_gene': 'OTTHUMG00000003062.3_1', 'havana_transcript': 'OTTHUMT00000008463.2_1', 'remap_original_location': 'chr1:+:15721329-15721388', 'remap_status': 'full_contig60', 'feature': 'CDS', 'feature_coordinates': 'chr1:16047824-16047883', 'probegroup': 'PLEKHM2', 'offset_coordinates': 'chr1:16047798-16047908', 'five_prime_bases': 79, 'three_prime_bases': 78, 'region_id': 'chr1:16047745-16047961'}","{'GRAPES2': None, 'CNVKIT': None, 'DECON': '13.1', 'GATK_GCNV': None}",False,13.1,,,,,0.8486572613619223,False
78392073,78392602,chr1,DEL,RB38589,2,1,0,0,1,33.39622641509434,1.0,529,"{'ID': 'CDS:ENST00000334785.12', 'Parent': 'ENST00000334785.12', 'gene_id': 'ENSG00000162614.19_1', 'transcript_id': 'ENST00000334785.12_1', 'gene_type': 'protein_coding', 'gene_name': 'NEXN', 'transcript_type': 'protein_coding', 'transcript_name': 'NEXN-202', 'exon_number': '7', 'exon_id': 'ENSE00001744111.1', 'level': '2', 'protein_id': 'ENSP00000333938.7', 'transcript_support_level': '1', 'hgnc_id': 'HGNC:29557', 'tag': 'basic,Ensembl_canonical,MANE_Select,appris_principal_3,CCDS', 'ccdsid': 'CCDS41351.1', 'havana_gene': 'OTTHUMG00000040533.4_1', 'havana_transcript': 'OTTHUMT00000097549.1_1', 'remap_original_location': 'chr1:+:77926414-77926611', 'remap_status': 'full_contig198', 'feature': 'CDS', 'feature_coordinates': 'chr1:78392099-78392296', 'probegroup': 'NEXN', 'offset_coordinates': 'chr1:78392073-78392321', 'five_prime_bases': 34, 'three_prime_bases': 312, 'region_id': 'chr1:78392065-78392608'}","{'GRAPES2': '0.637', 'CNVKIT': None, 'DECON': '8.13', 'GATK_GCNV': None}",False,8.13,,,0.637,,0.8486572613619223,False
179517940,179518259,chr2,DUP,RB38589,2,1,0,0,0,40.625,0.6666665,319,"{'ID': 'CDS:ENST00000589042.5', 'Parent': 'ENST00000589042.5', 'gene_id': 'ENSG00000155657.29_1', 'transcript_id': 'ENST00000589042.5_1', 'gene_type': 'protein_coding', 'gene_name': 'TTN', 'transcript_type': 'protein_coding', 'transcript_name': 'TTN-214', 'exon_number': '198', 'exon_id': 'ENSE00002816759.1', 'level': '1', 'protein_id': 'ENSP00000467141.1', 'transcript_support_level': '5', 'hgnc_id': 'HGNC:12403', 'tag': 'inferred_exon_combination,non_submitted_evidence,basic,Ensembl_canonical,MANE_Select,appris_principal_1,exp_conf,CCDS', 'ccdsid': 'CCDS59435.1', 'havana_gene': 'OTTHUMG00000154448.23_1', 'havana_transcript': 'OTTHUMT00000450680.3_1', 'remap_original_location': 'chr2:-:178653238-178653321', 'remap_status': 'full_contig84', 'feature': 'CDS', 'feature_coordinates': 'chr2:179517965-179518048', 'probegroup': 'TTN', 'offset_coordinates': 'chr2:179517939-179518073', 'five_prime_bases': 2077, 'three_prime_bases': 1752, 'region_id': 'chr2:179515888-179519800'}","{'GRAPES2': None, 'CNVKIT': None, 'DECON': '8.6', 'GATK_GCNV': None}",False,8.6,,,,,0.8486572613619223,False
179518714,179519043,chr2,DUP,RB38589,2,1,0,0,0,39.696969696969695,0.5555553333333334,329,"{'ID': 'CDS:ENST00000589042.5', 'Parent': 'ENST00000589042.5', 'gene_id': 'ENSG00000155657.29_1', 'transcript_id': 'ENST00000589042.5_1', 'gene_type': 'protein_coding', 'gene_name': 'TTN', 'transcript_type': 'protein_coding', 'transcript_name': 'TTN-214', 'exon_number': '194', 'exon_id': 'ENSE00002938148.1', 'level': '1', 'protein_id': 'ENSP00000467141.1', 'transcript_support_level': '5', 'hgnc_id': 'HGNC:12403', 'tag': 'inferred_exon_combination,non_submitted_evidence,basic,Ensembl_canonical,MANE_Select,appris_principal_1,exp_conf,CCDS', 'ccdsid': 'CCDS59435.1', 'havana_gene': 'OTTHUMG00000154448.23_1', 'havana_transcript': 'OTTHUMT00000450680.3_1', 'remap_original_location': 'chr2:-:178654012-178654095', 'remap_status': 'full_contig84', 'feature': 'CDS', 'feature_coordinates': 'chr2:179518739-179518822', 'probegroup': 'TTN', 'offset_coordinates': 'chr2:179518713-179518847', 'five_prime_bases': 2851, 'three_prime_bases': 978, 'region_id': 'chr2:179515888-179519800'}","{'GRAPES2': None, 'CNVKIT': None, 'DECON': '9.77', 'GATK_GCNV': None}",False,9.77,,,,,0.8486572613619223,False
179519614,179523840,chr2,DUP,RB38589,9,1,0,0,0,40.00473148805299,0.10660262481896543,4226,"{'ID': 'CDS:ENST00000589042.5', 'Parent': 'ENST00000589042.5', 'gene_id': 'ENSG00000155657.29_1', 'transcript_id': 'ENST00000589042.5_1', 'gene_type': 'protein_coding', 'gene_name': 'TTN', 'transcript_type': 'protein_coding', 'transcript_name': 'TTN-214', 'exon_number': '190', 'exon_id': 'ENSE00002471163.1', 'level': '1', 'protein_id': 'ENSP00000467141.1', 'transcript_support_level': '5', 'hgnc_id': 'HGNC:12403', 'tag': 'inferred_exon_combination,non_submitted_evidence,basic,Ensembl_canonical,MANE_Select,appris_principal_1,exp_conf,CCDS', 'ccdsid': 'CCDS59435.1', 'havana_gene': 'OTTHUMG00000154448.23_1', 'havana_transcript': 'OTTHUMT00000450680.3_1', 'remap_original_location': 'chr2:-:178654912-178654995', 'remap_status': 'full_contig84', 'feature': 'CDS', 'feature_coordinates': 'chr2:179519639-179519722', 'probegroup': 'TTN', 'offset_coordinates': 'chr2:179519613-179519747', 'five_prime_bases': 3751, 'three_prime_bases': 78, 'region_id': 'chr2:179515888-179519800'}","{'GRAPES2': None, 'CNVKIT': None, 'DECON': '53', 'GATK_GCNV': None}",False,53,,,,,0.8486572613619223,False
179526461,179528101,chr2,DEL,RB38589,8,1,0,0,0,39.97562461913468,0.41666650000000005,1640,"{'ID': 'CDS:ENST00000589042.5', 'Parent': 'ENST00000589042.5', 'gene_id': 'ENSG00000155657.29_1', 'transcript_id': 'ENST00000589042.5_1', 'gene_type': 'protein_coding', 'gene_name': 'TTN', 'transcript_type': 'protein_coding', 'transcript_name': 'TTN-214', 'exon_number': '180', 'exon_id': 'ENSE00002767327.1', 'level': '1', 'protein_id': 'ENSP00000467141.1', 'transcript_support_level': '5', 'hgnc_id': 'HGNC:12403', 'tag': 'inferred_exon_combination,non_submitted_evidence,basic,Ensembl_canonical,MANE_Select,appris_principal_1,exp_conf,CCDS', 'ccdsid': 'CCDS59435.1', 'havana_gene': 'OTTHUMG00000154448.23_1', 'havana_transcript': 'OTTHUMT00000450680.3_1', 'remap_original_location': 'chr2:-:178661759-178661842', 'remap_status': 'full_contig84', 'feature': 'CDS', 'feature_coordinates': 'chr2:179526486-179526569', 'probegroup': 'TTN', 'offset_coordinates': 'chr2:179526460-179526594', 'five_prime_bases': 79, 'three_prime_bases': 2334, 'region_id': 'chr2:179526407-179528903'}","{'GRAPES2': None, 'CNVKIT': None, 'DECON': '93', 'GATK_GCNV': None}",False,93,,,,,0.8486572613619223,False
123427519,123427767,chr3,DUP,RB38589,1,1,0,0,1,59.036144578313255,0.8333333333333334,248,"{'ID': 'CDS:ENST00000360304.8', 'Parent': 'ENST00000360304.8', 'gene_id': 'ENSG00000065534.20_1', 'transcript_id': 'ENST00000360304.8_1', 'gene_type': 'protein_coding', 'gene_name': 'MYLK', 'transcript_type': 'protein_coding', 'transcript_name': 'MYLK-202', 'exon_number': '15', 'exon_id': 'ENSE00003642776.1', 'level': '2', 'protein_id': 'ENSP00000353452.3', 'transcript_support_level': '5', 'hgnc_id': 'HGNC:7590', 'tag': 'CAGE_supported_TSS,not_organism_supported,basic,Ensembl_canonical,MANE_Select,appris_principal_2,CCDS', 'ccdsid': 'CCDS46896.1', 'havana_gene': 'OTTHUMG00000141304.13_1', 'havana_transcript': 'OTTHUMT00000356464.2_1', 'remap_original_location': 'chr3:-:123708698-123708895', 'remap_status': 'full_contig198', 'feature': 'CDS', 'feature_coordinates': 'chr3:123427545-123427742', 'probegroup': 'MYLK', 'offset_coordinates': 'chr3:123427519-123427767', 'five_prime_bases': 34, 'three_prime_bases': 33, 'region_id': 'chr3:123427511-123427775'}","{'GRAPES2': '0.573', 'CNVKIT': None, 'DECON': '9.1', 'GATK_GCNV': None}",True,9.1,,,0.573,in_silico,0.8486572613619223,False
123703238,123714847,chr6,DUP,RB38589,3,1,0,0,0,33.60034453057709,1.0,11609,"{'ID': 'CDS:ENST00000334268.9', 'Parent': 'ENST00000334268.9', 'gene_id': 'ENSG00000186439.14_1', 'transcript_id': 'ENST00000334268.9_1', 'gene_type': 'protein_coding', 'gene_name': 'TRDN', 'transcript_type': 'protein_coding', 'transcript_name': 'TRDN-201', 'exon_number': '15', 'exon_id': 'ENSE00001006431.1', 'level': '2', 'protein_id': 'ENSP00000333984.5', 'transcript_support_level': '1', 'hgnc_id': 'HGNC:12261', 'tag': 'CAGE_supported_TSS,basic,Ensembl_canonical,MANE_Select,appris_principal_3,CCDS', 'ccdsid': 'CCDS55053.1', 'havana_gene': 'OTTHUMG00000015497.4_1', 'havana_transcript': 'OTTHUMT00000042050.3_1', 'remap_original_location': 'chr6:-:123382118-123382147', 'remap_status': 'full_contig30', 'feature': 'CDS', 'feature_coordinates': 'chr6:123703263-123703292', 'probegroup': 'TRDN', 'offset_coordinates': 'chr6:123703237-123703317', 'five_prime_bases': 82, 'three_prime_bases': 81, 'region_id': 'chr6:123703181-123703373'}","{'GRAPES2': None, 'CNVKIT': None, 'DECON': '8.83', 'GATK_GCNV': None}",False,8.83,,,,,0.8486572613619223,False
83606423,83631387,chr7,DUP,RB38589,4,1,0,0,0,35.75005007009814,0.09112234513553112,24964,"{'ID': 'CDS:ENST00000265362.9', 'Parent': 'ENST00000265362.9', 'gene_id': 'ENSG00000075213.11_1', 'transcript_id': 'ENST00000265362.9_1', 'gene_type': 'protein_coding', 'gene_name': 'SEMA3A', 'transcript_type': 'protein_coding', 'transcript_name': 'SEMA3A-201', 'exon_number': '15', 'exon_id': 'ENSE00000700119.1', 'level': '2', 'protein_id': 'ENSP00000265362.3', 'transcript_support_level': '1', 'hgnc_id': 'HGNC:10723', 'tag': 'basic,Ensembl_canonical,MANE_Select,appris_principal_1,CCDS', 'ccdsid': 'CCDS5599.1', 'havana_gene': 'OTTHUMG00000023443.16_1', 'havana_transcript': 'OTTHUMT00000253355.3_1', 'remap_original_location': 'chr7:-:83977132-83977196', 'remap_status': 'full_contig65', 'feature': 'CDS', 'feature_coordinates': 'chr7:83606448-83606512', 'probegroup': 'SEMA3A', 'offset_coordinates': 'chr7:83606422-83606537', 'five_prime_bases': 77, 'three_prime_bases': 75, 'region_id': 'chr7:83606371-83606587'}","{'GRAPES2': None, 'CNVKIT': None, 'DECON': '24.4', 'GATK_GCNV': None}",False,24.4,,,,,0.8486572613619223,False
92678597,92678754,chr10,DUP,RB38589,1,1,0,0,0,39.24050632911392,1.0,157,"{'ID': 'CDS:ENST00000371697.4', 'Parent': 'ENST00000371697.4', 'gene_id': 'ENSG00000148677.7_1', 'transcript_id': 'ENST00000371697.4_1', 'gene_type': 'protein_coding', 'gene_name': 'ANKRD1', 'transcript_type': 'protein_coding', 'transcript_name': 'ANKRD1-201', 'exon_number': '4', 'exon_id': 'ENSE00000986569.1', 'level': '2', 'protein_id': 'ENSP00000360762.3', 'transcript_support_level': '1', 'hgnc_id': 'HGNC:15819', 'tag': 'CAGE_supported_TSS,basic,Ensembl_canonical,MANE_Select,appris_principal_1,CCDS', 'ccdsid': 'CCDS7412.1', 'havana_gene': 'OTTHUMG00000018734.1_1', 'havana_transcript': 'OTTHUMT00000049357.1_1', 'remap_original_location': 'chr10:-:90918865-90918972', 'remap_status': 'full_contig108', 'feature': 'CDS', 'feature_coordinates': 'chr10:92678622-92678729', 'probegroup': 'ANKRD1', 'offset_coordinates': 'chr10:92678596-92678754', 'five_prime_bases': 79, 'three_prime_bases': 371, 'region_id': 'chr10:92678543-92679100'}","{'GRAPES2': None, 'CNVKIT': None, 'DECON': '6.8', 'GATK_GCNV': None}",False,6.8,,,,,0.8486572613619223,False
121411163,121432193,chr10,DEL,RB38589,3,1,0,0,0,50.29242546716751,0.29244074734166664,21030,"{'ID': 'CDS:ENST00000369085.8', 'Parent': 'ENST00000369085.8', 'gene_id': 'ENSG00000151929.10_1', 'transcript_id': 'ENST00000369085.8_1', 'gene_type': 'protein_coding', 'gene_name': 'BAG3', 'transcript_type': 'protein_coding', 'transcript_name': 'BAG3-201', 'exon_number': '1', 'exon_id': 'ENSE00001448780.2', 'level': '2', 'protein_id': 'ENSP00000358081.4', 'transcript_support_level': '1', 'hgnc_id': 'HGNC:939', 'tag': 'basic,Ensembl_canonical,MANE_Select,appris_principal_1,CCDS', 'ccdsid': 'CCDS7615.1', 'havana_gene': 'OTTHUMG00000019155.2_1', 'havana_transcript': 'OTTHUMT00000050662.1_1', 'remap_original_location': 'chr10:+:119651676-119651855', 'remap_status': 'full_contig180', 'feature': 'CDS', 'feature_coordinates': 'chr10:121411188-121411367', 'probegroup': 'BAG3', 'offset_coordinates': 'chr10:121411162-121411392', 'five_prime_bases': 31, 'three_prime_bases': 30, 'region_id': 'chr10:121411157-121411397'}","{'GRAPES2': None, 'CNVKIT': None, 'DECON': '43.9', 'GATK_GCNV': None}",False,43.9,,,,,0.8486572613619223,False
12645585,12650884,chr3,DEL,RB38162,4,1,1,0,1,39.41509433962264,0.31814798699999997,5299,"{'ID': 'CDS:ENST00000251849.9', 'Parent': 'ENST00000251849.9', 'gene_id': 'ENSG00000132155.14_1', 'transcript_id': 'ENST00000251849.9_1', 'gene_type': 'protein_coding', 'gene_name': 'RAF1', 'transcript_type': 'protein_coding', 'transcript_name': 'RAF1-201', 'exon_number': '7', 'exon_id': 'ENSE00003685564.1', 'level': '2', 'protein_id': 'ENSP00000251849.4', 'transcript_support_level': '1', 'hgnc_id': 'HGNC:9829', 'tag': 'basic,appris_principal_2,CCDS', 'ccdsid': 'CCDS2612.1', 'havana_gene': 'OTTHUMG00000129789.8_1', 'havana_transcript': 'OTTHUMT00000252015.2_1', 'remap_original_location': 'chr3:-:12604136-12604289', 'remap_status': 'full_contig154', 'feature': 'CDS', 'feature_coordinates': 'chr3:12645635-12645788', 'probegroup': 'RAF1', 'offset_coordinates': 'chr3:12645609-12645813', 'five_prime_bases': 80, 'three_prime_bases': 79, 'region_id': 'chr3:12645555-12645867'}","{'GRAPES2': '1.0', 'CNVKIT': None, 'DECON': '67.7', 'GATK_GCNV': '2565.25'}",True,67.7,2565.25,,1.0,in_silico,0.9287119609622587,False
14175189,14175359,chr3,DEL,RB38162,1,1,1,0,1,58.47953216374269,1.0,170,"{'ID': 'CDS:ENST00000306077.5', 'Parent': 'ENST00000306077.5', 'gene_id': 'ENSG00000170876.8_1', 'transcript_id': 'ENST00000306077.5_1', 'gene_type': 'protein_coding', 'gene_name': 'TMEM43', 'transcript_type': 'protein_coding', 'transcript_name': 'TMEM43-201', 'exon_number': '7', 'exon_id': 'ENSE00001160509.1', 'level': '2', 'protein_id': 'ENSP00000303992.5', 'transcript_support_level': '1', 'hgnc_id': 'HGNC:28472', 'tag': 'basic,Ensembl_canonical,MANE_Select,appris_principal_1,CCDS', 'ccdsid': 'CCDS2618.1', 'havana_gene': 'OTTHUMG00000129802.4_1', 'havana_transcript': 'OTTHUMT00000252030.2_1', 'remap_original_location': 'chr3:+:14133739-14133809', 'remap_status': 'full_contig71', 'feature': 'CDS', 'feature_coordinates': 'chr3:14175239-14175309', 'probegroup': 'TMEM43', 'offset_coordinates': 'chr3:14175213-14175334', 'five_prime_bases': 86, 'three_prime_bases': 84, 'region_id': 'chr3:14175153-14175393'}","{'GRAPES2': '0.675', 'CNVKIT': None, 'DECON': '13.6', 'GATK_GCNV': '196.25'}",False,13.6,196.25,,0.675,,0.9287119609622587,False
101891087,101911637,chr9,DUP,RB38162,8,1,1,0,1,38.05167631745414,0.625,20550,"{'ID': 'CDS:ENST00000374994.9', 'Parent': 'ENST00000374994.9', 'gene_id': 'ENSG00000106799.13_1', 'transcript_id': 'ENST00000374994.9_1', 'gene_type': 'protein_coding', 'gene_name': 'TGFBR1', 'transcript_type': 'protein_coding', 'transcript_name': 'TGFBR1-202', 'exon_number': '2', 'exon_id': 'ENSE00003459200.1', 'level': '2', 'protein_id': 'ENSP00000364133.4', 'transcript_support_level': '1', 'hgnc_id': 'HGNC:11772', 'tag': 'basic,Ensembl_canonical,MANE_Select,appris_principal_3,CCDS', 'ccdsid': 'CCDS6738.1', 'havana_gene': 'OTTHUMG00000020353.7_1', 'havana_transcript': 'OTTHUMT00000053390.4_1', 'remap_original_location': 'chr9:+:99128855-99129100', 'remap_status': 'full_contig246', 'feature': 'CDS', 'feature_coordinates': 'chr9:101891137-101891382', 'probegroup': 'TGFBR1', 'offset_coordinates': 'chr9:101891111-101891407', 'five_prime_bases': 34, 'three_prime_bases': 33, 'region_id': 'chr9:101891103-101891415'}","{'GRAPES2': '0.977', 'CNVKIT': None, 'DECON': '135', 'GATK_GCNV': '1319.23'}",True,135,1319.23,,0.977,in_silico,0.9287119609622587,False
35086831,35087059,chr15,DUP,RB38162,1,1,1,0,1,68.99563318777294,1.0,228,"{'ID': 'CDS:ENST00000290378.6', 'Parent': 'ENST00000290378.6', 'gene_id': 'ENSG00000159251.8_1', 'transcript_id': 'ENST00000290378.6_1', 'gene_type': 'protein_coding', 'gene_name': 'ACTC1', 'transcript_type': 'protein_coding', 'transcript_name': 'ACTC1-201', 'exon_number': '2', 'exon_id': 'ENSE00001044284.1', 'level': '2', 'protein_id': 'ENSP00000290378.4', 'transcript_support_level': '1', 'hgnc_id': 'HGNC:143', 'tag': 'basic,Ensembl_canonical,MANE_Select,appris_principal_1,CCDS', 'ccdsid': 'CCDS10041.1', 'havana_gene': 'OTTHUMG00000129675.6_1', 'havana_transcript': 'OTTHUMT00000251876.5_1', 'remap_original_location': 'chr15:-:34794680-34794808', 'remap_status': 'full_contig129', 'feature': 'CDS', 'feature_coordinates': 'chr15:35086881-35087009', 'probegroup': 'ACTC1', 'offset_coordinates': 'chr15:35086855-35087034', 'five_prime_bases': 81, 'three_prime_bases': 79, 'region_id': 'chr15:35086800-35087088'}","{'GRAPES2': '0.597', 'CNVKIT': None, 'DECON': '16.7', 'GATK_GCNV': '130.89'}",True,16.7,130.89,,0.597,in_silico,0.9287119609622587,False
179522200,179522519,chr2,DEL,RB38162,2,1,0,0,0,40.3125,0.4166665,319,"{'ID': 'CDS:ENST00000589042.5', 'Parent': 'ENST00000589042.5', 'gene_id': 'ENSG00000155657.29_1', 'transcript_id': 'ENST00000589042.5_1', 'gene_type': 'protein_coding', 'gene_name': 'TTN', 'transcript_type': 'protein_coding', 'transcript_name': 'TTN-214', 'exon_number': '189', 'exon_id': 'ENSE00002949545.1', 'level': '1', 'protein_id': 'ENSP00000467141.1', 'transcript_support_level': '5', 'hgnc_id': 'HGNC:12403', 'tag': 'inferred_exon_combination,non_submitted_evidence,basic,Ensembl_canonical,MANE_Select,appris_principal_1,exp_conf,CCDS', 'ccdsid': 'CCDS59435.1', 'havana_gene': 'OTTHUMG00000154448.23_1', 'havana_transcript': 'OTTHUMT00000450680.3_1', 'remap_original_location': 'chr2:-:178657498-178657581', 'remap_status': 'full_contig84', 'feature': 'CDS', 'feature_coordinates': 'chr2:179522225-179522308', 'probegroup': 'TTN', 'offset_coordinates': 'chr2:179522199-179522333', 'five_prime_bases': 79, 'three_prime_bases': 1752, 'region_id': 'chr2:179522146-179524060'}","{'GRAPES2': None, 'CNVKIT': None, 'DECON': '21.4', 'GATK_GCNV': None}",False,21.4,,,,,0.9287119609622587,False
179526461,179527368,chr2,DUP,RB38162,5,1,0,0,0,39.86784140969163,0.4444443333333334,907,"{'ID': 'CDS:ENST00000589042.5', 'Parent': 'ENST00000589042.5', 'gene_id': 'ENSG00000155657.29_1', 'transcript_id': 'ENST00000589042.5_1', 'gene_type': 'protein_coding', 'gene_name': 'TTN', 'transcript_type': 'protein_coding', 'transcript_name': 'TTN-214', 'exon_number': '180', 'exon_id': 'ENSE00002767327.1', 'level': '1', 'protein_id': 'ENSP00000467141.1', 'transcript_support_level': '5', 'hgnc_id': 'HGNC:12403', 'tag': 'inferred_exon_combination,non_submitted_evidence,basic,Ensembl_canonical,MANE_Select,appris_principal_1,exp_conf,CCDS', 'ccdsid': 'CCDS59435.1', 'havana_gene': 'OTTHUMG00000154448.23_1', 'havana_transcript': 'OTTHUMT00000450680.3_1', 'remap_original_location': 'chr2:-:178661759-178661842', 'remap_status': 'full_contig84', 'feature': 'CDS', 'feature_coordinates': 'chr2:179526486-179526569', 'probegroup': 'TTN', 'offset_coordinates': 'chr2:179526460-179526594', 'five_prime_bases': 79, 'three_prime_bases': 2334, 'region_id': 'chr2:179526407-179528903'}","{'GRAPES2': None, 'CNVKIT': None, 'DECON': '26.4', 'GATK_GCNV': None}",False,26.4,,,,,0.9287119609622587,False
128498037,128498296,chr7,DUP,RB38162,1,1,0,0,0,64.61538461538461,0.5,259,"{'ID': 'CDS:ENST00000325888.13', 'Parent': 'ENST00000325888.13', 'gene_id': 'ENSG00000128591.16_1', 'transcript_id': 'ENST00000325888.13_1', 'gene_type': 'protein_coding', 'gene_name': 'FLNC', 'transcript_type': 'protein_coding', 'transcript_name': 'FLNC-201', 'exon_number': '47', 'exon_id': 'ENSE00002474613.1', 'level': '2', 'protein_id': 'ENSP00000327145.8', 'transcript_support_level': '1', 'hgnc_id': 'HGNC:3756', 'tag': 'basic,Ensembl_canonical,MANE_Select,appris_principal_3,CCDS', 'ccdsid': 'CCDS43644.1', 'havana_gene': 'OTTHUMG00000023627.3_1', 'havana_transcript': 'OTTHUMT00000059948.3_1', 'remap_original_location': 'chr7:+:128858008-128858217', 'remap_status': 'full_contig210', 'feature': 'CDS', 'feature_coordinates': 'chr7:128498062-128498271', 'probegroup': 'FLNC', 'offset_coordinates': 'chr7:128498036-128498296', 'five_prime_bases': 28, 'three_prime_bases': 332, 'region_id': 'chr7:128498034-128498603'}","{'GRAPES2': None, 'CNVKIT': None, 'DECON': '6.11', 'GATK_GCNV': None}",False,6.11,,,,,0.9287119609622587,False
140624341,140624528,chr7,DUP,RB38162,1,1,0,0,0,75.53191489361703,1.0,187,"{'ID': 'CDS:ENST00000646891.1', 'Parent': 'ENST00000646891.1', 'gene_id': 'ENSG00000157764.14_1', 'transcript_id': 'ENST00000646891.1_1', 'gene_type': 'protein_coding', 'gene_name': 'BRAF', 'transcript_type': 'protein_coding', 'transcript_name': 'BRAF-220', 'exon_number': '1', 'exon_id': 'ENSE00003824367.1', 'level': '2', 'protein_id': 'ENSP00000493543.1', 'hgnc_id': 'HGNC:1097', 'tag': 'basic,appris_principal_3,CCDS', 'ccdsid': 'CCDS5863.1', 'havana_gene': 'OTTHUMG00000157457.6_1', 'havana_transcript': 'OTTHUMT00000348886.2_1', 'remap_original_location': 'chr7:-:140924566-140924703', 'remap_status': 'full_contig138', 'feature': 'CDS', 'feature_coordinates': 'chr7:140624366-140624503', 'probegroup': 'BRAF', 'offset_coordinates': 'chr7:140624340-140624528', 'five_prime_bases': 76, 'three_prime_bases': 75, 'region_id': 'chr7:140624290-140624578'}","{'GRAPES2': None, 'CNVKIT': None, 'DECON': '2.66', 'GATK_GCNV': None}",False,2.66,,,,,0.9287119609622587,False
92678597,92679050,chr10,DUP,RB38162,2,1,0,0,0,35.02202643171806,1.0,453,"{'ID': 'CDS:ENST00000371697.4', 'Parent': 'ENST00000371697.4', 'gene_id': 'ENSG00000148677.7_1', 'transcript_id': 'ENST00000371697.4_1', 'gene_type': 'protein_coding', 'gene_name': 'ANKRD1', 'transcript_type': 'protein_coding', 'transcript_name': 'ANKRD1-201', 'exon_number': '4', 'exon_id': 'ENSE00000986569.1', 'level': '2', 'protein_id': 'ENSP00000360762.3', 'transcript_support_level': '1', 'hgnc_id': 'HGNC:15819', 'tag': 'CAGE_supported_TSS,basic,Ensembl_canonical,MANE_Select,appris_principal_1,CCDS', 'ccdsid': 'CCDS7412.1', 'havana_gene': 'OTTHUMG00000018734.1_1', 'havana_transcript': 'OTTHUMT00000049357.1_1', 'remap_original_location': 'chr10:-:90918865-90918972', 'remap_status': 'full_contig108', 'feature': 'CDS', 'feature_coordinates': 'chr10:92678622-92678729', 'probegroup': 'ANKRD1', 'offset_coordinates': 'chr10:92678596-92678754', 'five_prime_bases': 79, 'three_prime_bases': 371, 'region_id': 'chr10:92678543-92679100'}","{'GRAPES2': None, 'CNVKIT': None, 'DECON': '4.47', 'GATK_GCNV': None}",False,4.47,,,,,0.9287119609622587,False
35521700,35521789,chr19,DUP,RB38162,1,1,0,0,0,80.0,1.0,89,"{'ID': 'CDS:ENST00000262631.11', 'Parent': 'ENST00000262631.11', 'gene_id': 'ENSG00000105711.14_1', 'transcript_id': 'ENST00000262631.11_1', 'gene_type': 'protein_coding', 'gene_name': 'SCN1B', 'transcript_type': 'protein_coding', 'transcript_name': 'SCN1B-201', 'exon_number': '1', 'exon_id': 'ENSE00003806938.2', 'level': '2', 'protein_id': 'ENSP00000262631.3', 'transcript_support_level': '1', 'hgnc_id': 'HGNC:10586', 'tag': 'CAGE_supported_TSS,basic,Ensembl_canonical,MANE_Select,appris_principal_1,CCDS', 'ccdsid': 'CCDS12441.1', 'havana_gene': 'OTTHUMG00000182472.5_1', 'havana_transcript': 'OTTHUMT00000461567.3_1', 'remap_original_location': 'chr19:+:35030821-35030860', 'remap_status': 'full_contig40', 'feature': 'CDS', 'feature_coordinates': 'chr19:35521725-35521764', 'probegroup': 'SCN1B', 'offset_coordinates': 'chr19:35521699-35521789', 'five_prime_bases': 77, 'three_prime_bases': 76, 'region_id': 'chr19:35521648-35521840'}","{'GRAPES2': None, 'CNVKIT': None, 'DECON': '3.54', 'GATK_GCNV': None}",False,3.54,,,,,0.9287119609622587,False
38671752,38671970,chr3,DUP,RB38137,1,1,1,0,1,53.42465753424658,1.0,218,"{'ID': 'CDS:ENST00000423572.7', 'Parent': 'ENST00000423572.7', 'gene_id': 'ENSG00000183873.18_1', 'transcript_id': 'ENST00000423572.7_1', 'gene_type': 'protein_coding', 'gene_name': 'SCN5A', 'transcript_type': 'protein_coding', 'transcript_name': 'SCN5A-205', 'exon_number': '3', 'exon_id': 'ENSE00003585523.1', 'level': '2', 'protein_id': 'ENSP00000398266.2', 'transcript_support_level': '1', 'hgnc_id': 'HGNC:10593', 'tag': 'basic,Ensembl_canonical,MANE_Select,appris_alternative_1,CCDS', 'ccdsid': 'CCDS46797.1', 'havana_gene': 'OTTHUMG00000156166.6_1', 'havana_transcript': 'OTTHUMT00000343225.2_1', 'remap_original_location': 'chr3:-:38630311-38630429', 'remap_status': 'full_contig119', 'feature': 'CDS', 'feature_coordinates': 'chr3:38671802-38671920', 'probegroup': 'SCN5A', 'offset_coordinates': 'chr3:38671776-38671945', 'five_prime_bases': 86, 'three_prime_bases': 84, 'region_id': 'chr3:38671716-38672004'}","{'GRAPES2': '0.744', 'CNVKIT': None, 'DECON': '15.3', 'GATK_GCNV': '42.61'}",True,15.3,42.61,,0.744,in_silico,0.9045452131994367,False
133804120,133804303,chr6,DEL,RB38137,1,1,1,0,1,34.78260869565217,1.0,183,"{'ID': 'CDS:ENST00000355286.12', 'Parent': 'ENST00000355286.12', 'gene_id': 'ENSG00000112319.20_1', 'transcript_id': 'ENST00000355286.12_1', 'gene_type': 'protein_coding', 'gene_name': 'EYA4', 'transcript_type': 'protein_coding', 'transcript_name': 'EYA4-202', 'exon_number': '13', 'exon_id': 'ENSE00003468302.1', 'level': '2', 'protein_id': 'ENSP00000347434.7', 'transcript_support_level': '1', 'hgnc_id': 'HGNC:3522', 'tag': 'CAGE_supported_TSS,basic,Ensembl_canonical,MANE_Select,appris_principal_3,CCDS', 'ccdsid': 'CCDS5165.1', 'havana_gene': 'OTTHUMG00000015602.8_1', 'havana_transcript': 'OTTHUMT00000495639.2_1', 'remap_original_location': 'chr6:+:133483032-133483115', 'remap_status': 'full_contig84', 'feature': 'CDS', 'feature_coordinates': 'chr6:133804170-133804253', 'probegroup': 'EYA4', 'offset_coordinates': 'chr6:133804144-133804278', 'five_prime_bases': 79, 'three_prime_bases': 78, 'region_id': 'chr6:133804091-133804331'}","{'GRAPES2': '0.984', 'CNVKIT': None, 'DECON': '11.4', 'GATK_GCNV': '88.47'}",False,11.4,88.47,,0.984,,0.9045452131994367,False
67680038,68040429,chr10,DUP,RB38137,6,1,1,0,1,35.69196874514417,0.25135646670782097,360391,"{'ID': 'CDS:ENST00000433211.7', 'Parent': 'ENST00000433211.7', 'gene_id': 'ENSG00000183230.18_1', 'transcript_id': 'ENST00000433211.7_1', 'gene_type': 'protein_coding', 'gene_name': 'CTNNA3', 'transcript_type': 'protein_coding', 'transcript_name': 'CTNNA3-203', 'exon_number': '18', 'exon_id': 'ENSE00001721297.3', 'level': '2', 'protein_id': 'ENSP00000389714.1', 'transcript_support_level': '1', 'hgnc_id': 'HGNC:2511', 'tag': 'basic,Ensembl_canonical,MANE_Select,appris_principal_1,CCDS', 'ccdsid': 'CCDS7269.1', 'havana_gene': 'OTTHUMG00000018334.8_1', 'havana_transcript': 'OTTHUMT00000048282.3_1', 'remap_original_location': 'chr10:-:65920330-65920617', 'remap_status': 'full_contig288', 'feature': 'CDS', 'feature_coordinates': 'chr10:67680088-67680375', 'probegroup': 'CTNNA3', 'offset_coordinates': 'chr10:67680062-67680400', 'five_prime_bases': 37, 'three_prime_bases': 36, 'region_id': 'chr10:67680051-67680411'}","{'GRAPES2': '1.0', 'CNVKIT': None, 'DECON': '80.9', 'GATK_GCNV': '395.73'}",True,80.9,395.73,,1.0,in_silico,0.9045452131994367,False
52439606,52476923,chr15,DEL,RB38137,5,1,1,0,1,46.141272308269464,0.3792776290900903,37317,"{'ID': 'CDS:ENST00000261837.12', 'Parent': 'ENST00000261837.12', 'gene_id': 'ENSG00000069966.19_1', 'transcript_id': 'ENST00000261837.12_1', 'gene_type': 'protein_coding', 'gene_name': 'GNB5', 'transcript_type': 'protein_coding', 'transcript_name': 'GNB5-201', 'exon_number': '6', 'exon_id': 'ENSE00000688926.1', 'level': '2', 'protein_id': 'ENSP00000261837.7', 'transcript_support_level': '5', 'hgnc_id': 'HGNC:4401', 'tag': 'basic,Ensembl_canonical,MANE_Select,appris_principal_3,CCDS', 'ccdsid': 'CCDS10149.1', 'havana_gene': 'OTTHUMG00000131892.4_1', 'havana_transcript': 'OTTHUMT00000254842.2_1', 'remap_original_location': 'chr15:-:52147459-52147535', 'remap_status': 'full_contig77', 'feature': 'CDS', 'feature_coordinates': 'chr15:52439656-52439732', 'probegroup': 'GNB5', 'offset_coordinates': 'chr15:52439630-52439757', 'five_prime_bases': 88, 'three_prime_bases': 76, 'region_id': 'chr15:52439568-52439808'}","{'GRAPES2': '0.882', 'CNVKIT': None, 'DECON': '61.5', 'GATK_GCNV': '821.68'}",True,61.5,821.68,,0.882,in_silico,0.9045452131994367,False
2152037,2152282,chr16,DEL,RB38137,1,1,0,0,0,65.4471544715447,0.2166668,245,"{'ID': 'CDS:ENST00000262304.9', 'Parent': 'ENST00000262304.9', 'gene_id': 'ENSG00000008710.20_1', 'transcript_id': 'ENST00000262304.9_1', 'gene_type': 'protein_coding', 'gene_name': 'PKD1', 'transcript_type': 'protein_coding', 'transcript_name': 'PKD1-201', 'exon_number': '26', 'exon_id': 'ENSE00003665951.1', 'level': '2', 'protein_id': 'ENSP00000262304.4', 'transcript_support_level': '1', 'hgnc_id': 'HGNC:9008', 'tag': 'basic,Ensembl_canonical,MANE_Select,appris_principal_3,CCDS', 'ccdsid': 'CCDS32369.1', 'havana_gene': 'OTTHUMG00000155795.6_1', 'havana_transcript': 'OTTHUMT00000341688.2_1', 'remap_original_location': 'chr16:-:2102061-2102256', 'remap_status': 'full_contig196', 'feature': 'CDS', 'feature_coordinates': 'chr16:2152062-2152257', 'probegroup': 'PKD1', 'offset_coordinates': 'chr16:2152036-2152282', 'five_prime_bases': 35, 'three_prime_bases': 791, 'region_id': 'chr16:2152027-2153048'}","{'GRAPES2': None, 'CNVKIT': None, 'DECON': '5.83', 'GATK_GCNV': None}",False,5.83,,,,,0.9045452131994367,False
2155298,2155500,chr16,DEL,RB38137,1,1,0,0,0,65.51724137931035,0.5833335,202,"{'ID': 'CDS:ENST00000262304.9', 'Parent': 'ENST00000262304.9', 'gene_id': 'ENSG00000008710.20_1', 'transcript_id': 'ENST00000262304.9_1', 'gene_type': 'protein_coding', 'gene_name': 'PKD1', 'transcript_type': 'protein_coding', 'transcript_name': 'PKD1-201', 'exon_number': '21', 'exon_id': 'ENSE00003607637.1', 'level': '2', 'protein_id': 'ENSP00000262304.4', 'transcript_support_level': '1', 'hgnc_id': 'HGNC:9008', 'tag': 'basic,Ensembl_canonical,MANE_Select,appris_principal_3,CCDS', 'ccdsid': 'CCDS32369.1', 'havana_gene': 'OTTHUMG00000155795.6_1', 'havana_transcript': 'OTTHUMT00000341688.2_1', 'remap_original_location': 'chr16:-:2105322-2105474', 'remap_status': 'full_contig153', 'feature': 'CDS', 'feature_coordinates': 'chr16:2155323-2155475', 'probegroup': 'PKD1', 'offset_coordinates': 'chr16:2155297-2155500', 'five_prime_bases': 81, 'three_prime_bases': 79, 'region_id': 'chr16:2155242-2155554'}","{'GRAPES2': None, 'CNVKIT': None, 'DECON': '4.85', 'GATK_GCNV': None}",False,4.85,,,,,0.9045452131994367,False
2185451,2185715,chr16,DEL,RB38137,1,1,0,0,0,82.64150943396227,0.31666666666666665,264,"{'ID': 'CDS:ENST00000262304.9', 'Parent': 'ENST00000262304.9', 'gene_id': 'ENSG00000008710.20_1', 'transcript_id': 'ENST00000262304.9_1', 'gene_type': 'protein_coding', 'gene_name': 'PKD1', 'transcript_type': 'protein_coding', 'transcript_name': 'PKD1-201', 'exon_number': '1', 'exon_id': 'ENSE00002710399.1', 'level': '2', 'protein_id': 'ENSP00000262304.4', 'transcript_support_level': '1', 'hgnc_id': 'HGNC:9008', 'tag': 'basic,Ensembl_canonical,MANE_Select,appris_principal_3,CCDS', 'ccdsid': 'CCDS32369.1', 'havana_gene': 'OTTHUMG00000155795.6_1', 'havana_transcript': 'OTTHUMT00000341688.2_1', 'remap_original_location': 'chr16:-:2135475-2135689', 'remap_status': 'full_contig215', 'feature': 'CDS', 'feature_coordinates': 'chr16:2185476-2185690', 'probegroup': 'chr16:2185625-2185659,PKD1', 'offset_coordinates': 'chr16:2185450-2185715', 'five_prime_bases': 116, 'three_prime_bases': 113, 'region_id': 'chr16:2185360-2185803'}","{'GRAPES2': None, 'CNVKIT': None, 'DECON': '2.48', 'GATK_GCNV': None}",False,2.48,,,,,0.9045452131994367,False
30913374,30913885,chr16,DEL,RB38137,1,1,0,0,0,80.6640625,1.0,511,"{'ID': 'CDS:ENST00000279804.3', 'Parent': 'ENST00000279804.3', 'gene_id': 'ENSG00000150281.7_1', 'transcript_id': 'ENST00000279804.3_1', 'gene_type': 'protein_coding', 'gene_name': 'CTF1', 'transcript_type': 'protein_coding', 'transcript_name': 'CTF1-201', 'exon_number': '3', 'exon_id': 'ENSE00001241259.3', 'level': '2', 'protein_id': 'ENSP00000279804.2', 'transcript_support_level': '1', 'hgnc_id': 'HGNC:2499', 'tag': 'basic,Ensembl_canonical,MANE_Select,appris_principal_3,CCDS', 'ccdsid': 'CCDS10694.1', 'havana_gene': 'OTTHUMG00000132413.2_1', 'havana_transcript': 'OTTHUMT00000255550.1_1', 'remap_original_location': 'chr16:+:30902078-30902539', 'remap_status': 'full_contig462', 'feature': 'CDS', 'feature_coordinates': 'chr16:30913399-30913860', 'probegroup': 'CTF1', 'offset_coordinates': 'chr16:30913373-30913885', 'five_prime_bases': 34, 'three_prime_bases': 33, 'region_id': 'chr16:30913365-30913893'}","{'GRAPES2': None, 'CNVKIT': None, 'DECON': '2.78', 'GATK_GCNV': None}",False,2.78,,,,,0.9045452131994367,False
32031092,32031451,chr20,DEL,RB38137,1,1,0,0,0,79.44444444444444,1.0,359,"{'ID': 'CDS:ENST00000217381.3', 'Parent': 'ENST00000217381.3', 'gene_id': 'ENSG00000101400.6_1', 'transcript_id': 'ENST00000217381.3_1', 'gene_type': 'protein_coding', 'gene_name': 'SNTA1', 'transcript_type': 'protein_coding', 'transcript_name': 'SNTA1-201', 'exon_number': '1', 'exon_id': 'ENSE00001153165.4', 'level': '2', 'protein_id': 'ENSP00000217381.2', 'transcript_support_level': '1', 'hgnc_id': 'HGNC:11167', 'tag': 'basic,Ensembl_canonical,MANE_Select,appris_principal_1,CCDS', 'ccdsid': 'CCDS13220.1', 'havana_gene': 'OTTHUMG00000032259.3_1', 'havana_transcript': 'OTTHUMT00000078704.3_1', 'remap_original_location': 'chr20:-:33443311-33443620', 'remap_status': 'full_contig310', 'feature': 'CDS', 'feature_coordinates': 'chr20:32031117-32031426', 'probegroup': 'SNTA1', 'offset_coordinates': 'chr20:32031091-32031451', 'five_prime_bases': 26, 'three_prime_bases': 25, 'region_id': 'chr20:32031091-32031451'}","{'GRAPES2': None, 'CNVKIT': None, 'DECON': '2.6', 'GATK_GCNV': None}",False,2.6,,,,,0.9045452131994367,False
121719372,121742550,chr4,DUP,RB38633,7,1,1,0,1,37.059407222054446,0.24415387535951155,23178,"{'ID': 'CDS:ENST00000264808.8', 'Parent': 'ENST00000264808.8', 'gene_id': 'ENSG00000138738.11_1', 'transcript_id': 'ENST00000264808.8_1', 'gene_type': 'protein_coding', 'gene_name': 'PRDM5', 'transcript_type': 'protein_coding', 'transcript_name': 'PRDM5-201', 'exon_number': '10', 'exon_id': 'ENSE00003604782.1', 'level': '2', 'protein_id': 'ENSP00000264808.3', 'transcript_support_level': '1', 'hgnc_id': 'HGNC:9349', 'tag': 'basic,Ensembl_canonical,MANE_Select,appris_principal_1,CCDS', 'ccdsid': 'CCDS3716.1', 'havana_gene': 'OTTHUMG00000132970.2_1', 'havana_transcript': 'OTTHUMT00000256528.2_1', 'remap_original_location': 'chr4:-:120798267-120798424', 'remap_status': 'full_contig158', 'feature': 'CDS', 'feature_coordinates': 'chr4:121719422-121719579', 'probegroup': 'PRDM5', 'offset_coordinates': 'chr4:121719396-121719604', 'five_prime_bases': 78, 'three_prime_bases': 77, 'region_id': 'chr4:121719344-121719656'}","{'GRAPES2': '1.0', 'CNVKIT': None, 'DECON': '91.2', 'GATK_GCNV': '165.18'}",True,91.2,165.18,,1.0,in_silico,0.8457234544244999,False
66777278,66777579,chr15,DEL,RB38633,1,1,1,0,0,58.609271523178805,0.8333333333333334,301,"{'ID': 'CDS:ENST00000307102.10', 'Parent': 'ENST00000307102.10', 'gene_id': 'ENSG00000169032.11_1', 'transcript_id': 'ENST00000307102.10_1', 'gene_type': 'protein_coding', 'gene_name': 'MAP2K1', 'transcript_type': 'protein_coding', 'transcript_name': 'MAP2K1-201', 'exon_number': '7', 'exon_id': 'ENSE00001257056.1', 'level': '2', 'protein_id': 'ENSP00000302486.5', 'transcript_support_level': '1', 'hgnc_id': 'HGNC:6840', 'tag': 'basic,Ensembl_canonical,MANE_Select,appris_principal_1,CCDS', 'ccdsid': 'CCDS10216.1', 'havana_gene': 'OTTHUMG00000133196.5_1', 'havana_transcript': 'OTTHUMT00000256906.4_1', 'remap_original_location': 'chr15:+:66484990-66485191', 'remap_status': 'full_contig202', 'feature': 'CDS', 'feature_coordinates': 'chr15:66777328-66777529', 'probegroup': 'MAP2K1', 'offset_coordinates': 'chr15:66777302-66777554', 'five_prime_bases': 32, 'three_prime_bases': 31, 'region_id': 'chr15:66777296-66777560'}","{'GRAPES2': None, 'CNVKIT': None, 'DECON': '14.6', 'GATK_GCNV': '115.05'}",True,14.6,115.05,,,in_silico,0.8457234544244999,False
25562858,25573651,chr18,DEL,RB38633,7,1,1,0,1,37.02056698165648,1.0,10793,"{'ID': 'CDS:ENST00000269141.8', 'Parent': 'ENST00000269141.8', 'gene_id': 'ENSG00000170558.10_1', 'transcript_id': 'ENST00000269141.8_1', 'gene_type': 'protein_coding', 'gene_name': 'CDH2', 'transcript_type': 'protein_coding', 'transcript_name': 'CDH2-201', 'exon_number': '14', 'exon_id': 'ENSE00001199798.1', 'level': '2', 'protein_id': 'ENSP00000269141.3', 'transcript_support_level': '1', 'hgnc_id': 'HGNC:1759', 'tag': 'basic,Ensembl_canonical,MANE_Select,appris_principal_1,CCDS', 'ccdsid': 'CCDS11891.1', 'havana_gene': 'OTTHUMG00000059940.12_1', 'havana_transcript': 'OTTHUMT00000133246.4_1', 'remap_original_location': 'chr18:-:27982944-27983083', 'remap_status': 'full_contig140', 'feature': 'CDS', 'feature_coordinates': 'chr18:25562908-25563047', 'probegroup': 'CDH2', 'offset_coordinates': 'chr18:25562882-25563072', 'five_prime_bases': 75, 'three_prime_bases': 74, 'region_id': 'chr18:25562833-25563121'}","{'GRAPES2': '0.952', 'CNVKIT': None, 'DECON': '101', 'GATK_GCNV': '1378.12'}",True,101,1378.12,,0.952,in_silico,0.8457234544244999,False
179519447,179519747,chr2,DUP,RB38633,2,1,0,0,0,42.19269102990033,0.361111,300,"{'ID': 'CDS:ENST00000589042.5', 'Parent': 'ENST00000589042.5', 'gene_id': 'ENSG00000155657.29_1', 'transcript_id': 'ENST00000589042.5_1', 'gene_type': 'protein_coding', 'gene_name': 'TTN', 'transcript_type': 'protein_coding', 'transcript_name': 'TTN-214', 'exon_number': '191', 'exon_id': 'ENSE00001744095.2', 'level': '1', 'protein_id': 'ENSP00000467141.1', 'transcript_support_level': '5', 'hgnc_id': 'HGNC:12403', 'tag': 'inferred_exon_combination,non_submitted_evidence,basic,Ensembl_canonical,MANE_Select,appris_principal_1,exp_conf,CCDS', 'ccdsid': 'CCDS59435.1', 'havana_gene': 'OTTHUMG00000154448.23_1', 'havana_transcript': 'OTTHUMT00000450680.3_1', 'remap_original_location': 'chr2:-:178654745-178654828', 'remap_status': 'full_contig84', 'feature': 'CDS', 'feature_coordinates': 'chr2:179519472-179519555', 'probegroup': 'TTN', 'offset_coordinates': 'chr2:179519446-179519580', 'five_prime_bases': 3584, 'three_prime_bases': 245, 'region_id': 'chr2:179515888-179519800'}","{'GRAPES2': None, 'CNVKIT': None, 'DECON': '9.64', 'GATK_GCNV': None}",False,9.64,,,,,0.8457234544244999,False
179523707,179524007,chr2,DEL,RB38633,2,1,0,0,0,42.19269102990033,0.361111,300,"{'ID': 'CDS:ENST00000589042.5', 'Parent': 'ENST00000589042.5', 'gene_id': 'ENSG00000155657.29_1', 'transcript_id': 'ENST00000589042.5_1', 'gene_type': 'protein_coding', 'gene_name': 'TTN', 'transcript_type': 'protein_coding', 'transcript_name': 'TTN-214', 'exon_number': '182', 'exon_id': 'ENSE00003809569.1', 'level': '1', 'protein_id': 'ENSP00000467141.1', 'transcript_support_level': '5', 'hgnc_id': 'HGNC:12403', 'tag': 'inferred_exon_combination,non_submitted_evidence,basic,Ensembl_canonical,MANE_Select,appris_principal_1,exp_conf,CCDS', 'ccdsid': 'CCDS59435.1', 'havana_gene': 'OTTHUMG00000154448.23_1', 'havana_transcript': 'OTTHUMT00000450680.3_1', 'remap_original_location': 'chr2:-:178659005-178659088', 'remap_status': 'full_contig84', 'feature': 'CDS', 'feature_coordinates': 'chr2:179523732-179523815', 'probegroup': 'TTN', 'offset_coordinates': 'chr2:179523706-179523840', 'five_prime_bases': 1586, 'three_prime_bases': 245, 'region_id': 'chr2:179522146-179524060'}","{'GRAPES2': None, 'CNVKIT': None, 'DECON': '10.7', 'GATK_GCNV': None}",False,10.7,,,,,0.8457234544244999,False
92678597,92678754,chr10,DUP,RB38633,1,1,0,0,0,39.24050632911392,1.0,157,"{'ID': 'CDS:ENST00000371697.4', 'Parent': 'ENST00000371697.4', 'gene_id': 'ENSG00000148677.7_1', 'transcript_id': 'ENST00000371697.4_1', 'gene_type': 'protein_coding', 'gene_name': 'ANKRD1', 'transcript_type': 'protein_coding', 'transcript_name': 'ANKRD1-201', 'exon_number': '4', 'exon_id': 'ENSE00000986569.1', 'level': '2', 'protein_id': 'ENSP00000360762.3', 'transcript_support_level': '1', 'hgnc_id': 'HGNC:15819', 'tag': 'CAGE_supported_TSS,basic,Ensembl_canonical,MANE_Select,appris_principal_1,CCDS', 'ccdsid': 'CCDS7412.1', 'havana_gene': 'OTTHUMG00000018734.1_1', 'havana_transcript': 'OTTHUMT00000049357.1_1', 'remap_original_location': 'chr10:-:90918865-90918972', 'remap_status': 'full_contig108', 'feature': 'CDS', 'feature_coordinates': 'chr10:92678622-92678729', 'probegroup': 'ANKRD1', 'offset_coordinates': 'chr10:92678596-92678754', 'five_prime_bases': 79, 'three_prime_bases': 371, 'region_id': 'chr10:92678543-92679100'}","{'GRAPES2': None, 'CNVKIT': None, 'DECON': '4.13', 'GATK_GCNV': None}",False,4.13,,,,,0.8457234544244999,False
73664714,73664862,chr14,DEL,RB38633,1,1,0,0,0,37.58389261744966,1.0,148,"{'ID': 'CDS:ENST00000324501.10', 'Parent': 'ENST00000324501.10', 'gene_id': 'ENSG00000080815.19_1', 'transcript_id': 'ENST00000324501.10_1', 'gene_type': 'protein_coding', 'gene_name': 'PSEN1', 'transcript_type': 'protein_coding', 'transcript_name': 'PSEN1-201', 'exon_number': '8', 'exon_id': 'ENSE00000808001.1', 'level': '2', 'protein_id': 'ENSP00000326366.5', 'transcript_support_level': '1', 'hgnc_id': 'HGNC:9508', 'tag': 'basic,Ensembl_canonical,MANE_Select,appris_principal_4,CCDS', 'ccdsid': 'CCDS9812.1', 'havana_gene': 'OTTHUMG00000141279.18_1', 'havana_transcript': 'OTTHUMT00000280500.3_1', 'remap_original_location': 'chr14:+:73198031-73198129', 'remap_status': 'full_contig99', 'feature': 'CDS', 'feature_coordinates': 'chr14:73664739-73664837', 'probegroup': 'PSEN1', 'offset_coordinates': 'chr14:73664713-73664862', 'five_prime_bases': 84, 'three_prime_bases': 82, 'region_id': 'chr14:73664655-73664919'}","{'GRAPES2': None, 'CNVKIT': None, 'DECON': '4.53', 'GATK_GCNV': None}",False,4.53,,,,,0.8457234544244999,False
45377619,45377723,chr18,DUP,RB38633,1,1,0,0,1,38.095238095238095,1.0,104,"{'ID': 'CDS:ENST00000262160.11', 'Parent': 'ENST00000262160.11', 'gene_id': 'ENSG00000175387.16_1', 'transcript_id': 'ENST00000262160.11_1', 'gene_type': 'protein_coding', 'gene_name': 'SMAD2', 'transcript_type': 'protein_coding', 'transcript_name': 'SMAD2-201', 'exon_number': '7', 'exon_id': 'ENSE00001248493.1', 'level': '2', 'protein_id': 'ENSP00000262160.6', 'transcript_support_level': '1', 'hgnc_id': 'HGNC:6768', 'tag': 'basic,Ensembl_canonical,MANE_Select,CCDS', 'ccdsid': 'CCDS11934.1', 'havana_gene': 'OTTHUMG00000132652.5_1', 'havana_transcript': 'OTTHUMT00000255903.3_1', 'remap_original_location': 'chr18:-:47851274-47851327', 'remap_status': 'full_contig54', 'feature': 'CDS', 'feature_coordinates': 'chr18:45377645-45377698', 'probegroup': 'SMAD2', 'offset_coordinates': 'chr18:45377619-45377723', 'five_prime_bases': 82, 'three_prime_bases': 81, 'region_id': 'chr18:45377563-45377779'}","{'GRAPES2': '0.901', 'CNVKIT': None, 'DECON': '13.7', 'GATK_GCNV': None}",False,13.7,,,0.901,,0.8457234544244999,False
107911524,107911759,chrX,DUP,RB38633,1,1,0,0,0,55.50847457627118,1.0,235,"{'ID': 'CDS:ENST00000328300.11', 'Parent': 'ENST00000328300.11', 'gene_id': 'ENSG00000188153.14_1', 'transcript_id': 'ENST00000328300.11_1', 'gene_type': 'protein_coding', 'gene_name': 'COL4A5', 'transcript_type': 'protein_coding', 'transcript_name': 'COL4A5-201', 'exon_number': '41', 'exon_id': 'ENSE00001340048.1', 'level': '2', 'protein_id': 'ENSP00000331902.7', 'transcript_support_level': '1', 'hgnc_id': 'HGNC:2207', 'tag': 'dotter_confirmed,basic,Ensembl_canonical,MANE_Select,appris_alternative_1,CCDS', 'ccdsid': 'CCDS35366.1', 'havana_gene': 'OTTHUMG00000022182.6_1', 'havana_transcript': 'OTTHUMT00000360023.1_1', 'remap_original_location': 'chrX:+:108668319-108668504', 'remap_status': 'full_contig186', 'feature': 'CDS', 'feature_coordinates': 'chrX:107911549-107911734', 'probegroup': 'COL4A5', 'offset_coordinates': 'chrX:107911523-107911759', 'five_prime_bases': 27, 'three_prime_bases': 28, 'region_id': 'chrX:107911522-107911762'}","{'GRAPES2': None, 'CNVKIT': None, 'DECON': '2.65', 'GATK_GCNV': None}",False,2.65,,,,,0.8457234544244999,False
137717588,137717800,chr9,DEL,RB38156,1,1,1,0,1,57.74647887323944,1.0,212,"{'ID': 'CDS:ENST00000371817.8', 'Parent': 'ENST00000371817.8', 'gene_id': 'ENSG00000130635.16_1', 'transcript_id': 'ENST00000371817.8_1', 'gene_type': 'protein_coding', 'gene_name': 'COL5A1', 'transcript_type': 'protein_coding', 'transcript_name': 'COL5A1-201', 'exon_number': '63', 'exon_id': 'ENSE00003486546.1', 'level': '2', 'protein_id': 'ENSP00000360882.3', 'transcript_support_level': '1', 'hgnc_id': 'HGNC:2209', 'tag': 'basic,Ensembl_canonical,MANE_Select,appris_principal_3,CCDS', 'ccdsid': 'CCDS6982.1', 'havana_gene': 'OTTHUMG00000020891.5_1', 'havana_transcript': 'OTTHUMT00000054954.4_1', 'remap_original_location': 'chr9:+:134825792-134825904', 'remap_status': 'full_contig113', 'feature': 'CDS', 'feature_coordinates': 'chr9:137717638-137717750', 'probegroup': 'COL5A1', 'offset_coordinates': 'chr9:137717612-137717775', 'five_prime_bases': 77, 'three_prime_bases': 75, 'region_id': 'chr9:137717561-137717825'}","{'GRAPES2': '0.751', 'CNVKIT': None, 'DECON': '23.9', 'GATK_GCNV': '427.15'}",True,23.9,427.15,,0.751,in_silico,0.904066060135293,False
119158512,119170541,chr11,DUP,RB38156,5,1,1,0,1,42.40232751454697,0.17310634632653063,12029,"{'ID': 'CDS:ENST00000264033.6', 'Parent': 'ENST00000264033.6', 'gene_id': 'ENSG00000110395.7_1', 'transcript_id': 'ENST00000264033.6_1', 'gene_type': 'protein_coding', 'gene_name': 'CBL', 'transcript_type': 'protein_coding', 'transcript_name': 'CBL-201', 'exon_number': '12', 'exon_id': 'ENSE00000796211.1', 'level': '2', 'protein_id': 'ENSP00000264033.3', 'transcript_support_level': '1', 'hgnc_id': 'HGNC:1541', 'tag': 'basic,Ensembl_canonical,MANE_Select,appris_principal_2,CCDS', 'ccdsid': 'CCDS8418.1', 'havana_gene': 'OTTHUMG00000166170.7_1', 'havana_transcript': 'OTTHUMT00000388219.6_1', 'remap_original_location': 'chr11:+:119287852-119287946', 'remap_status': 'full_contig95', 'feature': 'CDS', 'feature_coordinates': 'chr11:119158562-119158656', 'probegroup': 'CBL', 'offset_coordinates': 'chr11:119158536-119158681', 'five_prime_bases': 86, 'three_prime_bases': 84, 'region_id': 'chr11:119158476-119158740'}","{'GRAPES2': '1.0', 'CNVKIT': None, 'DECON': '109', 'GATK_GCNV': '598.15'}",True,109,598.15,,1.0,in_silico,0.904066060135293,False
76425480,76438111,chr14,DEL,RB38156,6,1,1,0,1,47.625079164027866,0.6485713999999999,12631,"{'ID': 'CDS:ENST00000238682.8', 'Parent': 'ENST00000238682.8', 'gene_id': 'ENSG00000119699.8_1', 'transcript_id': 'ENST00000238682.8_1', 'gene_type': 'protein_coding', 'gene_name': 'TGFB3', 'transcript_type': 'protein_coding', 'transcript_name': 'TGFB3-201', 'exon_number': '7', 'exon_id': 'ENSE00002526160.2', 'level': '2', 'protein_id': 'ENSP00000238682.3', 'transcript_support_level': '1', 'hgnc_id': 'HGNC:11769', 'tag': 'CAGE_supported_TSS,basic,Ensembl_canonical,MANE_Select,appris_principal_1,CCDS', 'ccdsid': 'CCDS9846.1', 'havana_gene': 'OTTHUMG00000171489.1_1', 'havana_transcript': 'OTTHUMT00000413685.1_1', 'remap_original_location': 'chr14:-:75959187-75959345', 'remap_status': 'full_contig159', 'feature': 'CDS', 'feature_coordinates': 'chr14:76425530-76425688', 'probegroup': 'TGFB3', 'offset_coordinates': 'chr14:76425504-76425713', 'five_prime_bases': 78, 'three_prime_bases': 76, 'region_id': 'chr14:76425452-76425764'}","{'GRAPES2': '1.0', 'CNVKIT': None, 'DECON': '136', 'GATK_GCNV': '2985.77'}",True,136,2985.77,,1.0,in_silico,0.904066060135293,False
31198437,31198648,chrX,DUP,RB38156,1,1,1,0,1,40.56603773584906,1.0,211,"{'ID': 'CDS:ENST00000357033.9', 'Parent': 'ENST00000357033.9', 'gene_id': 'ENSG00000198947.18_1', 'transcript_id': 'ENST00000357033.9_1', 'gene_type': 'protein_coding', 'gene_name': 'DMD', 'transcript_type': 'protein_coding', 'transcript_name': 'DMD-203', 'exon_number': '69', 'exon_id': 'ENSE00003569118.1', 'level': '2', 'protein_id': 'ENSP00000354923.3', 'transcript_support_level': '1', 'hgnc_id': 'HGNC:2928', 'tag': 'basic,Ensembl_canonical,MANE_Select,appris_principal_3,CCDS', 'ccdsid': 'CCDS14233.1', 'havana_gene': 'OTTHUMG00000021336.7_1', 'havana_transcript': 'OTTHUMT00000056182.2_1', 'remap_original_location': 'chrX:-:31180370-31180481', 'remap_status': 'full_contig112', 'feature': 'CDS', 'feature_coordinates': 'chrX:31198487-31198598', 'probegroup': 'DMD', 'offset_coordinates': 'chrX:31198461-31198623', 'five_prime_bases': 77, 'three_prime_bases': 76, 'region_id': 'chrX:31198410-31198674'}","{'GRAPES2': '0.956', 'CNVKIT': None, 'DECON': '19.5', 'GATK_GCNV': '12.22'}",True,19.5,12.22,,0.956,in_silico,0.904066060135293,False
179523170,179523546,chr2,DEL,RB38156,2,1,0,0,0,44.827586206896555,0.333333,376,"{'ID': 'CDS:ENST00000589042.5', 'Parent': 'ENST00000589042.5', 'gene_id': 'ENSG00000155657.29_1', 'transcript_id': 'ENST00000589042.5_1', 'gene_type': 'protein_coding', 'gene_name': 'TTN', 'transcript_type': 'protein_coding', 'transcript_name': 'TTN-214', 'exon_number': '184', 'exon_id': 'ENSE00002940926.1', 'level': '1', 'protein_id': 'ENSP00000467141.1', 'transcript_support_level': '5', 'hgnc_id': 'HGNC:12403', 'tag': 'inferred_exon_combination,non_submitted_evidence,basic,Ensembl_canonical,MANE_Select,appris_principal_1,exp_conf,CCDS', 'ccdsid': 'CCDS59435.1', 'havana_gene': 'OTTHUMG00000154448.23_1', 'havana_transcript': 'OTTHUMT00000450680.3_1', 'remap_original_location': 'chr2:-:178658468-178658551', 'remap_status': 'full_contig84', 'feature': 'CDS', 'feature_coordinates': 'chr2:179523195-179523278', 'probegroup': 'TTN', 'offset_coordinates': 'chr2:179523169-179523303', 'five_prime_bases': 1049, 'three_prime_bases': 782, 'region_id': 'chr2:179522146-179524060'}","{'GRAPES2': None, 'CNVKIT': None, 'DECON': '9.35', 'GATK_GCNV': None}",False,9.35,,,,,0.904066060135293,False
179527235,179528101,chr2,DUP,RB38156,4,1,0,0,0,40.253748558246826,0.38888866666666666,866,"{'ID': 'CDS:ENST00000589042.5', 'Parent': 'ENST00000589042.5', 'gene_id': 'ENSG00000155657.29_1', 'transcript_id': 'ENST00000589042.5_1', 'gene_type': 'protein_coding', 'gene_name': 'TTN', 'transcript_type': 'protein_coding', 'transcript_name': 'TTN-214', 'exon_number': '176', 'exon_id': 'ENSE00002761458.1', 'level': '1', 'protein_id': 'ENSP00000467141.1', 'transcript_support_level': '5', 'hgnc_id': 'HGNC:12403', 'tag': 'inferred_exon_combination,non_submitted_evidence,basic,Ensembl_canonical,MANE_Select,appris_principal_1,exp_conf,CCDS', 'ccdsid': 'CCDS59435.1', 'havana_gene': 'OTTHUMG00000154448.23_1', 'havana_transcript': 'OTTHUMT00000450680.3_1', 'remap_original_location': 'chr2:-:178662533-178662616', 'remap_status': 'full_contig84', 'feature': 'CDS', 'feature_coordinates': 'chr2:179527260-179527343', 'probegroup': 'TTN', 'offset_coordinates': 'chr2:179527234-179527368', 'five_prime_bases': 853, 'three_prime_bases': 1560, 'region_id': 'chr2:179526407-179528903'}","{'GRAPES2': None, 'CNVKIT': None, 'DECON': '10.9', 'GATK_GCNV': None}",False,10.9,,,,,0.904066060135293,False
141326495,141326627,chr3,DUP,RB38156,1,1,0,0,0,27.06766917293233,1.0,132,"{'ID': 'CDS:ENST00000286364.9', 'Parent': 'ENST00000286364.9', 'gene_id': 'ENSG00000155903.14_1', 'transcript_id': 'ENST00000286364.9_1', 'gene_type': 'protein_coding', 'gene_name': 'RASA2', 'transcript_type': 'protein_coding', 'transcript_name': 'RASA2-201', 'exon_number': '20', 'exon_id': 'ENSE00003619180.1', 'level': '2', 'protein_id': 'ENSP00000286364.3', 'transcript_support_level': '1', 'hgnc_id': 'HGNC:9872', 'tag': 'basic,Ensembl_canonical,MANE_Select,appris_principal_1,CCDS', 'ccdsid': 'CCDS3117.1', 'havana_gene': 'OTTHUMG00000160221.5_1', 'havana_transcript': 'OTTHUMT00000359711.4_1', 'remap_original_location': 'chr3:+:141607678-141607760', 'remap_status': 'full_contig83', 'feature': 'CDS', 'feature_coordinates': 'chr3:141326520-141326602', 'probegroup': 'RASA2', 'offset_coordinates': 'chr3:141326494-141326627', 'five_prime_bases': 99, 'three_prime_bases': 83, 'region_id': 'chr3:141326421-141326685'}","{'GRAPES2': None, 'CNVKIT': None, 'DECON': '3.03', 'GATK_GCNV': None}",False,3.03,,,,,0.904066060135293,False
21112112,21112254,chr10,DUP,RB38156,1,1,0,0,0,30.76923076923077,1.0,142,"{'ID': 'CDS:ENST00000377122.9', 'Parent': 'ENST00000377122.9', 'gene_id': 'ENSG00000078114.19_1', 'transcript_id': 'ENST00000377122.9_1', 'gene_type': 'protein_coding', 'gene_name': 'NEBL', 'transcript_type': 'protein_coding', 'transcript_name': 'NEBL-202', 'exon_number': '19', 'exon_id': 'ENSE00003571725.1', 'level': '2', 'protein_id': 'ENSP00000366326.4', 'transcript_support_level': '1', 'hgnc_id': 'HGNC:16932', 'tag': 'basic,Ensembl_canonical,MANE_Select,CCDS', 'ccdsid': 'CCDS7134.1', 'havana_gene': 'OTTHUMG00000017786.5_1', 'havana_transcript': 'OTTHUMT00000047113.1_1', 'remap_original_location': 'chr10:-:20823208-20823300', 'remap_status': 'full_contig93', 'feature': 'CDS', 'feature_coordinates': 'chr10:21112137-21112229', 'probegroup': 'NEBL', 'offset_coordinates': 'chr10:21112111-21112254', 'five_prime_bases': 75, 'three_prime_bases': 73, 'region_id': 'chr10:21112062-21112302'}","{'GRAPES2': None, 'CNVKIT': None, 'DECON': '3.27', 'GATK_GCNV': None}",False,3.27,,,,,0.904066060135293,False
179517135,179518098,chr2,DEL,RB38141,5,0,1,0,0,39.211618257261414,0.6666665,963,"{'ID': 'CDS:ENST00000589042.5', 'Parent': 'ENST00000589042.5', 'gene_id': 'ENSG00000155657.29_1', 'transcript_id': 'ENST00000589042.5_1', 'gene_type': 'protein_coding', 'gene_name': 'TTN', 'transcript_type': 'protein_coding', 'transcript_name': 'TTN-214', 'exon_number': '202', 'exon_id': 'ENSE00003806373.1', 'level': '1', 'protein_id': 'ENSP00000467141.1', 'transcript_support_level': '5', 'hgnc_id': 'HGNC:12403', 'tag': 'inferred_exon_combination,non_submitted_evidence,basic,Ensembl_canonical,MANE_Select,appris_principal_1,exp_conf,CCDS', 'ccdsid': 'CCDS59435.1', 'havana_gene': 'OTTHUMG00000154448.23_1', 'havana_transcript': 'OTTHUMT00000450680.3_1', 'remap_original_location': 'chr2:-:178652458-178652541', 'remap_status': 'full_contig84', 'feature': 'CDS', 'feature_coordinates': 'chr2:179517185-179517268', 'probegroup': 'TTN', 'offset_coordinates': 'chr2:179517159-179517293', 'five_prime_bases': 1297, 'three_prime_bases': 2532, 'region_id': 'chr2:179515888-179519800'}","{'GRAPES2': None, 'CNVKIT': None, 'DECON': None, 'GATK_GCNV': '59.52'}",False,,59.52,,,,0.8491336062339192,False
72766931,72767405,chr15,DEL,RB38141,1,0,1,0,0,72.21052631578947,1.0,474,"{'ID': 'CDS:ENST00000379887.9', 'Parent': 'ENST00000379887.9', 'gene_id': 'ENSG00000166233.15_1', 'transcript_id': 'ENST00000379887.9_1', 'gene_type': 'protein_coding', 'gene_name': 'ARIH1', 'transcript_type': 'protein_coding', 'transcript_name': 'ARIH1-201', 'exon_number': '1', 'exon_id': 'ENSE00001179017.6', 'level': '2', 'protein_id': 'ENSP00000369217.4', 'transcript_support_level': '1', 'hgnc_id': 'HGNC:689', 'tag': 'RNA_Seq_supported_partial,basic,Ensembl_canonical,MANE_Select,appris_principal_1,CCDS', 'ccdsid': 'CCDS10244.1', 'havana_gene': 'OTTHUMG00000133474.5_1', 'havana_transcript': 'OTTHUMT00000257350.3_1', 'remap_original_location': 'chr15:+:72474640-72475014', 'remap_status': 'full_contig375', 'feature': 'CDS', 'feature_coordinates': 'chr15:72766981-72767355', 'probegroup': 'ARIH1', 'offset_coordinates': 'chr15:72766955-72767380', 'five_prime_bases': 30, 'three_prime_bases': 28, 'region_id': 'chr15:72766951-72767383'}","{'GRAPES2': None, 'CNVKIT': None, 'DECON': None, 'GATK_GCNV': '8.25'}",False,,8.25,,,,0.8491336062339192,False
31195999,31222285,chrX,DEL,RB38141,5,1,1,0,1,39.60893217179595,0.12671457829655175,26286,"{'ID': 'CDS:ENST00000357033.9', 'Parent': 'ENST00000357033.9', 'gene_id': 'ENSG00000198947.18_1', 'transcript_id': 'ENST00000357033.9_1', 'gene_type': 'protein_coding', 'gene_name': 'DMD', 'transcript_type': 'protein_coding', 'transcript_name': 'DMD-203', 'exon_number': '71', 'exon_id': 'ENSE00001158912.1', 'level': '2', 'protein_id': 'ENSP00000354923.3', 'transcript_support_level': '1', 'hgnc_id': 'HGNC:2928', 'tag': 'basic,Ensembl_canonical,MANE_Select,appris_principal_3,CCDS', 'ccdsid': 'CCDS14233.1', 'havana_gene': 'OTTHUMG00000021336.7_1', 'havana_transcript': 'OTTHUMT00000056182.2_1', 'remap_original_location': 'chrX:-:31177932-31177970', 'remap_status': 'full_contig39', 'feature': 'CDS', 'feature_coordinates': 'chrX:31196049-31196087', 'probegroup': 'DMD', 'offset_coordinates': 'chrX:31196023-31196112', 'five_prime_bases': 78, 'three_prime_bases': 76, 'region_id': 'chrX:31195971-31196163'}","{'GRAPES2': '0.964', 'CNVKIT': None, 'DECON': '31.3', 'GATK_GCNV': '391.86'}",True,31.3,391.86,,0.964,in_silico,0.8491336062339192,False
179561823,179561920,chr2,DEL,RB38141,1,1,0,0,0,30.612244897959183,1.0,97,"{'ID': 'CDS:ENST00000589042.5', 'Parent': 'ENST00000589042.5', 'gene_id': 'ENSG00000155657.29_1', 'transcript_id': 'ENST00000589042.5_1', 'gene_type': 'protein_coding', 'gene_name': 'TTN', 'transcript_type': 'protein_coding', 'transcript_name': 'TTN-214', 'exon_number': '113', 'exon_id': 'ENSE00003810688.1', 'level': '1', 'protein_id': 'ENSP00000467141.1', 'transcript_support_level': '5', 'hgnc_id': 'HGNC:12403', 'tag': 'inferred_exon_combination,non_submitted_evidence,basic,Ensembl_canonical,MANE_Select,appris_principal_1,exp_conf,CCDS', 'ccdsid': 'CCDS59435.1', 'havana_gene': 'OTTHUMG00000154448.23_1', 'havana_transcript': 'OTTHUMT00000450680.3_1', 'remap_original_location': 'chr2:-:178697121-178697168', 'remap_status': 'full_contig48', 'feature': 'CDS', 'feature_coordinates': 'chr2:179561848-179561895', 'probegroup': 'TTN', 'offset_coordinates': 'chr2:179561822-179561920', 'five_prime_bases': 85, 'three_prime_bases': 84, 'region_id': 'chr2:179561763-179561979'}","{'GRAPES2': None, 'CNVKIT': None, 'DECON': '3.95', 'GATK_GCNV': None}",False,3.95,,,,,0.8491336062339192,False
113970859,114095698,chr4,DUP,RB38141,2,1,0,0,1,36.12544056392182,0.4619850314754097,124839,"{'ID': 'CDS:ENST00000357077.9', 'Parent': 'ENST00000357077.9', 'gene_id': 'ENSG00000145362.21_1', 'transcript_id': 'ENST00000357077.9_1', 'gene_type': 'protein_coding', 'gene_name': 'ANK2', 'transcript_type': 'protein_coding', 'transcript_name': 'ANK2-202', 'exon_number': '1', 'exon_id': 'ENSE00003841240.1', 'level': '2', 'protein_id': 'ENSP00000349588.4', 'transcript_support_level': '1', 'hgnc_id': 'HGNC:493', 'tag': 'basic,Ensembl_canonical,MANE_Select,appris_principal_2,CCDS', 'ccdsid': 'CCDS3702.1', 'havana_gene': 'OTTHUMG00000132912.13_1', 'havana_transcript': 'OTTHUMT00000256422.5_1', 'remap_original_location': 'chr4:+:113049729-113049812', 'remap_status': 'full_contig84', 'feature': 'CDS', 'feature_coordinates': 'chr4:113970885-113970968', 'probegroup': 'ANK2', 'offset_coordinates': 'chr4:113970859-113970993', 'five_prime_bases': 79, 'three_prime_bases': 78, 'region_id': 'chr4:113970806-113971046'}","{'GRAPES2': '1.0', 'CNVKIT': None, 'DECON': '22.4', 'GATK_GCNV': None}",True,22.4,,,1.0,in_silico,0.8491336062339192,False
186444491,186446350,chr4,DEL,RB38141,2,1,0,0,0,43.44086021505376,0.7777776666666667,1859,"{'ID': 'CDS:ENST00000284767.12', 'Parent': 'ENST00000284767.12', 'gene_id': 'ENSG00000154553.16_1', 'transcript_id': 'ENST00000284767.12_1', 'gene_type': 'protein_coding', 'gene_name': 'PDLIM3', 'transcript_type': 'protein_coding', 'transcript_name': 'PDLIM3-201', 'exon_number': '3', 'exon_id': 'ENSE00003620762.1', 'level': '2', 'protein_id': 'ENSP00000284767.8', 'transcript_support_level': '5', 'hgnc_id': 'HGNC:20767', 'tag': 'basic,Ensembl_canonical,MANE_Select,appris_principal_3,CCDS', 'ccdsid': 'CCDS3844.1', 'havana_gene': 'OTTHUMG00000160412.8_1', 'havana_transcript': 'OTTHUMT00000360499.4_1', 'remap_original_location': 'chr4:-:185523362-185523446', 'remap_status': 'full_contig85', 'feature': 'CDS', 'feature_coordinates': 'chr4:186444516-186444600', 'probegroup': 'PDLIM3', 'offset_coordinates': 'chr4:186444490-186444625', 'five_prime_bases': 79, 'three_prime_bases': 77, 'region_id': 'chr4:186444437-186444677'}","{'GRAPES2': None, 'CNVKIT': None, 'DECON': '5.19', 'GATK_GCNV': None}",False,5.19,,,,,0.8491336062339192,False
75804798,75804920,chr6,DUP,RB38141,1,1,0,0,1,56.09756097560976,1.0,122,"{'ID': 'CDS:ENST00000322507.13', 'Parent': 'ENST00000322507.13', 'gene_id': 'ENSG00000111799.22_1', 'transcript_id': 'ENST00000322507.13_1', 'gene_type': 'protein_coding', 'gene_name': 'COL12A1', 'transcript_type': 'protein_coding', 'transcript_name': 'COL12A1-201', 'exon_number': '60', 'exon_id': 'ENSE00003538754.1', 'level': '2', 'protein_id': 'ENSP00000325146.8', 'transcript_support_level': '1', 'hgnc_id': 'HGNC:2188', 'tag': 'basic,Ensembl_canonical,MANE_Select,appris_principal_2,CCDS', 'ccdsid': 'CCDS43482.1', 'havana_gene': 'OTTHUMG00000015051.8_1', 'havana_transcript': 'OTTHUMT00000041249.4_1', 'remap_original_location': 'chr6:-:75095108-75095179', 'remap_status': 'full_contig72', 'feature': 'CDS', 'feature_coordinates': 'chr6:75804824-75804895', 'probegroup': 'COL12A1', 'offset_coordinates': 'chr6:75804798-75804920', 'five_prime_bases': 85, 'three_prime_bases': 84, 'region_id': 'chr6:75804739-75804979'}","{'GRAPES2': '0.053', 'CNVKIT': None, 'DECON': '10.8', 'GATK_GCNV': None}",False,10.8,,,0.053,,0.8491336062339192,False
123703238,123703317,chr6,DEL,RB38141,1,1,0,0,0,27.500000000000004,1.0,79,"{'ID': 'CDS:ENST00000334268.9', 'Parent': 'ENST00000334268.9', 'gene_id': 'ENSG00000186439.14_1', 'transcript_id': 'ENST00000334268.9_1', 'gene_type': 'protein_coding', 'gene_name': 'TRDN', 'transcript_type': 'protein_coding', 'transcript_name': 'TRDN-201', 'exon_number': '15', 'exon_id': 'ENSE00001006431.1', 'level': '2', 'protein_id': 'ENSP00000333984.5', 'transcript_support_level': '1', 'hgnc_id': 'HGNC:12261', 'tag': 'CAGE_supported_TSS,basic,Ensembl_canonical,MANE_Select,appris_principal_3,CCDS', 'ccdsid': 'CCDS55053.1', 'havana_gene': 'OTTHUMG00000015497.4_1', 'havana_transcript': 'OTTHUMT00000042050.3_1', 'remap_original_location': 'chr6:-:123382118-123382147', 'remap_status': 'full_contig30', 'feature': 'CDS', 'feature_coordinates': 'chr6:123703263-123703292', 'probegroup': 'TRDN', 'offset_coordinates': 'chr6:123703237-123703317', 'five_prime_bases': 82, 'three_prime_bases': 81, 'region_id': 'chr6:123703181-123703373'}","{'GRAPES2': None, 'CNVKIT': None, 'DECON': '2.69', 'GATK_GCNV': None}",False,2.69,,,,,0.8491336062339192,False
123760064,123760173,chr6,DEL,RB38141,1,1,0,0,0,30.909090909090907,1.0,109,"{'ID': 'CDS:ENST00000334268.9', 'Parent': 'ENST00000334268.9', 'gene_id': 'ENSG00000186439.14_1', 'transcript_id': 'ENST00000334268.9_1', 'gene_type': 'protein_coding', 'gene_name': 'TRDN', 'transcript_type': 'protein_coding', 'transcript_name': 'TRDN-201', 'exon_number': '11', 'exon_id': 'ENSE00001006446.3', 'level': '2', 'protein_id': 'ENSP00000333984.5', 'transcript_support_level': '1', 'hgnc_id': 'HGNC:12261', 'tag': 'CAGE_supported_TSS,basic,Ensembl_canonical,MANE_Select,appris_principal_3,CCDS', 'ccdsid': 'CCDS55053.1', 'havana_gene': 'OTTHUMG00000015497.4_1', 'havana_transcript': 'OTTHUMT00000042050.3_1', 'remap_original_location': 'chr6:-:123438944-123439003', 'remap_status': 'full_contig60', 'feature': 'CDS', 'feature_coordinates': 'chr6:123760089-123760148', 'probegroup': 'TRDN', 'offset_coordinates': 'chr6:123760063-123760173', 'five_prime_bases': 79, 'three_prime_bases': 78, 'region_id': 'chr6:123760010-123760226'}","{'GRAPES2': None, 'CNVKIT': None, 'DECON': '2.87', 'GATK_GCNV': None}",False,2.87,,,,,0.8491336062339192,False
81667368,81695865,chr7,DEL,RB38141,4,1,0,0,0,35.44459260298968,0.15379969120183493,28497,"{'ID': 'CDS:ENST00000356860.8', 'Parent': 'ENST00000356860.8', 'gene_id': 'ENSG00000153956.16_1', 'transcript_id': 'ENST00000356860.8_1', 'gene_type': 'protein_coding', 'gene_name': 'CACNA2D1', 'transcript_type': 'protein_coding', 'transcript_name': 'CACNA2D1-202', 'exon_number': '11', 'exon_id': 'ENSE00003497123.1', 'level': '2', 'protein_id': 'ENSP00000349320.3', 'transcript_support_level': '1', 'hgnc_id': 'HGNC:1399', 'tag': 'basic,Ensembl_canonical,MANE_Select,CCDS', 'ccdsid': 'CCDS5598.1', 'havana_gene': 'OTTHUMG00000023622.11_1', 'havana_transcript': 'OTTHUMT00000253340.5_1', 'remap_original_location': 'chr7:-:82038077-82038235', 'remap_status': 'full_contig159', 'feature': 'CDS', 'feature_coordinates': 'chr7:81667393-81667551', 'probegroup': 'CACNA2D1', 'offset_coordinates': 'chr7:81667367-81667576', 'five_prime_bases': 78, 'three_prime_bases': 76, 'region_id': 'chr7:81667315-81667627'}","{'GRAPES2': None, 'CNVKIT': None, 'DECON': '9.31', 'GATK_GCNV': None}",False,9.31,,,,,0.8491336062339192,False
92678597,92678754,chr10,DUP,RB38141,1,1,0,0,0,39.24050632911392,1.0,157,"{'ID': 'CDS:ENST00000371697.4', 'Parent': 'ENST00000371697.4', 'gene_id': 'ENSG00000148677.7_1', 'transcript_id': 'ENST00000371697.4_1', 'gene_type': 'protein_coding', 'gene_name': 'ANKRD1', 'transcript_type': 'protein_coding', 'transcript_name': 'ANKRD1-201', 'exon_number': '4', 'exon_id': 'ENSE00000986569.1', 'level': '2', 'protein_id': 'ENSP00000360762.3', 'transcript_support_level': '1', 'hgnc_id': 'HGNC:15819', 'tag': 'CAGE_supported_TSS,basic,Ensembl_canonical,MANE_Select,appris_principal_1,CCDS', 'ccdsid': 'CCDS7412.1', 'havana_gene': 'OTTHUMG00000018734.1_1', 'havana_transcript': 'OTTHUMT00000049357.1_1', 'remap_original_location': 'chr10:-:90918865-90918972', 'remap_status': 'full_contig108', 'feature': 'CDS', 'feature_coordinates': 'chr10:92678622-92678729', 'probegroup': 'ANKRD1', 'offset_coordinates': 'chr10:92678596-92678754', 'five_prime_bases': 79, 'three_prime_bases': 371, 'region_id': 'chr10:92678543-92679100'}","{'GRAPES2': None, 'CNVKIT': None, 'DECON': '3.35', 'GATK_GCNV': None}",False,3.35,,,,,0.8491336062339192,False
52439630,52439757,chr15,DEL,RB38141,1,1,0,0,1,54.6875,1.0,127,"{'ID': 'CDS:ENST00000261837.12', 'Parent': 'ENST00000261837.12', 'gene_id': 'ENSG00000069966.19_1', 'transcript_id': 'ENST00000261837.12_1', 'gene_type': 'protein_coding', 'gene_name': 'GNB5', 'transcript_type': 'protein_coding', 'transcript_name': 'GNB5-201', 'exon_number': '6', 'exon_id': 'ENSE00000688926.1', 'level': '2', 'protein_id': 'ENSP00000261837.7', 'transcript_support_level': '5', 'hgnc_id': 'HGNC:4401', 'tag': 'basic,Ensembl_canonical,MANE_Select,appris_principal_3,CCDS', 'ccdsid': 'CCDS10149.1', 'havana_gene': 'OTTHUMG00000131892.4_1', 'havana_transcript': 'OTTHUMT00000254842.2_1', 'remap_original_location': 'chr15:-:52147459-52147535', 'remap_status': 'full_contig77', 'feature': 'CDS', 'feature_coordinates': 'chr15:52439656-52439732', 'probegroup': 'GNB5', 'offset_coordinates': 'chr15:52439630-52439757', 'five_prime_bases': 88, 'three_prime_bases': 76, 'region_id': 'chr15:52439568-52439808'}","{'GRAPES2': '0.726', 'CNVKIT': None, 'DECON': '6.84', 'GATK_GCNV': None}",False,6.84,,,0.726,,0.8491336062339192,False
2155298,2155500,chr16,DEL,RB38141,1,1,0,0,0,65.51724137931035,0.5833335,202,"{'ID': 'CDS:ENST00000262304.9', 'Parent': 'ENST00000262304.9', 'gene_id': 'ENSG00000008710.20_1', 'transcript_id': 'ENST00000262304.9_1', 'gene_type': 'protein_coding', 'gene_name': 'PKD1', 'transcript_type': 'protein_coding', 'transcript_name': 'PKD1-201', 'exon_number': '21', 'exon_id': 'ENSE00003607637.1', 'level': '2', 'protein_id': 'ENSP00000262304.4', 'transcript_support_level': '1', 'hgnc_id': 'HGNC:9008', 'tag': 'basic,Ensembl_canonical,MANE_Select,appris_principal_3,CCDS', 'ccdsid': 'CCDS32369.1', 'havana_gene': 'OTTHUMG00000155795.6_1', 'havana_transcript': 'OTTHUMT00000341688.2_1', 'remap_original_location': 'chr16:-:2105322-2105474', 'remap_status': 'full_contig153', 'feature': 'CDS', 'feature_coordinates': 'chr16:2155323-2155475', 'probegroup': 'PKD1', 'offset_coordinates': 'chr16:2155297-2155500', 'five_prime_bases': 81, 'three_prime_bases': 79, 'region_id': 'chr16:2155242-2155554'}","{'GRAPES2': None, 'CNVKIT': None, 'DECON': '8.08', 'GATK_GCNV': None}",False,8.08,,,,,0.8491336062339192,False
2156781,2156974,chr16,DEL,RB38141,1,1,0,0,0,64.43298969072166,0.277778,193,"{'ID': 'CDS:ENST00000262304.9', 'Parent': 'ENST00000262304.9', 'gene_id': 'ENSG00000008710.20_1', 'transcript_id': 'ENST00000262304.9_1', 'gene_type': 'protein_coding', 'gene_name': 'PKD1', 'transcript_type': 'protein_coding', 'transcript_name': 'PKD1-201', 'exon_number': '17', 'exon_id': 'ENSE00003647173.1', 'level': '2', 'protein_id': 'ENSP00000262304.4', 'transcript_support_level': '1', 'hgnc_id': 'HGNC:9008', 'tag': 'basic,Ensembl_canonical,MANE_Select,appris_principal_3,CCDS', 'ccdsid': 'CCDS32369.1', 'havana_gene': 'OTTHUMG00000155795.6_1', 'havana_transcript': 'OTTHUMT00000341688.2_1', 'remap_original_location': 'chr16:-:2106805-2106948', 'remap_status': 'full_contig144', 'feature': 'CDS', 'feature_coordinates': 'chr16:2156806-2156949', 'probegroup': 'PKD1', 'offset_coordinates': 'chr16:2156780-2156974', 'five_prime_bases': 1017, 'three_prime_bases': 84, 'region_id': 'chr16:2155789-2157033'}","{'GRAPES2': None, 'CNVKIT': None, 'DECON': '7.63', 'GATK_GCNV': None}",False,7.63,,,,,0.8491336062339192,False
119602936,119603049,chrX,DUP,RB38141,1,1,0,0,0,66.66666666666666,1.0,113,"{'ID': 'CDS:ENST00000200639.9', 'Parent': 'ENST00000200639.9', 'gene_id': 'ENSG00000005893.16_1', 'transcript_id': 'ENST00000200639.9_1', 'gene_type': 'protein_coding', 'gene_name': 'LAMP2', 'transcript_type': 'protein_coding', 'transcript_name': 'LAMP2-201', 'exon_number': '1', 'exon_id': 'ENSE00003896841.1', 'level': '2', 'protein_id': 'ENSP00000200639.4', 'transcript_support_level': '1', 'hgnc_id': 'HGNC:6501', 'tag': 'basic,Ensembl_canonical,MANE_Select,appris_principal_5,CCDS', 'ccdsid': 'CCDS14599.1', 'havana_gene': 'OTTHUMG00000022301.5_1', 'havana_transcript': 'OTTHUMT00000058099.2_1', 'remap_original_location': 'chrX:-:120469106-120469169', 'remap_status': 'full_contig64', 'feature': 'CDS', 'feature_coordinates': 'chrX:119602961-119603024', 'probegroup': 'LAMP2', 'offset_coordinates': 'chrX:119602935-119603049', 'five_prime_bases': 77, 'three_prime_bases': 76, 'region_id': 'chrX:119602884-119603100'}","{'GRAPES2': None, 'CNVKIT': None, 'DECON': '2.68', 'GATK_GCNV': None}",False,2.68,,,,,0.8491336062339192,False
120057656,120107405,chr4,DEL,RB38163,5,1,1,0,1,36.79396984924623,0.28116429330434795,49749,"{'ID': 'CDS:ENST00000307128.6', 'Parent': 'ENST00000307128.6', 'gene_id': 'ENSG00000172399.6_1', 'transcript_id': 'ENST00000307128.6_1', 'gene_type': 'protein_coding', 'gene_name': 'MYOZ2', 'transcript_type': 'protein_coding', 'transcript_name': 'MYOZ2-201', 'exon_number': '2', 'exon_id': 'ENSE00001205678.1', 'level': '2', 'protein_id': 'ENSP00000306997.6', 'transcript_support_level': '1', 'hgnc_id': 'HGNC:1330', 'tag': 'basic,Ensembl_canonical,MANE_Select,appris_principal_1,CCDS', 'ccdsid': 'CCDS3711.1', 'havana_gene': 'OTTHUMG00000132968.2_1', 'havana_transcript': 'OTTHUMT00000256526.2_1', 'remap_original_location': 'chr4:+:119136526-119136601', 'remap_status': 'full_contig76', 'feature': 'CDS', 'feature_coordinates': 'chr4:120057681-120057756', 'probegroup': 'MYOZ2', 'offset_coordinates': 'chr4:120057655-120057781', 'five_prime_bases': 83, 'three_prime_bases': 82, 'region_id': 'chr4:120057598-120057838'}","{'GRAPES2': '0.771', 'CNVKIT': None, 'DECON': '64.1', 'GATK_GCNV': '627.39'}",True,64.1,627.39,,0.771,in_silico,0.9179539140372727,False
48757715,48758105,chr15,DEL,RB38163,2,1,1,0,1,40.153452685421996,1.0,390,"{'ID': 'CDS:ENST00000316623.10', 'Parent': 'ENST00000316623.10', 'gene_id': 'ENSG00000166147.15_1', 'transcript_id': 'ENST00000316623.10_1', 'gene_type': 'protein_coding', 'gene_name': 'FBN1', 'transcript_type': 'protein_coding', 'transcript_name': 'FBN1-201', 'exon_number': '40', 'exon_id': 'ENSE00003600692.1', 'level': '2', 'protein_id': 'ENSP00000325527.5', 'transcript_support_level': '1', 'hgnc_id': 'HGNC:3603', 'tag': 'CAGE_supported_TSS,basic,Ensembl_canonical,MANE_Select,appris_principal_1,CCDS', 'ccdsid': 'CCDS32232.1', 'havana_gene': 'OTTHUMG00000172218.3_1', 'havana_transcript': 'OTTHUMT00000417355.3_1', 'remap_original_location': 'chr15:-:48465568-48465693', 'remap_status': 'full_contig126', 'feature': 'CDS', 'feature_coordinates': 'chr15:48757765-48757890', 'probegroup': 'FBN1', 'offset_coordinates': 'chr15:48757739-48757915', 'five_prime_bases': 82, 'three_prime_bases': 238, 'region_id': 'chr15:48757683-48758128'}","{'GRAPES2': '1.0', 'CNVKIT': None, 'DECON': '24.3', 'GATK_GCNV': '575.04'}",True,24.3,575.04,,1.0,in_silico,0.9179539140372727,False
50138783,50140437,chr19,DUP,RB38163,5,1,1,0,1,62.17522658610272,1.0,1654,"{'ID': 'CDS:ENST00000246792.4', 'Parent': 'ENST00000246792.4', 'gene_id': 'ENSG00000126458.4_1', 'transcript_id': 'ENST00000246792.4_1', 'gene_type': 'protein_coding', 'gene_name': 'RRAS', 'transcript_type': 'protein_coding', 'transcript_name': 'RRAS-201', 'exon_number': '6', 'exon_id': 'ENSE00001271700.7', 'level': '2', 'protein_id': 'ENSP00000246792.2', 'transcript_support_level': '1', 'hgnc_id': 'HGNC:10447', 'tag': 'basic,Ensembl_canonical,MANE_Select,appris_principal_1,CCDS', 'ccdsid': 'CCDS12774.1', 'havana_gene': 'OTTHUMG00000183247.2_1', 'havana_transcript': 'OTTHUMT00000465791.2_1', 'remap_original_location': 'chr19:-:49635576-49635660', 'remap_status': 'full_contig85', 'feature': 'CDS', 'feature_coordinates': 'chr19:50138833-50138917', 'probegroup': 'RRAS', 'offset_coordinates': 'chr19:50138807-50138942', 'five_prime_bases': 79, 'three_prime_bases': 276, 'region_id': 'chr19:50138754-50139193'}","{'GRAPES2': '0.999', 'CNVKIT': None, 'DECON': '90.3', 'GATK_GCNV': '384.85'}",True,90.3,384.85,,0.999,in_silico,0.9179539140372727,False
218578486,218610863,chr1,DEL,RB38163,5,1,0,0,0,41.23478905429613,0.1545721468114755,32377,"{'ID': 'CDS:ENST00000366930.9', 'Parent': 'ENST00000366930.9', 'gene_id': 'ENSG00000092969.12_1', 'transcript_id': 'ENST00000366930.9_1', 'gene_type': 'protein_coding', 'gene_name': 'TGFB2', 'transcript_type': 'protein_coding', 'transcript_name': 'TGFB2-202', 'exon_number': '2', 'exon_id': 'ENSE00003505024.1', 'level': '2', 'protein_id': 'ENSP00000355897.4', 'transcript_support_level': '1', 'hgnc_id': 'HGNC:11768', 'tag': 'basic,Ensembl_canonical,MANE_Select,appris_principal_1,CCDS', 'ccdsid': 'CCDS1521.1', 'havana_gene': 'OTTHUMG00000039521.3_1', 'havana_transcript': 'OTTHUMT00000095359.3_1', 'remap_original_location': 'chr1:+:218405169-218405332', 'remap_status': 'full_contig164', 'feature': 'CDS', 'feature_coordinates': 'chr1:218578511-218578674', 'probegroup': 'TGFB2', 'offset_coordinates': 'chr1:218578485-218578699', 'five_prime_bases': 76, 'three_prime_bases': 73, 'region_id': 'chr1:218578435-218578747'}","{'GRAPES2': None, 'CNVKIT': None, 'DECON': '15.5', 'GATK_GCNV': None}",False,15.5,,,,,0.9179539140372727,False
179518519,179519747,chr2,DEL,RB38163,6,1,0,0,0,40.2766476810415,0.4833332,1228,"{'ID': 'CDS:ENST00000589042.5', 'Parent': 'ENST00000589042.5', 'gene_id': 'ENSG00000155657.29_1', 'transcript_id': 'ENST00000589042.5_1', 'gene_type': 'protein_coding', 'gene_name': 'TTN', 'transcript_type': 'protein_coding', 'transcript_name': 'TTN-214', 'exon_number': '195', 'exon_id': 'ENSE00002771288.1', 'level': '1', 'protein_id': 'ENSP00000467141.1', 'transcript_support_level': '5', 'hgnc_id': 'HGNC:12403', 'tag': 'inferred_exon_combination,non_submitted_evidence,basic,Ensembl_canonical,MANE_Select,appris_principal_1,exp_conf,CCDS', 'ccdsid': 'CCDS59435.1', 'havana_gene': 'OTTHUMG00000154448.23_1', 'havana_transcript': 'OTTHUMT00000450680.3_1', 'remap_original_location': 'chr2:-:178653817-178653897', 'remap_status': 'full_contig81', 'feature': 'CDS', 'feature_coordinates': 'chr2:179518544-179518624', 'probegroup': 'TTN', 'offset_coordinates': 'chr2:179518518-179518649', 'five_prime_bases': 2656, 'three_prime_bases': 1176, 'region_id': 'chr2:179515888-179519800'}","{'GRAPES2': None, 'CNVKIT': None, 'DECON': '67.4', 'GATK_GCNV': None}",False,67.4,,,,,0.9179539140372727,False
141326495,141326627,chr3,DEL,RB38163,1,1,0,0,0,27.06766917293233,1.0,132,"{'ID': 'CDS:ENST00000286364.9', 'Parent': 'ENST00000286364.9', 'gene_id': 'ENSG00000155903.14_1', 'transcript_id': 'ENST00000286364.9_1', 'gene_type': 'protein_coding', 'gene_name': 'RASA2', 'transcript_type': 'protein_coding', 'transcript_name': 'RASA2-201', 'exon_number': '20', 'exon_id': 'ENSE00003619180.1', 'level': '2', 'protein_id': 'ENSP00000286364.3', 'transcript_support_level': '1', 'hgnc_id': 'HGNC:9872', 'tag': 'basic,Ensembl_canonical,MANE_Select,appris_principal_1,CCDS', 'ccdsid': 'CCDS3117.1', 'havana_gene': 'OTTHUMG00000160221.5_1', 'havana_transcript': 'OTTHUMT00000359711.4_1', 'remap_original_location': 'chr3:+:141607678-141607760', 'remap_status': 'full_contig83', 'feature': 'CDS', 'feature_coordinates': 'chr3:141326520-141326602', 'probegroup': 'RASA2', 'offset_coordinates': 'chr3:141326494-141326627', 'five_prime_bases': 99, 'three_prime_bases': 83, 'region_id': 'chr3:141326421-141326685'}","{'GRAPES2': None, 'CNVKIT': None, 'DECON': '3.1', 'GATK_GCNV': None}",False,3.1,,,,,0.9179539140372727,False
189584446,189584611,chr3,DEL,RB38163,1,1,0,0,0,45.78313253012048,1.0,165,"{'ID': 'CDS:ENST00000264731.8', 'Parent': 'ENST00000264731.8', 'gene_id': 'ENSG00000073282.14_1', 'transcript_id': 'ENST00000264731.8_1', 'gene_type': 'protein_coding', 'gene_name': 'TP63', 'transcript_type': 'protein_coding', 'transcript_name': 'TP63-201', 'exon_number': '6', 'exon_id': 'ENSE00003476123.1', 'level': '2', 'protein_id': 'ENSP00000264731.3', 'transcript_support_level': '1', 'hgnc_id': 'HGNC:15979', 'tag': 'basic,Ensembl_canonical,MANE_Select,appris_principal_3,CCDS', 'ccdsid': 'CCDS3293.1', 'havana_gene': 'OTTHUMG00000156313.3_1', 'havana_transcript': 'OTTHUMT00000343865.2_1', 'remap_original_location': 'chr3:+:189866682-189866797', 'remap_status': 'full_contig116', 'feature': 'CDS', 'feature_coordinates': 'chr3:189584471-189584586', 'probegroup': 'TP63', 'offset_coordinates': 'chr3:189584445-189584611', 'five_prime_bases': 75, 'three_prime_bases': 74, 'region_id': 'chr3:189584396-189584660'}","{'GRAPES2': None, 'CNVKIT': None, 'DECON': '6.42', 'GATK_GCNV': None}",False,6.42,,,,,0.9179539140372727,False
86679505,86679622,chr5,DEL,RB38163,1,1,0,0,0,37.28813559322034,1.0,117,"{'ID': 'CDS:ENST00000274376.11', 'Parent': 'ENST00000274376.11', 'gene_id': 'ENSG00000145715.15_1', 'transcript_id': 'ENST00000274376.11_1', 'gene_type': 'protein_coding', 'gene_name': 'RASA1', 'transcript_type': 'protein_coding', 'transcript_name': 'RASA1-201', 'exon_number': '21', 'exon_id': 'ENSE00003505177.1', 'level': '2', 'protein_id': 'ENSP00000274376.6', 'transcript_support_level': '1', 'hgnc_id': 'HGNC:9871', 'tag': 'basic,Ensembl_canonical,MANE_Select,appris_principal_3,CCDS', 'ccdsid': 'CCDS34200.1', 'havana_gene': 'OTTHUMG00000162605.3_1', 'havana_transcript': 'OTTHUMT00000369729.2_1', 'remap_original_location': 'chr5:+:87383713-87383780', 'remap_status': 'full_contig68', 'feature': 'CDS', 'feature_coordinates': 'chr5:86679530-86679597', 'probegroup': 'RASA1', 'offset_coordinates': 'chr5:86679504-86679622', 'five_prime_bases': 75, 'three_prime_bases': 74, 'region_id': 'chr5:86679455-86679671'}","{'GRAPES2': None, 'CNVKIT': None, 'DECON': '2.7', 'GATK_GCNV': None}",False,2.7,,,,,0.9179539140372727,False
116747712,116758533,chr6,DUP,RB38163,4,1,0,0,0,38.06135649602661,0.22797823103773582,10821,"{'ID': 'CDS:ENST00000644252.3', 'Parent': 'ENST00000644252.3', 'gene_id': 'ENSG00000111817.19_1', 'transcript_id': 'ENST00000644252.3_1', 'gene_type': 'protein_coding', 'gene_name': 'DSE', 'transcript_type': 'protein_coding', 'transcript_name': 'DSE-213', 'exon_number': '3', 'exon_id': 'ENSE00000762626.1', 'level': '2', 'protein_id': 'ENSP00000494147.2', 'hgnc_id': 'HGNC:21144', 'tag': 'basic,Ensembl_canonical,MANE_Select,appris_principal_1,CCDS', 'ccdsid': 'CCDS5107.1', 'havana_gene': 'OTTHUMG00000015434.16_1', 'havana_transcript': 'OTTHUMT00000497107.2_1', 'remap_original_location': 'chr6:+:116426574-116426827', 'remap_status': 'full_contig254', 'feature': 'CDS', 'feature_coordinates': 'chr6:116747737-116747990', 'probegroup': 'DSE', 'offset_coordinates': 'chr6:116747711-116748015', 'five_prime_bases': 30, 'three_prime_bases': 29, 'region_id': 'chr6:116747707-116748019'}","{'GRAPES2': None, 'CNVKIT': None, 'DECON': '18.3', 'GATK_GCNV': None}",False,18.3,,,,,0.9179539140372727,False
2152037,2152282,chr16,DEL,RB38163,1,1,0,0,0,65.4471544715447,0.2166668,245,"{'ID': 'CDS:ENST00000262304.9', 'Parent': 'ENST00000262304.9', 'gene_id': 'ENSG00000008710.20_1', 'transcript_id': 'ENST00000262304.9_1', 'gene_type': 'protein_coding', 'gene_name': 'PKD1', 'transcript_type': 'protein_coding', 'transcript_name': 'PKD1-201', 'exon_number': '26', 'exon_id': 'ENSE00003665951.1', 'level': '2', 'protein_id': 'ENSP00000262304.4', 'transcript_support_level': '1', 'hgnc_id': 'HGNC:9008', 'tag': 'basic,Ensembl_canonical,MANE_Select,appris_principal_3,CCDS', 'ccdsid': 'CCDS32369.1', 'havana_gene': 'OTTHUMG00000155795.6_1', 'havana_transcript': 'OTTHUMT00000341688.2_1', 'remap_original_location': 'chr16:-:2102061-2102256', 'remap_status': 'full_contig196', 'feature': 'CDS', 'feature_coordinates': 'chr16:2152062-2152257', 'probegroup': 'PKD1', 'offset_coordinates': 'chr16:2152036-2152282', 'five_prime_bases': 35, 'three_prime_bases': 791, 'region_id': 'chr16:2152027-2153048'}","{'GRAPES2': None, 'CNVKIT': None, 'DECON': '2.98', 'GATK_GCNV': None}",False,2.98,,,,,0.9179539140372727,False
105989966,106003023,chr2,DUP,RB38639,2,1,1,0,1,46.49257160361464,0.3462120735294117,13057,"{'ID': 'CDS:ENST00000530340.6', 'Parent': 'ENST00000530340.6', 'gene_id': 'ENSG00000115641.19_1', 'transcript_id': 'ENST00000530340.6_1', 'gene_type': 'protein_coding', 'gene_name': 'FHL2', 'transcript_type': 'protein_coding', 'transcript_name': 'FHL2-211', 'exon_number': '4', 'exon_id': 'ENSE00003473004.1', 'level': '2', 'protein_id': 'ENSP00000433567.2', 'transcript_support_level': '1', 'hgnc_id': 'HGNC:3703', 'tag': 'alternative_5_UTR,CAGE_supported_TSS,upstream_ATG,basic,Ensembl_canonical,MANE_Select,appris_principal_1,CCDS', 'ccdsid': 'CCDS2070.1', 'havana_gene': 'OTTHUMG00000153120.6_1', 'havana_transcript': 'OTTHUMT00000329655.3_1', 'remap_original_location': 'chr2:-:105373559-105373733', 'remap_status': 'full_contig175', 'feature': 'CDS', 'feature_coordinates': 'chr2:105990016-105990190', 'probegroup': 'FHL2', 'offset_coordinates': 'chr2:105989990-105990215', 'five_prime_bases': 34, 'three_prime_bases': 32, 'region_id': 'chr2:105989982-105990222'}","{'GRAPES2': '0.993', 'CNVKIT': None, 'DECON': '33.9', 'GATK_GCNV': '15.77'}",True,33.9,15.77,,0.993,in_silico,0.8218285462607776,False
32443880,32464759,chr18,DEL,RB38639,6,1,1,0,1,39.808429118773944,0.09419912919626167,20879,"{'ID': 'CDS:ENST00000444659.6', 'Parent': 'ENST00000444659.6', 'gene_id': 'ENSG00000134769.23_1', 'transcript_id': 'ENST00000444659.6_1', 'gene_type': 'protein_coding', 'gene_name': 'DTNA', 'transcript_type': 'protein_coding', 'transcript_name': 'DTNA-207', 'exon_number': '17', 'exon_id': 'ENSE00002858198.1', 'level': '2', 'protein_id': 'ENSP00000405819.2', 'transcript_support_level': '5', 'hgnc_id': 'HGNC:3057', 'tag': 'RNA_Seq_supported_only,basic,Ensembl_canonical,MANE_Select', 'havana_gene': 'OTTHUMG00000132309.6_1', 'remap_original_location': 'chr18:+:34863966-34864062', 'remap_status': 'full_contig97', 'feature': 'CDS', 'feature_coordinates': 'chr18:32443930-32444026', 'probegroup': 'DTNA', 'offset_coordinates': 'chr18:32443904-32444051', 'five_prime_bases': 85, 'three_prime_bases': 83, 'region_id': 'chr18:32443845-32444109'}","{'GRAPES2': '0.999', 'CNVKIT': None, 'DECON': '81.4', 'GATK_GCNV': '511.05'}",True,81.4,511.05,,0.999,in_silico,0.8218285462607776,False
39239242,39239514,chr2,DUP,RB38639,1,1,0,0,0,35.53113553113553,1.0,272,"{'ID': 'CDS:ENST00000402219.8', 'Parent': 'ENST00000402219.8', 'gene_id': 'ENSG00000115904.15_1', 'transcript_id': 'ENST00000402219.8_1', 'gene_type': 'protein_coding', 'gene_name': 'SOS1', 'transcript_type': 'protein_coding', 'transcript_name': 'SOS1-202', 'exon_number': '14', 'exon_id': 'ENSE00000748074.1', 'level': '2', 'protein_id': 'ENSP00000384675.2', 'transcript_support_level': '1', 'hgnc_id': 'HGNC:11187', 'tag': 'basic,Ensembl_canonical,MANE_Select,appris_principal_2,CCDS', 'ccdsid': 'CCDS1802.1', 'havana_gene': 'OTTHUMG00000102109.6_1', 'havana_transcript': 'OTTHUMT00000219948.4_1', 'remap_original_location': 'chr2:-:39012126-39012348', 'remap_status': 'full_contig223', 'feature': 'CDS', 'feature_coordinates': 'chr2:39239267-39239489', 'probegroup': 'SOS1', 'offset_coordinates': 'chr2:39239241-39239514', 'five_prime_bases': 34, 'three_prime_bases': 32, 'region_id': 'chr2:39239233-39239521'}","{'GRAPES2': None, 'CNVKIT': None, 'DECON': '5.31', 'GATK_GCNV': None}",False,5.31,,,,,0.8218285462607776,False
179518910,179519580,chr2,DUP,RB38639,3,1,0,0,0,40.38748137108793,0.333333,670,"{'ID': 'CDS:ENST00000589042.5', 'Parent': 'ENST00000589042.5', 'gene_id': 'ENSG00000155657.29_1', 'transcript_id': 'ENST00000589042.5_1', 'gene_type': 'protein_coding', 'gene_name': 'TTN', 'transcript_type': 'protein_coding', 'transcript_name': 'TTN-214', 'exon_number': '193', 'exon_id': 'ENSE00002759095.1', 'level': '1', 'protein_id': 'ENSP00000467141.1', 'transcript_support_level': '5', 'hgnc_id': 'HGNC:12403', 'tag': 'inferred_exon_combination,non_submitted_evidence,basic,Ensembl_canonical,MANE_Select,appris_principal_1,exp_conf,CCDS', 'ccdsid': 'CCDS59435.1', 'havana_gene': 'OTTHUMG00000154448.23_1', 'havana_transcript': 'OTTHUMT00000450680.3_1', 'remap_original_location': 'chr2:-:178654208-178654291', 'remap_status': 'full_contig84', 'feature': 'CDS', 'feature_coordinates': 'chr2:179518935-179519018', 'probegroup': 'TTN', 'offset_coordinates': 'chr2:179518909-179519043', 'five_prime_bases': 3047, 'three_prime_bases': 782, 'region_id': 'chr2:179515888-179519800'}","{'GRAPES2': None, 'CNVKIT': None, 'DECON': '13', 'GATK_GCNV': None}",False,13,,,,,0.8218285462607776,False
179523407,179524007,chr2,DEL,RB38639,3,1,0,0,0,39.267886855241265,0.361111,600,"{'ID': 'CDS:ENST00000589042.5', 'Parent': 'ENST00000589042.5', 'gene_id': 'ENSG00000155657.29_1', 'transcript_id': 'ENST00000589042.5_1', 'gene_type': 'protein_coding', 'gene_name': 'TTN', 'transcript_type': 'protein_coding', 'transcript_name': 'TTN-214', 'exon_number': '183', 'exon_id': 'ENSE00002862985.1', 'level': '1', 'protein_id': 'ENSP00000467141.1', 'transcript_support_level': '5', 'hgnc_id': 'HGNC:12403', 'tag': 'inferred_exon_combination,non_submitted_evidence,basic,Ensembl_canonical,MANE_Select,appris_principal_1,exp_conf,CCDS', 'ccdsid': 'CCDS59435.1', 'havana_gene': 'OTTHUMG00000154448.23_1', 'havana_transcript': 'OTTHUMT00000450680.3_1', 'remap_original_location': 'chr2:-:178658705-178658794', 'remap_status': 'full_contig90', 'feature': 'CDS', 'feature_coordinates': 'chr2:179523432-179523521', 'probegroup': 'TTN', 'offset_coordinates': 'chr2:179523406-179523546', 'five_prime_bases': 1286, 'three_prime_bases': 539, 'region_id': 'chr2:179522146-179524060'}","{'GRAPES2': None, 'CNVKIT': None, 'DECON': '28.8', 'GATK_GCNV': None}",False,28.8,,,,,0.8218285462607776,False
38797253,38797474,chr3,DUP,RB38639,1,1,0,0,1,49.549549549549546,1.0,221,"{'ID': 'CDS:ENST00000449082.3', 'Parent': 'ENST00000449082.3', 'gene_id': 'ENSG00000185313.9_1', 'transcript_id': 'ENST00000449082.3_1', 'gene_type': 'protein_coding', 'gene_name': 'SCN10A', 'transcript_type': 'protein_coding', 'transcript_name': 'SCN10A-201', 'exon_number': '11', 'exon_id': 'ENSE00001304652.1', 'level': '2', 'protein_id': 'ENSP00000390600.2', 'transcript_support_level': '1', 'hgnc_id': 'HGNC:10582', 'tag': 'non_canonical_U12,non_canonical_conserved,not_organism_supported,basic,Ensembl_canonical,MANE_Select,appris_principal_3,CCDS', 'ccdsid': 'CCDS33736.1', 'havana_gene': 'OTTHUMG00000048245.6_1', 'havana_transcript': 'OTTHUMT00000109745.4_1', 'remap_original_location': 'chr3:-:38755788-38755958', 'remap_status': 'full_contig171', 'feature': 'CDS', 'feature_coordinates': 'chr3:38797279-38797449', 'probegroup': 'SCN10A', 'offset_coordinates': 'chr3:38797253-38797474', 'five_prime_bases': 36, 'three_prime_bases': 34, 'region_id': 'chr3:38797243-38797483'}","{'GRAPES2': '0.358', 'CNVKIT': None, 'DECON': '18.6', 'GATK_GCNV': None}",True,18.6,,,0.358,in_silico,0.8218285462607776,False
53769376,53774391,chr3,DUP,RB38639,2,1,0,0,0,47.52791068580542,0.8333333333333334,5015,"{'ID': 'CDS:ENST00000350061.11', 'Parent': 'ENST00000350061.11', 'gene_id': 'ENSG00000157388.20_1', 'transcript_id': 'ENST00000350061.11_1', 'gene_type': 'protein_coding', 'gene_name': 'CACNA1D', 'transcript_type': 'protein_coding', 'transcript_name': 'CACNA1D-202', 'exon_number': '20', 'exon_id': 'ENSE00001134865.1', 'level': '2', 'protein_id': 'ENSP00000288133.5', 'transcript_support_level': '1', 'hgnc_id': 'HGNC:1391', 'tag': 'CAGE_supported_TSS,basic,Ensembl_canonical,MANE_Select,CCDS', 'ccdsid': 'CCDS46848.1', 'havana_gene': 'OTTHUMG00000158278.13_1', 'havana_transcript': 'OTTHUMT00000350557.3_1', 'remap_original_location': 'chr3:+:53735374-53735503', 'remap_status': 'full_contig130', 'feature': 'CDS', 'feature_coordinates': 'chr3:53769401-53769530', 'probegroup': 'CACNA1D', 'offset_coordinates': 'chr3:53769375-53769555', 'five_prime_bases': 80, 'three_prime_bases': 79, 'region_id': 'chr3:53769321-53769609'}","{'GRAPES2': None, 'CNVKIT': None, 'DECON': '9.83', 'GATK_GCNV': None}",False,9.83,,,,,0.8218285462607776,False
120072002,120085574,chr4,DEL,RB38639,3,1,0,0,0,33.868709938849186,1.0,13572,"{'ID': 'CDS:ENST00000307128.6', 'Parent': 'ENST00000307128.6', 'gene_id': 'ENSG00000172399.6_1', 'transcript_id': 'ENST00000307128.6_1', 'gene_type': 'protein_coding', 'gene_name': 'MYOZ2', 'transcript_type': 'protein_coding', 'transcript_name': 'MYOZ2-201', 'exon_number': '3', 'exon_id': 'ENSE00001161361.1', 'level': '2', 'protein_id': 'ENSP00000306997.6', 'transcript_support_level': '1', 'hgnc_id': 'HGNC:1330', 'tag': 'basic,Ensembl_canonical,MANE_Select,appris_principal_1,CCDS', 'ccdsid': 'CCDS3711.1', 'havana_gene': 'OTTHUMG00000132968.2_1', 'havana_transcript': 'OTTHUMT00000256526.2_1', 'remap_original_location': 'chr4:+:119150872-119151041', 'remap_status': 'full_contig170', 'feature': 'CDS', 'feature_coordinates': 'chr4:120072027-120072196', 'probegroup': 'MYOZ2', 'offset_coordinates': 'chr4:120072001-120072221', 'five_prime_bases': 36, 'three_prime_bases': 35, 'region_id': 'chr4:120071991-120072231'}","{'GRAPES2': None, 'CNVKIT': None, 'DECON': '6.59', 'GATK_GCNV': None}",False,6.59,,,,,0.8218285462607776,False
112457300,112457481,chr6,DUP,RB38639,1,1,0,0,0,38.46153846153847,1.0,181,"{'ID': 'CDS:ENST00000230538.12', 'Parent': 'ENST00000230538.12', 'gene_id': 'ENSG00000112769.20_1', 'transcript_id': 'ENST00000230538.12_1', 'gene_type': 'protein_coding', 'gene_name': 'LAMA4', 'transcript_type': 'protein_coding', 'transcript_name': 'LAMA4-201', 'exon_number': '25', 'exon_id': 'ENSE00000762322.1', 'level': '2', 'protein_id': 'ENSP00000230538.7', 'transcript_support_level': '1', 'hgnc_id': 'HGNC:6484', 'tag': 'basic,Ensembl_canonical,MANE_Select,appris_alternative_1,CCDS', 'ccdsid': 'CCDS43491.1', 'havana_gene': 'OTTHUMG00000015386.10_1', 'havana_transcript': 'OTTHUMT00000041876.4_1', 'remap_original_location': 'chr6:-:112136123-112136254', 'remap_status': 'full_contig132', 'feature': 'CDS', 'feature_coordinates': 'chr6:112457325-112457456', 'probegroup': 'LAMA4', 'offset_coordinates': 'chr6:112457299-112457481', 'five_prime_bases': 79, 'three_prime_bases': 78, 'region_id': 'chr6:112457246-112457534'}","{'GRAPES2': None, 'CNVKIT': None, 'DECON': '3.84', 'GATK_GCNV': None}",False,3.84,,,,,0.8218285462607776,False
94047786,94047889,chr7,DEL,RB38639,1,1,0,0,0,43.269230769230774,1.0,103,"{'ID': 'CDS:ENST00000297268.11', 'Parent': 'ENST00000297268.11', 'gene_id': 'ENSG00000164692.19_1', 'transcript_id': 'ENST00000297268.11_1', 'gene_type': 'protein_coding', 'gene_name': 'COL1A2', 'transcript_type': 'protein_coding', 'transcript_name': 'COL1A2-201', 'exon_number': '33', 'exon_id': 'ENSE00003546907.1', 'level': '2', 'protein_id': 'ENSP00000297268.6', 'transcript_support_level': '1', 'hgnc_id': 'HGNC:2198', 'tag': 'basic,Ensembl_canonical,MANE_Select,appris_principal_1,CCDS', 'ccdsid': 'CCDS34682.1', 'havana_gene': 'OTTHUMG00000148675.3_1', 'havana_transcript': 'OTTHUMT00000309045.3_1', 'remap_original_location': 'chr7:+:94418499-94418552', 'remap_status': 'full_contig54', 'feature': 'CDS', 'feature_coordinates': 'chr7:94047811-94047864', 'probegroup': 'COL1A2', 'offset_coordinates': 'chr7:94047785-94047889', 'five_prime_bases': 82, 'three_prime_bases': 81, 'region_id': 'chr7:94047729-94047945'}","{'GRAPES2': None, 'CNVKIT': None, 'DECON': '8.62', 'GATK_GCNV': None}",False,8.62,,,,,0.8218285462607776,False
29121131,29126731,chr18,DEL,RB38639,3,1,0,0,0,40.67130869487591,1.0,5600,"{'ID': 'CDS:ENST00000261590.13', 'Parent': 'ENST00000261590.13', 'gene_id': 'ENSG00000046604.14_1', 'transcript_id': 'ENST00000261590.13_1', 'gene_type': 'protein_coding', 'gene_name': 'DSG2', 'transcript_type': 'protein_coding', 'transcript_name': 'DSG2-201', 'exon_number': '13', 'exon_id': 'ENSE00000796933.1', 'level': '2', 'protein_id': 'ENSP00000261590.8', 'transcript_support_level': '1', 'hgnc_id': 'HGNC:3049', 'tag': 'basic,Ensembl_canonical,MANE_Select,appris_principal_1,CCDS', 'ccdsid': 'CCDS42423.1', 'havana_gene': 'OTTHUMG00000179649.3_1', 'havana_transcript': 'OTTHUMT00000447506.2_1', 'remap_original_location': 'chr18:+:31541193-31541314', 'remap_status': 'full_contig122', 'feature': 'CDS', 'feature_coordinates': 'chr18:29121156-29121277', 'probegroup': 'DSG2', 'offset_coordinates': 'chr18:29121130-29121302', 'five_prime_bases': 84, 'three_prime_bases': 83, 'region_id': 'chr18:29121072-29121360'}","{'GRAPES2': None, 'CNVKIT': None, 'DECON': '22.1', 'GATK_GCNV': None}",False,22.1,,,,,0.8218285462607776,False
31838067,31893515,chrX,DUP,RB38639,3,1,0,0,0,36.36855488827571,0.3832502054545454,55448,"{'ID': 'CDS:ENST00000357033.9', 'Parent': 'ENST00000357033.9', 'gene_id': 'ENSG00000198947.18_1', 'transcript_id': 'ENST00000357033.9_1', 'gene_type': 'protein_coding', 'gene_name': 'DMD', 'transcript_type': 'protein_coding', 'transcript_name': 'DMD-203', 'exon_number': '50', 'exon_id': 'ENSE00003639303.1', 'level': '2', 'protein_id': 'ENSP00000354923.3', 'transcript_support_level': '1', 'hgnc_id': 'HGNC:2928', 'tag': 'basic,Ensembl_canonical,MANE_Select,appris_principal_3,CCDS', 'ccdsid': 'CCDS14233.1', 'havana_gene': 'OTTHUMG00000021336.7_1', 'havana_transcript': 'OTTHUMT00000056182.2_1', 'remap_original_location': 'chrX:-:31819975-31820083', 'remap_status': 'full_contig109', 'feature': 'CDS', 'feature_coordinates': 'chrX:31838092-31838200', 'probegroup': 'DMD', 'offset_coordinates': 'chrX:31838066-31838225', 'five_prime_bases': 79, 'three_prime_bases': 77, 'region_id': 'chrX:31838013-31838277'}","{'GRAPES2': None, 'CNVKIT': None, 'DECON': '4.17', 'GATK_GCNV': None}",False,4.17,,,,,0.8218285462607776,False
237777289,237778193,chr1,DUP,RB38620,1,1,1,0,1,49.72375690607735,1.0,904,"{'ID': 'CDS:ENST00000366574.7', 'Parent': 'ENST00000366574.7', 'gene_id': 'ENSG00000198626.18_1', 'transcript_id': 'ENST00000366574.7_1', 'gene_type': 'protein_coding', 'gene_name': 'RYR2', 'transcript_type': 'protein_coding', 'transcript_name': 'RYR2-201', 'exon_number': '37', 'exon_id': 'ENSE00001165599.1', 'level': '2', 'protein_id': 'ENSP00000355533.2', 'transcript_support_level': '1', 'hgnc_id': 'HGNC:10484', 'tag': 'non_canonical_conserved,basic,Ensembl_canonical,MANE_Select,appris_principal_1,CCDS', 'ccdsid': 'CCDS55691.1', 'havana_gene': 'OTTHUMG00000039543.5_1', 'havana_transcript': 'OTTHUMT00000095402.3_1', 'remap_original_location': 'chr1:+:237614039-237614843', 'remap_status': 'full_contig805', 'feature': 'CDS', 'feature_coordinates': 'chr1:237777339-237778143', 'probegroup': 'RYR2', 'offset_coordinates': 'chr1:237777313-237778168', 'five_prime_bases': 31, 'three_prime_bases': 29, 'region_id': 'chr1:237777308-237778172'}","{'GRAPES2': '1.0', 'CNVKIT': None, 'DECON': '26.9', 'GATK_GCNV': '61.19'}",True,26.9,61.19,,1.0,in_silico,0.8900875928462617,False
123594059,123600277,chr6,DEL,RB38620,5,0,1,0,0,34.346357935359386,1.0,6218,"{'ID': 'CDS:ENST00000334268.9', 'Parent': 'ENST00000334268.9', 'gene_id': 'ENSG00000186439.14_1', 'transcript_id': 'ENST00000334268.9_1', 'gene_type': 'protein_coding', 'gene_name': 'TRDN', 'transcript_type': 'protein_coding', 'transcript_name': 'TRDN-201', 'exon_number': '29', 'exon_id': 'ENSE00001006452.1', 'level': '2', 'protein_id': 'ENSP00000333984.5', 'transcript_support_level': '1', 'hgnc_id': 'HGNC:12261', 'tag': 'CAGE_supported_TSS,basic,Ensembl_canonical,MANE_Select,appris_principal_3,CCDS', 'ccdsid': 'CCDS55053.1', 'havana_gene': 'OTTHUMG00000015497.4_1', 'havana_transcript': 'OTTHUMT00000042050.3_1', 'remap_original_location': 'chr6:-:123272964-123273011', 'remap_status': 'full_contig48', 'feature': 'CDS', 'feature_coordinates': 'chr6:123594109-123594156', 'probegroup': 'TRDN', 'offset_coordinates': 'chr6:123594083-123594181', 'five_prime_bases': 85, 'three_prime_bases': 84, 'region_id': 'chr6:123594024-123594240'}","{'GRAPES2': None, 'CNVKIT': None, 'DECON': None, 'GATK_GCNV': '4.72'}",False,,4.72,,,,0.8900875928462617,False
35529971,35530655,chr19,DUP,RB38620,2,1,1,0,1,61.02189781021898,1.0,684,"{'ID': 'CDS:ENST00000262631.11', 'Parent': 'ENST00000262631.11', 'gene_id': 'ENSG00000105711.14_1', 'transcript_id': 'ENST00000262631.11_1', 'gene_type': 'protein_coding', 'gene_name': 'SCN1B', 'transcript_type': 'protein_coding', 'transcript_name': 'SCN1B-201', 'exon_number': '4', 'exon_id': 'ENSE00001254304.3', 'level': '2', 'protein_id': 'ENSP00000262631.3', 'transcript_support_level': '1', 'hgnc_id': 'HGNC:10586', 'tag': 'CAGE_supported_TSS,basic,Ensembl_canonical,MANE_Select,appris_principal_1,CCDS', 'ccdsid': 'CCDS12441.1', 'havana_gene': 'OTTHUMG00000182472.5_1', 'havana_transcript': 'OTTHUMT00000461567.3_1', 'remap_original_location': 'chr19:+:35039117-35039258', 'remap_status': 'full_contig142', 'feature': 'CDS', 'feature_coordinates': 'chr19:35530021-35530162', 'probegroup': 'SCN1B', 'offset_coordinates': 'chr19:35529995-35530187', 'five_prime_bases': 74, 'three_prime_bases': 73, 'region_id': 'chr19:35529947-35530235'}","{'GRAPES2': '1.0', 'CNVKIT': None, 'DECON': '44.4', 'GATK_GCNV': '118.82'}",False,44.4,118.82,,1.0,,0.8900875928462617,False
179522200,179522519,chr2,DUP,RB38620,2,1,0,0,0,40.3125,0.4166665,319,"{'ID': 'CDS:ENST00000589042.5', 'Parent': 'ENST00000589042.5', 'gene_id': 'ENSG00000155657.29_1', 'transcript_id': 'ENST00000589042.5_1', 'gene_type': 'protein_coding', 'gene_name': 'TTN', 'transcript_type': 'protein_coding', 'transcript_name': 'TTN-214', 'exon_number': '189', 'exon_id': 'ENSE00002949545.1', 'level': '1', 'protein_id': 'ENSP00000467141.1', 'transcript_support_level': '5', 'hgnc_id': 'HGNC:12403', 'tag': 'inferred_exon_combination,non_submitted_evidence,basic,Ensembl_canonical,MANE_Select,appris_principal_1,exp_conf,CCDS', 'ccdsid': 'CCDS59435.1', 'havana_gene': 'OTTHUMG00000154448.23_1', 'havana_transcript': 'OTTHUMT00000450680.3_1', 'remap_original_location': 'chr2:-:178657498-178657581', 'remap_status': 'full_contig84', 'feature': 'CDS', 'feature_coordinates': 'chr2:179522225-179522308', 'probegroup': 'TTN', 'offset_coordinates': 'chr2:179522199-179522333', 'five_prime_bases': 79, 'three_prime_bases': 1752, 'region_id': 'chr2:179522146-179524060'}","{'GRAPES2': None, 'CNVKIT': None, 'DECON': '9.6', 'GATK_GCNV': None}",False,9.6,,,,,0.8900875928462617,False
179522779,179523107,chr2,DEL,RB38620,2,1,0,0,0,41.03343465045592,0.4166665,328,"{'ID': 'CDS:ENST00000589042.5', 'Parent': 'ENST00000589042.5', 'gene_id': 'ENSG00000155657.29_1', 'transcript_id': 'ENST00000589042.5_1', 'gene_type': 'protein_coding', 'gene_name': 'TTN', 'transcript_type': 'protein_coding', 'transcript_name': 'TTN-214', 'exon_number': '186', 'exon_id': 'ENSE00002911976.1', 'level': '1', 'protein_id': 'ENSP00000467141.1', 'transcript_support_level': '5', 'hgnc_id': 'HGNC:12403', 'tag': 'inferred_exon_combination,non_submitted_evidence,basic,Ensembl_canonical,MANE_Select,appris_principal_1,exp_conf,CCDS', 'ccdsid': 'CCDS59435.1', 'havana_gene': 'OTTHUMG00000154448.23_1', 'havana_transcript': 'OTTHUMT00000450680.3_1', 'remap_original_location': 'chr2:-:178658077-178658157', 'remap_status': 'full_contig81', 'feature': 'CDS', 'feature_coordinates': 'chr2:179522804-179522884', 'probegroup': 'TTN', 'offset_coordinates': 'chr2:179522778-179522909', 'five_prime_bases': 658, 'three_prime_bases': 1176, 'region_id': 'chr2:179522146-179524060'}","{'GRAPES2': None, 'CNVKIT': None, 'DECON': '10.4', 'GATK_GCNV': None}",False,10.4,,,,,0.8900875928462617,False
179523707,179526780,chr2,DEL,RB38620,4,1,0,0,0,40.0455432661028,0.10807081153138069,3073,"{'ID': 'CDS:ENST00000589042.5', 'Parent': 'ENST00000589042.5', 'gene_id': 'ENSG00000155657.29_1', 'transcript_id': 'ENST00000589042.5_1', 'gene_type': 'protein_coding', 'gene_name': 'TTN', 'transcript_type': 'protein_coding', 'transcript_name': 'TTN-214', 'exon_number': '182', 'exon_id': 'ENSE00003809569.1', 'level': '1', 'protein_id': 'ENSP00000467141.1', 'transcript_support_level': '5', 'hgnc_id': 'HGNC:12403', 'tag': 'inferred_exon_combination,non_submitted_evidence,basic,Ensembl_canonical,MANE_Select,appris_principal_1,exp_conf,CCDS', 'ccdsid': 'CCDS59435.1', 'havana_gene': 'OTTHUMG00000154448.23_1', 'havana_transcript': 'OTTHUMT00000450680.3_1', 'remap_original_location': 'chr2:-:178659005-178659088', 'remap_status': 'full_contig84', 'feature': 'CDS', 'feature_coordinates': 'chr2:179523732-179523815', 'probegroup': 'TTN', 'offset_coordinates': 'chr2:179523706-179523840', 'five_prime_bases': 1586, 'three_prime_bases': 245, 'region_id': 'chr2:179522146-179524060'}","{'GRAPES2': None, 'CNVKIT': None, 'DECON': '23.5', 'GATK_GCNV': None}",False,23.5,,,,,0.8900875928462617,False
179549955,179550082,chr2,DEL,RB38620,1,1,0,0,0,35.15625,1.0,127,"{'ID': 'CDS:ENST00000589042.5', 'Parent': 'ENST00000589042.5', 'gene_id': 'ENSG00000155657.29_1', 'transcript_id': 'ENST00000589042.5_1', 'gene_type': 'protein_coding', 'gene_name': 'TTN', 'transcript_type': 'protein_coding', 'transcript_name': 'TTN-214', 'exon_number': '129', 'exon_id': 'ENSE00003805756.1', 'level': '1', 'protein_id': 'ENSP00000467141.1', 'transcript_support_level': '5', 'hgnc_id': 'HGNC:12403', 'tag': 'inferred_exon_combination,non_submitted_evidence,basic,Ensembl_canonical,MANE_Select,appris_principal_1,exp_conf,CCDS', 'ccdsid': 'CCDS59435.1', 'havana_gene': 'OTTHUMG00000154448.23_1', 'havana_transcript': 'OTTHUMT00000450680.3_1', 'remap_original_location': 'chr2:-:178685253-178685330', 'remap_status': 'full_contig78', 'feature': 'CDS', 'feature_coordinates': 'chr2:179549980-179550057', 'probegroup': 'TTN', 'offset_coordinates': 'chr2:179549954-179550082', 'five_prime_bases': 1333, 'three_prime_bases': 347, 'region_id': 'chr2:179548647-179550404'}","{'GRAPES2': None, 'CNVKIT': None, 'DECON': '2.67', 'GATK_GCNV': None}",False,2.67,,,,,0.8900875928462617,False
189922021,189922178,chr2,DEL,RB38620,1,1,0,0,0,48.10126582278481,1.0,157,"{'ID': 'CDS:ENST00000374866.9', 'Parent': 'ENST00000374866.9', 'gene_id': 'ENSG00000204262.14_1', 'transcript_id': 'ENST00000374866.9_1', 'gene_type': 'protein_coding', 'gene_name': 'COL5A2', 'transcript_type': 'protein_coding', 'transcript_name': 'COL5A2-201', 'exon_number': '34', 'exon_id': 'ENSE00003535763.1', 'level': '2', 'protein_id': 'ENSP00000364000.3', 'transcript_support_level': '1', 'hgnc_id': 'HGNC:2210', 'tag': 'basic,Ensembl_canonical,MANE_Select,appris_principal_1,CCDS', 'ccdsid': 'CCDS33350.1', 'havana_gene': 'OTTHUMG00000149842.5_1', 'havana_transcript': 'OTTHUMT00000313523.3_1', 'remap_original_location': 'chr2:-:189057320-189057427', 'remap_status': 'full_contig108', 'feature': 'CDS', 'feature_coordinates': 'chr2:189922046-189922153', 'probegroup': 'COL5A2', 'offset_coordinates': 'chr2:189922020-189922178', 'five_prime_bases': 79, 'three_prime_bases': 78, 'region_id': 'chr2:189921967-189922231'}","{'GRAPES2': None, 'CNVKIT': None, 'DECON': '3.27', 'GATK_GCNV': None}",False,3.27,,,,,0.8900875928462617,False
86648949,86658513,chr5,DEL,RB38620,2,1,0,0,0,36.455828541557764,0.7333333333333334,9564,"{'ID': 'CDS:ENST00000274376.11', 'Parent': 'ENST00000274376.11', 'gene_id': 'ENSG00000145715.15_1', 'transcript_id': 'ENST00000274376.11_1', 'gene_type': 'protein_coding', 'gene_name': 'RASA1', 'transcript_type': 'protein_coding', 'transcript_name': 'RASA1-201', 'exon_number': '9', 'exon_id': 'ENSE00003483441.1', 'level': '2', 'protein_id': 'ENSP00000274376.6', 'transcript_support_level': '1', 'hgnc_id': 'HGNC:9871', 'tag': 'basic,Ensembl_canonical,MANE_Select,appris_principal_3,CCDS', 'ccdsid': 'CCDS34200.1', 'havana_gene': 'OTTHUMG00000162605.3_1', 'havana_transcript': 'OTTHUMT00000369729.2_1', 'remap_original_location': 'chr5:+:87353157-87353235', 'remap_status': 'full_contig79', 'feature': 'CDS', 'feature_coordinates': 'chr5:86648974-86649052', 'probegroup': 'RASA1', 'offset_coordinates': 'chr5:86648948-86649077', 'five_prime_bases': 82, 'three_prime_bases': 80, 'region_id': 'chr5:86648892-86649132'}","{'GRAPES2': None, 'CNVKIT': None, 'DECON': '6.03', 'GATK_GCNV': None}",False,6.03,,,,,0.8900875928462617,False
92678597,92678754,chr10,DUP,RB38620,1,1,0,0,0,39.24050632911392,1.0,157,"{'ID': 'CDS:ENST00000371697.4', 'Parent': 'ENST00000371697.4', 'gene_id': 'ENSG00000148677.7_1', 'transcript_id': 'ENST00000371697.4_1', 'gene_type': 'protein_coding', 'gene_name': 'ANKRD1', 'transcript_type': 'protein_coding', 'transcript_name': 'ANKRD1-201', 'exon_number': '4', 'exon_id': 'ENSE00000986569.1', 'level': '2', 'protein_id': 'ENSP00000360762.3', 'transcript_support_level': '1', 'hgnc_id': 'HGNC:15819', 'tag': 'CAGE_supported_TSS,basic,Ensembl_canonical,MANE_Select,appris_principal_1,CCDS', 'ccdsid': 'CCDS7412.1', 'havana_gene': 'OTTHUMG00000018734.1_1', 'havana_transcript': 'OTTHUMT00000049357.1_1', 'remap_original_location': 'chr10:-:90918865-90918972', 'remap_status': 'full_contig108', 'feature': 'CDS', 'feature_coordinates': 'chr10:92678622-92678729', 'probegroup': 'ANKRD1', 'offset_coordinates': 'chr10:92678596-92678754', 'five_prime_bases': 79, 'three_prime_bases': 371, 'region_id': 'chr10:92678543-92679100'}","{'GRAPES2': None, 'CNVKIT': None, 'DECON': '3.73', 'GATK_GCNV': None}",False,3.73,,,,,0.8900875928462617,False
31190439,31201046,chrX,DEL,RB38620,6,1,0,0,1,35.624057315233784,1.0,10607,"{'ID': 'CDS:ENST00000357033.9', 'Parent': 'ENST00000357033.9', 'gene_id': 'ENSG00000198947.18_1', 'transcript_id': 'ENST00000357033.9_1', 'gene_type': 'protein_coding', 'gene_name': 'DMD', 'transcript_type': 'protein_coding', 'transcript_name': 'DMD-203', 'exon_number': '73', 'exon_id': 'ENSE00001158901.1', 'level': '2', 'protein_id': 'ENSP00000354923.3', 'transcript_support_level': '1', 'hgnc_id': 'HGNC:2928', 'tag': 'basic,Ensembl_canonical,MANE_Select,appris_principal_3,CCDS', 'ccdsid': 'CCDS14233.1', 'havana_gene': 'OTTHUMG00000021336.7_1', 'havana_transcript': 'OTTHUMT00000056182.2_1', 'remap_original_location': 'chrX:-:31172348-31172413', 'remap_status': 'full_contig66', 'feature': 'CDS', 'feature_coordinates': 'chrX:31190465-31190530', 'probegroup': 'DMD', 'offset_coordinates': 'chrX:31190439-31190555', 'five_prime_bases': 76, 'three_prime_bases': 75, 'region_id': 'chrX:31190389-31190605'}","{'GRAPES2': '0.999', 'CNVKIT': None, 'DECON': '64.9', 'GATK_GCNV': None}",True,64.9,,,0.999,in_silico,0.8900875928462617,False
237765275,237765461,chr1,DEL,RB38575,1,1,1,0,0,30.481283422459892,1.0,186,"{'ID': 'CDS:ENST00000366574.7', 'Parent': 'ENST00000366574.7', 'gene_id': 'ENSG00000198626.18_1', 'transcript_id': 'ENST00000366574.7_1', 'gene_type': 'protein_coding', 'gene_name': 'RYR2', 'transcript_type': 'protein_coding', 'transcript_name': 'RYR2-201', 'exon_number': '35', 'exon_id': 'ENSE00000908149.1', 'level': '2', 'protein_id': 'ENSP00000355533.2', 'transcript_support_level': '1', 'hgnc_id': 'HGNC:10484', 'tag': 'non_canonical_conserved,basic,Ensembl_canonical,MANE_Select,appris_principal_1,CCDS', 'ccdsid': 'CCDS55691.1', 'havana_gene': 'OTTHUMG00000039543.5_1', 'havana_transcript': 'OTTHUMT00000095402.3_1', 'remap_original_location': 'chr1:+:237602025-237602111', 'remap_status': 'full_contig87', 'feature': 'CDS', 'feature_coordinates': 'chr1:237765325-237765411', 'probegroup': 'RYR2', 'offset_coordinates': 'chr1:237765299-237765436', 'five_prime_bases': 78, 'three_prime_bases': 76, 'region_id': 'chr1:237765247-237765487'}","{'GRAPES2': None, 'CNVKIT': None, 'DECON': '5.84', 'GATK_GCNV': '168.89'}",True,5.84,168.89,,,in_silico,0.9312796106464494,False
127710271,127744542,chr5,DEL,RB38575,8,1,1,0,1,36.426237161531276,0.3452258722222223,34271,"{'ID': 'CDS:ENST00000262464.9', 'Parent': 'ENST00000262464.9', 'gene_id': 'ENSG00000138829.12_1', 'transcript_id': 'ENST00000262464.9_1', 'gene_type': 'protein_coding', 'gene_name': 'FBN2', 'transcript_type': 'protein_coding', 'transcript_name': 'FBN2-201', 'exon_number': '15', 'exon_id': 'ENSE00003589246.1', 'level': '2', 'protein_id': 'ENSP00000262464.4', 'transcript_support_level': '1', 'hgnc_id': 'HGNC:3604', 'tag': 'basic,Ensembl_canonical,MANE_Select,appris_principal_1,CCDS', 'ccdsid': 'CCDS34222.1', 'havana_gene': 'OTTHUMG00000163082.4_1', 'havana_transcript': 'OTTHUMT00000504447.2_1', 'remap_original_location': 'chr5:-:128374628-128374750', 'remap_status': 'full_contig123', 'feature': 'CDS', 'feature_coordinates': 'chr5:127710321-127710443', 'probegroup': 'FBN2', 'offset_coordinates': 'chr5:127710295-127710468', 'five_prime_bases': 84, 'three_prime_bases': 82, 'region_id': 'chr5:127710237-127710525'}","{'GRAPES2': '1.0', 'CNVKIT': None, 'DECON': '135', 'GATK_GCNV': '3076.53'}",True,135,3076.53,,1.0,in_silico,0.9312796106464494,False
30054301,30062482,chr7,DUP,RB38575,3,1,1,0,1,37.57027621608409,0.09957741375384618,8181,"{'ID': 'CDS:ENST00000222803.10', 'Parent': 'ENST00000222803.10', 'gene_id': 'ENSG00000106080.11_1', 'transcript_id': 'ENST00000222803.10_1', 'gene_type': 'protein_coding', 'gene_name': 'FKBP14', 'transcript_type': 'protein_coding', 'transcript_name': 'FKBP14-201', 'exon_number': '4', 'exon_id': 'ENSE00001138174.3', 'level': '2', 'protein_id': 'ENSP00000222803.5', 'transcript_support_level': '1', 'hgnc_id': 'HGNC:18625', 'tag': 'basic,Ensembl_canonical,MANE_Select,appris_principal_1,CCDS', 'ccdsid': 'CCDS5423.1', 'havana_gene': 'OTTHUMG00000023442.4_1', 'havana_transcript': 'OTTHUMT00000214229.2_1', 'remap_original_location': 'chr7:-:30014735-30014893', 'remap_status': 'full_contig159', 'feature': 'CDS', 'feature_coordinates': 'chr7:30054351-30054509', 'probegroup': 'FKBP14', 'offset_coordinates': 'chr7:30054325-30054534', 'five_prime_bases': 78, 'three_prime_bases': 76, 'region_id': 'chr7:30054273-30054585'}","{'GRAPES2': '0.666', 'CNVKIT': None, 'DECON': '23.7', 'GATK_GCNV': '321.18'}",True,23.7,321.18,,0.666,in_silico,0.9312796106464494,False
25727587,25727798,chr18,DUP,RB38575,1,1,1,0,1,40.09433962264151,1.0,211,"{'ID': 'CDS:ENST00000269141.8', 'Parent': 'ENST00000269141.8', 'gene_id': 'ENSG00000170558.10_1', 'transcript_id': 'ENST00000269141.8_1', 'gene_type': 'protein_coding', 'gene_name': 'CDH2', 'transcript_type': 'protein_coding', 'transcript_name': 'CDH2-201', 'exon_number': '2', 'exon_id': 'ENSE00003584242.1', 'level': '2', 'protein_id': 'ENSP00000269141.3', 'transcript_support_level': '1', 'hgnc_id': 'HGNC:1759', 'tag': 'basic,Ensembl_canonical,MANE_Select,appris_principal_1,CCDS', 'ccdsid': 'CCDS11891.1', 'havana_gene': 'OTTHUMG00000059940.12_1', 'havana_transcript': 'OTTHUMT00000133246.4_1', 'remap_original_location': 'chr18:-:28147673-28147784', 'remap_status': 'full_contig112', 'feature': 'CDS', 'feature_coordinates': 'chr18:25727637-25727748', 'probegroup': 'CDH2', 'offset_coordinates': 'chr18:25727611-25727773', 'five_prime_bases': 77, 'three_prime_bases': 76, 'region_id': 'chr18:25727560-25727824'}","{'GRAPES2': '0.75', 'CNVKIT': None, 'DECON': '17.6', 'GATK_GCNV': '118.23'}",True,17.6,118.23,,0.75,in_silico,0.9312796106464494,False
179519447,179524007,chr2,DUP,RB38575,11,1,0,0,0,40.03508002631002,0.10985166790638291,4560,"{'ID': 'CDS:ENST00000589042.5', 'Parent': 'ENST00000589042.5', 'gene_id': 'ENSG00000155657.29_1', 'transcript_id': 'ENST00000589042.5_1', 'gene_type': 'protein_coding', 'gene_name': 'TTN', 'transcript_type': 'protein_coding', 'transcript_name': 'TTN-214', 'exon_number': '191', 'exon_id': 'ENSE00001744095.2', 'level': '1', 'protein_id': 'ENSP00000467141.1', 'transcript_support_level': '5', 'hgnc_id': 'HGNC:12403', 'tag': 'inferred_exon_combination,non_submitted_evidence,basic,Ensembl_canonical,MANE_Select,appris_principal_1,exp_conf,CCDS', 'ccdsid': 'CCDS59435.1', 'havana_gene': 'OTTHUMG00000154448.23_1', 'havana_transcript': 'OTTHUMT00000450680.3_1', 'remap_original_location': 'chr2:-:178654745-178654828', 'remap_status': 'full_contig84', 'feature': 'CDS', 'feature_coordinates': 'chr2:179519472-179519555', 'probegroup': 'TTN', 'offset_coordinates': 'chr2:179519446-179519580', 'five_prime_bases': 3584, 'three_prime_bases': 245, 'region_id': 'chr2:179515888-179519800'}","{'GRAPES2': None, 'CNVKIT': None, 'DECON': '76.9', 'GATK_GCNV': None}",False,76.9,,,,,0.9312796106464494,False
179526844,179527170,chr2,DUP,RB38575,2,1,0,0,0,41.284403669724774,0.333333,326,"{'ID': 'CDS:ENST00000589042.5', 'Parent': 'ENST00000589042.5', 'gene_id': 'ENSG00000155657.29_1', 'transcript_id': 'ENST00000589042.5_1', 'gene_type': 'protein_coding', 'gene_name': 'TTN', 'transcript_type': 'protein_coding', 'transcript_name': 'TTN-214', 'exon_number': '178', 'exon_id': 'ENSE00002852676.1', 'level': '1', 'protein_id': 'ENSP00000467141.1', 'transcript_support_level': '5', 'hgnc_id': 'HGNC:12403', 'tag': 'inferred_exon_combination,non_submitted_evidence,basic,Ensembl_canonical,MANE_Select,appris_principal_1,exp_conf,CCDS', 'ccdsid': 'CCDS59435.1', 'havana_gene': 'OTTHUMG00000154448.23_1', 'havana_transcript': 'OTTHUMT00000450680.3_1', 'remap_original_location': 'chr2:-:178662142-178662222', 'remap_status': 'full_contig81', 'feature': 'CDS', 'feature_coordinates': 'chr2:179526869-179526949', 'probegroup': 'TTN', 'offset_coordinates': 'chr2:179526843-179526974', 'five_prime_bases': 462, 'three_prime_bases': 1954, 'region_id': 'chr2:179526407-179528903'}","{'GRAPES2': None, 'CNVKIT': None, 'DECON': '3.75', 'GATK_GCNV': None}",False,3.75,,,,,0.9312796106464494,False
186427651,186427831,chr4,DEL,RB38575,1,1,0,0,0,65.19337016574586,1.0,180,"{'ID': 'CDS:ENST00000284767.12', 'Parent': 'ENST00000284767.12', 'gene_id': 'ENSG00000154553.16_1', 'transcript_id': 'ENST00000284767.12_1', 'gene_type': 'protein_coding', 'gene_name': 'PDLIM3', 'transcript_type': 'protein_coding', 'transcript_name': 'PDLIM3-201', 'exon_number': '6', 'exon_id': 'ENSE00003567254.1', 'level': '2', 'protein_id': 'ENSP00000284767.8', 'transcript_support_level': '5', 'hgnc_id': 'HGNC:20767', 'tag': 'basic,Ensembl_canonical,MANE_Select,appris_principal_3,CCDS', 'ccdsid': 'CCDS3844.1', 'havana_gene': 'OTTHUMG00000160412.8_1', 'havana_transcript': 'OTTHUMT00000360499.4_1', 'remap_original_location': 'chr4:-:185506522-185506652', 'remap_status': 'full_contig131', 'feature': 'CDS', 'feature_coordinates': 'chr4:186427676-186427806', 'probegroup': 'PDLIM3', 'offset_coordinates': 'chr4:186427650-186427831', 'five_prime_bases': 80, 'three_prime_bases': 78, 'region_id': 'chr4:186427596-186427884'}","{'GRAPES2': None, 'CNVKIT': None, 'DECON': '2.65', 'GATK_GCNV': None}",False,2.65,,,,,0.9312796106464494,False
92678597,92678754,chr10,DEL,RB38575,1,1,0,0,0,39.24050632911392,1.0,157,"{'ID': 'CDS:ENST00000371697.4', 'Parent': 'ENST00000371697.4', 'gene_id': 'ENSG00000148677.7_1', 'transcript_id': 'ENST00000371697.4_1', 'gene_type': 'protein_coding', 'gene_name': 'ANKRD1', 'transcript_type': 'protein_coding', 'transcript_name': 'ANKRD1-201', 'exon_number': '4', 'exon_id': 'ENSE00000986569.1', 'level': '2', 'protein_id': 'ENSP00000360762.3', 'transcript_support_level': '1', 'hgnc_id': 'HGNC:15819', 'tag': 'CAGE_supported_TSS,basic,Ensembl_canonical,MANE_Select,appris_principal_1,CCDS', 'ccdsid': 'CCDS7412.1', 'havana_gene': 'OTTHUMG00000018734.1_1', 'havana_transcript': 'OTTHUMT00000049357.1_1', 'remap_original_location': 'chr10:-:90918865-90918972', 'remap_status': 'full_contig108', 'feature': 'CDS', 'feature_coordinates': 'chr10:92678622-92678729', 'probegroup': 'ANKRD1', 'offset_coordinates': 'chr10:92678596-92678754', 'five_prime_bases': 79, 'three_prime_bases': 371, 'region_id': 'chr10:92678543-92679100'}","{'GRAPES2': None, 'CNVKIT': None, 'DECON': '11.2', 'GATK_GCNV': None}",False,11.2,,,,,0.9312796106464494,False
112884055,112888341,chr12,DEL,RB38575,2,1,0,0,0,43.34033123396314,0.566666625,4286,"{'ID': 'CDS:ENST00000351677.7', 'Parent': 'ENST00000351677.7', 'gene_id': 'ENSG00000179295.19_1', 'transcript_id': 'ENST00000351677.7_1', 'gene_type': 'protein_coding', 'gene_name': 'PTPN11', 'transcript_type': 'protein_coding', 'transcript_name': 'PTPN11-201', 'exon_number': '2', 'exon_id': 'ENSE00000834910.1', 'level': '2', 'protein_id': 'ENSP00000340944.3', 'transcript_support_level': '1', 'hgnc_id': 'HGNC:9644', 'tag': 'basic,Ensembl_canonical,MANE_Select,appris_principal_3,CCDS', 'ccdsid': 'CCDS9163.1', 'havana_gene': 'OTTHUMG00000134334.4_1', 'havana_transcript': 'OTTHUMT00000259496.2_1', 'remap_original_location': 'chr12:+:112446276-112446398', 'remap_status': 'full_contig123', 'feature': 'CDS', 'feature_coordinates': 'chr12:112884080-112884202', 'probegroup': 'PTPN11', 'offset_coordinates': 'chr12:112884054-112884227', 'five_prime_bases': 84, 'three_prime_bases': 82, 'region_id': 'chr12:112883996-112884284'}","{'GRAPES2': None, 'CNVKIT': None, 'DECON': '8.22', 'GATK_GCNV': None}",False,8.22,,,,,0.9312796106464494,False
28666514,28666730,chr18,DEL,RB38575,1,1,0,0,0,45.16129032258064,1.0,216,"{'ID': 'CDS:ENST00000280904.11', 'Parent': 'ENST00000280904.11', 'gene_id': 'ENSG00000134755.18_1', 'transcript_id': 'ENST00000280904.11_1', 'gene_type': 'protein_coding', 'gene_name': 'DSC2', 'transcript_type': 'protein_coding', 'transcript_name': 'DSC2-202', 'exon_number': '7', 'exon_id': 'ENSE00000796884.1', 'level': '2', 'protein_id': 'ENSP00000280904.6', 'transcript_support_level': '1', 'hgnc_id': 'HGNC:3036', 'tag': 'basic,Ensembl_canonical,MANE_Select,appris_principal_1,CCDS', 'ccdsid': 'CCDS11892.1', 'havana_gene': 'OTTHUMG00000131981.8_1', 'havana_transcript': 'OTTHUMT00000254943.3_1', 'remap_original_location': 'chr18:-:31086576-31086742', 'remap_status': 'full_contig167', 'feature': 'CDS', 'feature_coordinates': 'chr18:28666539-28666705', 'probegroup': 'DSC2', 'offset_coordinates': 'chr18:28666513-28666730', 'five_prime_bases': 38, 'three_prime_bases': 36, 'region_id': 'chr18:28666501-28666741'}","{'GRAPES2': None, 'CNVKIT': None, 'DECON': '4.9', 'GATK_GCNV': None}",False,4.9,,,,,0.9312796106464494,False
35521700,35521789,chr19,DUP,RB38575,1,1,0,0,0,80.0,1.0,89,"{'ID': 'CDS:ENST00000262631.11', 'Parent': 'ENST00000262631.11', 'gene_id': 'ENSG00000105711.14_1', 'transcript_id': 'ENST00000262631.11_1', 'gene_type': 'protein_coding', 'gene_name': 'SCN1B', 'transcript_type': 'protein_coding', 'transcript_name': 'SCN1B-201', 'exon_number': '1', 'exon_id': 'ENSE00003806938.2', 'level': '2', 'protein_id': 'ENSP00000262631.3', 'transcript_support_level': '1', 'hgnc_id': 'HGNC:10586', 'tag': 'CAGE_supported_TSS,basic,Ensembl_canonical,MANE_Select,appris_principal_1,CCDS', 'ccdsid': 'CCDS12441.1', 'havana_gene': 'OTTHUMG00000182472.5_1', 'havana_transcript': 'OTTHUMT00000461567.3_1', 'remap_original_location': 'chr19:+:35030821-35030860', 'remap_status': 'full_contig40', 'feature': 'CDS', 'feature_coordinates': 'chr19:35521725-35521764', 'probegroup': 'SCN1B', 'offset_coordinates': 'chr19:35521699-35521789', 'five_prime_bases': 77, 'three_prime_bases': 76, 'region_id': 'chr19:35521648-35521840'}","{'GRAPES2': None, 'CNVKIT': None, 'DECON': '3.15', 'GATK_GCNV': None}",False,3.15,,,,,0.9312796106464494,False
107821157,107821242,chrX,DUP,RB38575,1,1,0,0,0,40.69767441860465,1.0,85,"{'ID': 'CDS:ENST00000328300.11', 'Parent': 'ENST00000328300.11', 'gene_id': 'ENSG00000188153.14_1', 'transcript_id': 'ENST00000328300.11_1', 'gene_type': 'protein_coding', 'gene_name': 'COL4A5', 'transcript_type': 'protein_coding', 'transcript_name': 'COL4A5-201', 'exon_number': '11', 'exon_id': 'ENSE00001435244.1', 'level': '2', 'protein_id': 'ENSP00000331902.7', 'transcript_support_level': '1', 'hgnc_id': 'HGNC:2207', 'tag': 'dotter_confirmed,basic,Ensembl_canonical,MANE_Select,appris_alternative_1,CCDS', 'ccdsid': 'CCDS35366.1', 'havana_gene': 'OTTHUMG00000022182.6_1', 'havana_transcript': 'OTTHUMT00000360023.1_1', 'remap_original_location': 'chrX:+:108577952-108577987', 'remap_status': 'full_contig36', 'feature': 'CDS', 'feature_coordinates': 'chrX:107821182-107821217', 'probegroup': 'COL4A5', 'offset_coordinates': 'chrX:107821156-107821242', 'five_prime_bases': 79, 'three_prime_bases': 469, 'region_id': 'chrX:107821103-107821686'}","{'GRAPES2': None, 'CNVKIT': None, 'DECON': '3.37', 'GATK_GCNV': None}",False,3.37,,,,,0.9312796106464494,False
12632247,12641964,chr3,DUP,RB38158,5,1,1,0,1,45.2768059271455,0.2164691396428571,9717,"{'ID': 'CDS:ENST00000251849.9', 'Parent': 'ENST00000251849.9', 'gene_id': 'ENSG00000132155.14_1', 'transcript_id': 'ENST00000251849.9_1', 'gene_type': 'protein_coding', 'gene_name': 'RAF1', 'transcript_type': 'protein_coding', 'transcript_name': 'RAF1-201', 'exon_number': '12', 'exon_id': 'ENSE00003659262.1', 'level': '2', 'protein_id': 'ENSP00000251849.4', 'transcript_support_level': '1', 'hgnc_id': 'HGNC:9829', 'tag': 'basic,appris_principal_2,CCDS', 'ccdsid': 'CCDS2612.1', 'havana_gene': 'OTTHUMG00000129789.8_1', 'havana_transcript': 'OTTHUMT00000252015.2_1', 'remap_original_location': 'chr3:-:12590798-12590974', 'remap_status': 'full_contig177', 'feature': 'CDS', 'feature_coordinates': 'chr3:12632297-12632473', 'probegroup': 'RAF1', 'offset_coordinates': 'chr3:12632271-12632498', 'five_prime_bases': 33, 'three_prime_bases': 31, 'region_id': 'chr3:12632264-12632504'}","{'GRAPES2': '1.0', 'CNVKIT': None, 'DECON': '74', 'GATK_GCNV': '438.77'}",True,74,438.77,,1.0,in_silico,0.9196803985308961,False
38649592,38649755,chr3,DEL,RB38158,1,1,1,0,1,54.268292682926834,1.0,163,"{'ID': 'CDS:ENST00000423572.7', 'Parent': 'ENST00000423572.7', 'gene_id': 'ENSG00000183873.18_1', 'transcript_id': 'ENST00000423572.7_1', 'gene_type': 'protein_coding', 'gene_name': 'SCN5A', 'transcript_type': 'protein_coding', 'transcript_name': 'SCN5A-205', 'exon_number': '8', 'exon_id': 'ENSE00001330780.1', 'level': '2', 'protein_id': 'ENSP00000398266.2', 'transcript_support_level': '1', 'hgnc_id': 'HGNC:10593', 'tag': 'basic,Ensembl_canonical,MANE_Select,appris_alternative_1,CCDS', 'ccdsid': 'CCDS46797.1', 'havana_gene': 'OTTHUMG00000156166.6_1', 'havana_transcript': 'OTTHUMT00000343225.2_1', 'remap_original_location': 'chr3:-:38608151-38608214', 'remap_status': 'full_contig64', 'feature': 'CDS', 'feature_coordinates': 'chr3:38649642-38649705', 'probegroup': 'SCN5A', 'offset_coordinates': 'chr3:38649616-38649730', 'five_prime_bases': 77, 'three_prime_bases': 76, 'region_id': 'chr3:38649565-38649781'}","{'GRAPES2': '0.953', 'CNVKIT': None, 'DECON': '7.16', 'GATK_GCNV': '168.82'}",False,7.16,168.82,,0.953,,0.9196803985308961,False
28525424,28539935,chr17,DEL,RB38158,7,1,1,0,1,45.872381477398015,0.38873500434782604,14511,"{'ID': 'CDS:ENST00000650711.1', 'Parent': 'ENST00000650711.1', 'gene_id': 'ENSG00000108576.10_1', 'transcript_id': 'ENST00000650711.1_1', 'gene_type': 'protein_coding', 'gene_name': 'SLC6A4', 'transcript_type': 'protein_coding', 'transcript_name': 'SLC6A4-206', 'exon_number': '15', 'exon_id': 'ENSE00003895678.1', 'level': '2', 'protein_id': 'ENSP00000498537.1', 'hgnc_id': 'HGNC:11050', 'tag': 'basic,Ensembl_canonical,MANE_Select,appris_principal_1,CCDS', 'ccdsid': 'CCDS11256.1', 'havana_gene': 'OTTHUMG00000132751.7_1', 'havana_transcript': 'OTTHUMT00000504255.2_1', 'remap_original_location': 'chr17:-:30198456-30198530', 'remap_status': 'full_contig75', 'feature': 'CDS', 'feature_coordinates': 'chr17:28525474-28525548', 'probegroup': 'SLC6A4', 'offset_coordinates': 'chr17:28525448-28525573', 'five_prime_bases': 84, 'three_prime_bases': 82, 'region_id': 'chr17:28525390-28525630'}","{'GRAPES2': '1.0', 'CNVKIT': None, 'DECON': '76.4', 'GATK_GCNV': '2512.08'}",True,76.4,2512.08,,1.0,in_silico,0.9196803985308961,False
3116279,3116563,chr18,DUP,RB38158,1,1,1,0,1,50.526315789473685,1.0,284,"{'ID': 'CDS:ENST00000356443.9', 'Parent': 'ENST00000356443.9', 'gene_id': 'ENSG00000101605.14_1', 'transcript_id': 'ENST00000356443.9_1', 'gene_type': 'protein_coding', 'gene_name': 'MYOM1', 'transcript_type': 'protein_coding', 'transcript_name': 'MYOM1-202', 'exon_number': '21', 'exon_id': 'ENSE00001240549.1', 'level': '2', 'protein_id': 'ENSP00000348821.4', 'transcript_support_level': '1', 'hgnc_id': 'HGNC:7613', 'tag': 'CAGE_supported_TSS,basic,Ensembl_canonical,MANE_Select,appris_principal_4,CCDS', 'ccdsid': 'CCDS45824.1', 'havana_gene': 'OTTHUMG00000178209.7_1', 'havana_transcript': 'OTTHUMT00000441037.3_1', 'remap_original_location': 'chr18:-:3116331-3116515', 'remap_status': 'full_contig185', 'feature': 'CDS', 'feature_coordinates': 'chr18:3116329-3116513', 'probegroup': 'MYOM1', 'offset_coordinates': 'chr18:3116303-3116538', 'five_prime_bases': 29, 'three_prime_bases': 27, 'region_id': 'chr18:3116300-3116540'}","{'GRAPES2': '0.726', 'CNVKIT': None, 'DECON': '12.5', 'GATK_GCNV': '77.51'}",True,12.5,77.51,,0.726,in_silico,0.9196803985308961,False
179519147,179527368,chr2,DEL,RB38158,17,1,0,0,0,39.77134517149112,0.10817951888559317,8221,"{'ID': 'CDS:ENST00000589042.5', 'Parent': 'ENST00000589042.5', 'gene_id': 'ENSG00000155657.29_1', 'transcript_id': 'ENST00000589042.5_1', 'gene_type': 'protein_coding', 'gene_name': 'TTN', 'transcript_type': 'protein_coding', 'transcript_name': 'TTN-214', 'exon_number': '192', 'exon_id': 'ENSE00002836035.1', 'level': '1', 'protein_id': 'ENSP00000467141.1', 'transcript_support_level': '5', 'hgnc_id': 'HGNC:12403', 'tag': 'inferred_exon_combination,non_submitted_evidence,basic,Ensembl_canonical,MANE_Select,appris_principal_1,exp_conf,CCDS', 'ccdsid': 'CCDS59435.1', 'havana_gene': 'OTTHUMG00000154448.23_1', 'havana_transcript': 'OTTHUMT00000450680.3_1', 'remap_original_location': 'chr2:-:178654445-178654534', 'remap_status': 'full_contig90', 'feature': 'CDS', 'feature_coordinates': 'chr2:179519172-179519261', 'probegroup': 'TTN', 'offset_coordinates': 'chr2:179519146-179519286', 'five_prime_bases': 3284, 'three_prime_bases': 539, 'region_id': 'chr2:179515888-179519800'}","{'GRAPES2': None, 'CNVKIT': None, 'DECON': '112', 'GATK_GCNV': None}",False,112,,,,,0.9196803985308961,False
179527968,179528101,chr2,DEL,RB38158,1,1,0,0,0,43.28358208955223,0.333333,133,"{'ID': 'CDS:ENST00000589042.5', 'Parent': 'ENST00000589042.5', 'gene_id': 'ENSG00000155657.29_1', 'transcript_id': 'ENST00000589042.5_1', 'gene_type': 'protein_coding', 'gene_name': 'TTN', 'transcript_type': 'protein_coding', 'transcript_name': 'TTN-214', 'exon_number': '173', 'exon_id': 'ENSE00002763838.1', 'level': '1', 'protein_id': 'ENSP00000467141.1', 'transcript_support_level': '5', 'hgnc_id': 'HGNC:12403', 'tag': 'inferred_exon_combination,non_submitted_evidence,basic,Ensembl_canonical,MANE_Select,appris_principal_1,exp_conf,CCDS', 'ccdsid': 'CCDS59435.1', 'havana_gene': 'OTTHUMG00000154448.23_1', 'havana_transcript': 'OTTHUMT00000450680.3_1', 'remap_original_location': 'chr2:-:178663266-178663349', 'remap_status': 'full_contig84', 'feature': 'CDS', 'feature_coordinates': 'chr2:179527993-179528076', 'probegroup': 'TTN', 'offset_coordinates': 'chr2:179527967-179528101', 'five_prime_bases': 1586, 'three_prime_bases': 827, 'region_id': 'chr2:179526407-179528903'}","{'GRAPES2': None, 'CNVKIT': None, 'DECON': '8.87', 'GATK_GCNV': None}",False,8.87,,,,,0.9196803985308961,False
30648351,30648494,chr3,DEL,RB38158,1,1,0,0,0,68.05555555555556,1.0,143,"{'ID': 'CDS:ENST00000295754.10', 'Parent': 'ENST00000295754.10', 'gene_id': 'ENSG00000163513.19_1', 'transcript_id': 'ENST00000295754.10_1', 'gene_type': 'protein_coding', 'gene_name': 'TGFBR2', 'transcript_type': 'protein_coding', 'transcript_name': 'TGFBR2-201', 'exon_number': '1', 'exon_id': 'ENSE00002704195.1', 'level': '2', 'protein_id': 'ENSP00000295754.5', 'transcript_support_level': '1', 'hgnc_id': 'HGNC:11773', 'tag': 'CAGE_supported_TSS,basic,Ensembl_canonical,MANE_Select,appris_principal_1,CCDS', 'ccdsid': 'CCDS2648.1', 'havana_gene': 'OTTHUMG00000130569.8_1', 'havana_transcript': 'OTTHUMT00000252994.3_1', 'remap_original_location': 'chr3:+:30606884-30606977', 'remap_status': 'full_contig94', 'feature': 'CDS', 'feature_coordinates': 'chr3:30648376-30648469', 'probegroup': 'TGFBR2', 'offset_coordinates': 'chr3:30648350-30648494', 'five_prime_bases': 74, 'three_prime_bases': 73, 'region_id': 'chr3:30648302-30648542'}","{'GRAPES2': None, 'CNVKIT': None, 'DECON': '6.47', 'GATK_GCNV': None}",False,6.47,,,,,0.9196803985308961,False
91643538,91643667,chr7,DUP,RB38158,1,1,0,0,0,30.76923076923077,1.0,129,"{'ID': 'CDS:ENST00000356239.8', 'Parent': 'ENST00000356239.8', 'gene_id': 'ENSG00000127914.19_1', 'transcript_id': 'ENST00000356239.8_1', 'gene_type': 'protein_coding', 'gene_name': 'AKAP9', 'transcript_type': 'protein_coding', 'transcript_name': 'AKAP9-201', 'exon_number': '10', 'exon_id': 'ENSE00003565503.1', 'level': '2', 'protein_id': 'ENSP00000348573.3', 'transcript_support_level': '1', 'hgnc_id': 'HGNC:379', 'tag': 'CAGE_supported_TSS,basic,Ensembl_canonical,MANE_Select,appris_principal_2,CCDS', 'ccdsid': 'CCDS5622.1', 'havana_gene': 'OTTHUMG00000131127.6_1', 'havana_transcript': 'OTTHUMT00000253808.3_1', 'remap_original_location': 'chr7:+:92014249-92014328', 'remap_status': 'full_contig80', 'feature': 'CDS', 'feature_coordinates': 'chr7:91643563-91643642', 'probegroup': 'AKAP9', 'offset_coordinates': 'chr7:91643537-91643667', 'five_prime_bases': 81, 'three_prime_bases': 80, 'region_id': 'chr7:91643482-91643722'}","{'GRAPES2': None, 'CNVKIT': None, 'DECON': '3.3', 'GATK_GCNV': None}",False,3.3,,,,,0.9196803985308961,False
112407227,112415398,chr7,DUP,RB38158,3,1,0,0,0,32.8928046989721,0.24711610971428571,8171,"{'ID': 'CDS:ENST00000312814.11', 'Parent': 'ENST00000312814.11', 'gene_id': 'ENSG00000146802.13_1', 'transcript_id': 'ENST00000312814.11_1', 'gene_type': 'protein_coding', 'gene_name': 'TMEM168', 'transcript_type': 'protein_coding', 'transcript_name': 'TMEM168-201', 'exon_number': '5', 'exon_id': 'ENSE00001150219.7', 'level': '2', 'protein_id': 'ENSP00000323068.4', 'transcript_support_level': '1', 'hgnc_id': 'HGNC:25826', 'tag': 'basic,Ensembl_canonical,MANE_Select,appris_principal_1,CCDS', 'ccdsid': 'CCDS5757.1', 'havana_gene': 'OTTHUMG00000155188.8_1', 'havana_transcript': 'OTTHUMT00000338696.5_1', 'remap_original_location': 'chr7:-:112767197-112767744', 'remap_status': 'full_contig548', 'feature': 'CDS', 'feature_coordinates': 'chr7:112407252-112407799', 'probegroup': 'TMEM168', 'offset_coordinates': 'chr7:112407226-112407824', 'five_prime_bases': 27, 'three_prime_bases': 26, 'region_id': 'chr7:112407225-112407825'}","{'GRAPES2': None, 'CNVKIT': None, 'DECON': '13.2', 'GATK_GCNV': None}",False,13.2,,,,,0.9196803985308961,False
30910711,30913885,chr16,DUP,RB38158,2,1,0,0,0,54.83464566929134,1.0,3174,"{'ID': 'CDS:ENST00000279804.3', 'Parent': 'ENST00000279804.3', 'gene_id': 'ENSG00000150281.7_1', 'transcript_id': 'ENST00000279804.3_1', 'gene_type': 'protein_coding', 'gene_name': 'CTF1', 'transcript_type': 'protein_coding', 'transcript_name': 'CTF1-201', 'exon_number': '2', 'exon_id': 'ENSE00001174773.1', 'level': '2', 'protein_id': 'ENSP00000279804.2', 'transcript_support_level': '1', 'hgnc_id': 'HGNC:2499', 'tag': 'basic,Ensembl_canonical,MANE_Select,appris_principal_3,CCDS', 'ccdsid': 'CCDS10694.1', 'havana_gene': 'OTTHUMG00000132413.2_1', 'havana_transcript': 'OTTHUMT00000255550.1_1', 'remap_original_location': 'chr16:+:30899415-30899533', 'remap_status': 'full_contig119', 'feature': 'CDS', 'feature_coordinates': 'chr16:30910736-30910854', 'probegroup': 'CTF1', 'offset_coordinates': 'chr16:30910710-30910879', 'five_prime_bases': 86, 'three_prime_bases': 84, 'region_id': 'chr16:30910650-30910938'}","{'GRAPES2': None, 'CNVKIT': None, 'DECON': '3.78', 'GATK_GCNV': None}",False,3.78,,,,,0.9196803985308961,False
20212146,20219889,chr3,DUP,RB38130,5,1,1,0,1,36.053719008264466,0.1964997160701754,7743,"{'ID': 'CDS:ENST00000412997.6', 'Parent': 'ENST00000412997.6', 'gene_id': 'ENSG00000129810.15_1', 'transcript_id': 'ENST00000412997.6_1', 'gene_type': 'protein_coding', 'gene_name': 'SGO1', 'transcript_type': 'protein_coding', 'transcript_name': 'SGO1-203', 'exon_number': '8', 'exon_id': 'ENSE00001615074.2', 'level': '2', 'protein_id': 'ENSP00000410458.1', 'transcript_support_level': '1', 'hgnc_id': 'HGNC:25088', 'tag': 'basic,Ensembl_canonical,MANE_Select,appris_alternative_2,CCDS', 'ccdsid': 'CCDS46773.1', 'havana_gene': 'OTTHUMG00000130479.7_1', 'havana_transcript': 'OTTHUMT00000340012.3_1', 'remap_original_location': 'chr3:-:20170704-20170815', 'remap_status': 'full_contig112', 'feature': 'CDS', 'feature_coordinates': 'chr3:20212196-20212307', 'probegroup': 'SGOL1', 'offset_coordinates': 'chr3:20212170-20212332', 'five_prime_bases': 77, 'three_prime_bases': 76, 'region_id': 'chr3:20212119-20212383'}","{'GRAPES2': '0.999', 'CNVKIT': None, 'DECON': '97.1', 'GATK_GCNV': '360.50'}",True,97.1,360.50,,0.999,in_silico,0.8992350673114085,False
123709617,123714872,chr6,DEL,RB38130,2,1,1,0,1,33.21917808219178,1.0,5255,"{'ID': 'CDS:ENST00000334268.9', 'Parent': 'ENST00000334268.9', 'gene_id': 'ENSG00000186439.14_1', 'transcript_id': 'ENST00000334268.9_1', 'gene_type': 'protein_coding', 'gene_name': 'TRDN', 'transcript_type': 'protein_coding', 'transcript_name': 'TRDN-201', 'exon_number': '14', 'exon_id': 'ENSE00001006434.1', 'level': '2', 'protein_id': 'ENSP00000333984.5', 'transcript_support_level': '1', 'hgnc_id': 'HGNC:12261', 'tag': 'CAGE_supported_TSS,basic,Ensembl_canonical,MANE_Select,appris_principal_3,CCDS', 'ccdsid': 'CCDS55053.1', 'havana_gene': 'OTTHUMG00000015497.4_1', 'havana_transcript': 'OTTHUMT00000042050.3_1', 'remap_original_location': 'chr6:-:123388522-123388551', 'remap_status': 'full_contig30', 'feature': 'CDS', 'feature_coordinates': 'chr6:123709667-123709696', 'probegroup': 'TRDN', 'offset_coordinates': 'chr6:123709641-123709721', 'five_prime_bases': 82, 'three_prime_bases': 81, 'region_id': 'chr6:123709585-123709777'}","{'GRAPES2': '1.0', 'CNVKIT': None, 'DECON': '25.6', 'GATK_GCNV': '436.75'}",True,25.6,436.75,,1.0,in_silico,0.8992350673114085,False
137622032,137622371,chr9,DUP,RB38130,1,1,1,0,1,62.35294117647059,1.0,339,"{'ID': 'CDS:ENST00000371817.8', 'Parent': 'ENST00000371817.8', 'gene_id': 'ENSG00000130635.16_1', 'transcript_id': 'ENST00000371817.8_1', 'gene_type': 'protein_coding', 'gene_name': 'COL5A1', 'transcript_type': 'protein_coding', 'transcript_name': 'COL5A1-201', 'exon_number': '7', 'exon_id': 'ENSE00001730929.1', 'level': '2', 'protein_id': 'ENSP00000360882.3', 'transcript_support_level': '1', 'hgnc_id': 'HGNC:2209', 'tag': 'basic,Ensembl_canonical,MANE_Select,appris_principal_3,CCDS', 'ccdsid': 'CCDS6982.1', 'havana_gene': 'OTTHUMG00000020891.5_1', 'havana_transcript': 'OTTHUMT00000054954.4_1', 'remap_original_location': 'chr9:+:134730236-134730475', 'remap_status': 'full_contig240', 'feature': 'CDS', 'feature_coordinates': 'chr9:137622082-137622321', 'probegroup': 'COL5A1', 'offset_coordinates': 'chr9:137622056-137622346', 'five_prime_bases': 37, 'three_prime_bases': 36, 'region_id': 'chr9:137622045-137622357'}","{'GRAPES2': '0.255', 'CNVKIT': None, 'DECON': '19.7', 'GATK_GCNV': '59.27'}",True,19.7,59.27,,0.255,in_silico,0.8992350673114085,False
3173886,3174256,chr18,DEL,RB38130,2,1,1,0,1,39.892183288409704,1.0,370,"{'ID': 'CDS:ENST00000356443.9', 'Parent': 'ENST00000356443.9', 'gene_id': 'ENSG00000101605.14_1', 'transcript_id': 'ENST00000356443.9_1', 'gene_type': 'protein_coding', 'gene_name': 'MYOM1', 'transcript_type': 'protein_coding', 'transcript_name': 'MYOM1-202', 'exon_number': '8', 'exon_id': 'ENSE00001240608.1', 'level': '2', 'protein_id': 'ENSP00000348821.4', 'transcript_support_level': '1', 'hgnc_id': 'HGNC:7613', 'tag': 'CAGE_supported_TSS,basic,Ensembl_canonical,MANE_Select,appris_principal_4,CCDS', 'ccdsid': 'CCDS45824.1', 'havana_gene': 'OTTHUMG00000178209.7_1', 'havana_transcript': 'OTTHUMT00000441037.3_1', 'remap_original_location': 'chr18:-:3173938-3174000', 'remap_status': 'full_contig63', 'feature': 'CDS', 'feature_coordinates': 'chr18:3173936-3173998', 'probegroup': 'MYOM1', 'offset_coordinates': 'chr18:3173910-3174023', 'five_prime_bases': 78, 'three_prime_bases': 283, 'region_id': 'chr18:3173858-3174281'}","{'GRAPES2': '0.986', 'CNVKIT': None, 'DECON': '23.1', 'GATK_GCNV': '364.20'}",True,23.1,364.20,,0.986,in_silico,0.8992350673114085,False
179519147,179519580,chr2,DEL,RB38130,2,1,0,0,0,38.47926267281106,0.333333,433,"{'ID': 'CDS:ENST00000589042.5', 'Parent': 'ENST00000589042.5', 'gene_id': 'ENSG00000155657.29_1', 'transcript_id': 'ENST00000589042.5_1', 'gene_type': 'protein_coding', 'gene_name': 'TTN', 'transcript_type': 'protein_coding', 'transcript_name': 'TTN-214', 'exon_number': '192', 'exon_id': 'ENSE00002836035.1', 'level': '1', 'protein_id': 'ENSP00000467141.1', 'transcript_support_level': '5', 'hgnc_id': 'HGNC:12403', 'tag': 'inferred_exon_combination,non_submitted_evidence,basic,Ensembl_canonical,MANE_Select,appris_principal_1,exp_conf,CCDS', 'ccdsid': 'CCDS59435.1', 'havana_gene': 'OTTHUMG00000154448.23_1', 'havana_transcript': 'OTTHUMT00000450680.3_1', 'remap_original_location': 'chr2:-:178654445-178654534', 'remap_status': 'full_contig90', 'feature': 'CDS', 'feature_coordinates': 'chr2:179519172-179519261', 'probegroup': 'TTN', 'offset_coordinates': 'chr2:179519146-179519286', 'five_prime_bases': 3284, 'three_prime_bases': 539, 'region_id': 'chr2:179515888-179519800'}","{'GRAPES2': None, 'CNVKIT': None, 'DECON': '29', 'GATK_GCNV': None}",False,29,,,,,0.8992350673114085,False
179523170,179524007,chr2,DUP,RB38130,4,1,0,0,0,40.692124105011935,0.361111,837,"{'ID': 'CDS:ENST00000589042.5', 'Parent': 'ENST00000589042.5', 'gene_id': 'ENSG00000155657.29_1', 'transcript_id': 'ENST00000589042.5_1', 'gene_type': 'protein_coding', 'gene_name': 'TTN', 'transcript_type': 'protein_coding', 'transcript_name': 'TTN-214', 'exon_number': '184', 'exon_id': 'ENSE00002940926.1', 'level': '1', 'protein_id': 'ENSP00000467141.1', 'transcript_support_level': '5', 'hgnc_id': 'HGNC:12403', 'tag': 'inferred_exon_combination,non_submitted_evidence,basic,Ensembl_canonical,MANE_Select,appris_principal_1,exp_conf,CCDS', 'ccdsid': 'CCDS59435.1', 'havana_gene': 'OTTHUMG00000154448.23_1', 'havana_transcript': 'OTTHUMT00000450680.3_1', 'remap_original_location': 'chr2:-:178658468-178658551', 'remap_status': 'full_contig84', 'feature': 'CDS', 'feature_coordinates': 'chr2:179523195-179523278', 'probegroup': 'TTN', 'offset_coordinates': 'chr2:179523169-179523303', 'five_prime_bases': 1049, 'three_prime_bases': 782, 'region_id': 'chr2:179522146-179524060'}","{'GRAPES2': None, 'CNVKIT': None, 'DECON': '11.8', 'GATK_GCNV': None}",False,11.8,,,,,0.8992350673114085,False
179526844,179527368,chr2,DEL,RB38130,3,1,0,0,0,40.57142857142857,0.4166665,524,"{'ID': 'CDS:ENST00000589042.5', 'Parent': 'ENST00000589042.5', 'gene_id': 'ENSG00000155657.29_1', 'transcript_id': 'ENST00000589042.5_1', 'gene_type': 'protein_coding', 'gene_name': 'TTN', 'transcript_type': 'protein_coding', 'transcript_name': 'TTN-214', 'exon_number': '178', 'exon_id': 'ENSE00002852676.1', 'level': '1', 'protein_id': 'ENSP00000467141.1', 'transcript_support_level': '5', 'hgnc_id': 'HGNC:12403', 'tag': 'inferred_exon_combination,non_submitted_evidence,basic,Ensembl_canonical,MANE_Select,appris_principal_1,exp_conf,CCDS', 'ccdsid': 'CCDS59435.1', 'havana_gene': 'OTTHUMG00000154448.23_1', 'havana_transcript': 'OTTHUMT00000450680.3_1', 'remap_original_location': 'chr2:-:178662142-178662222', 'remap_status': 'full_contig81', 'feature': 'CDS', 'feature_coordinates': 'chr2:179526869-179526949', 'probegroup': 'TTN', 'offset_coordinates': 'chr2:179526843-179526974', 'five_prime_bases': 462, 'three_prime_bases': 1954, 'region_id': 'chr2:179526407-179528903'}","{'GRAPES2': None, 'CNVKIT': None, 'DECON': '155', 'GATK_GCNV': None}",False,155,,,,,0.8992350673114085,False
179527967,179528268,chr2,DEL,RB38130,2,1,0,0,1,41.72185430463576,0.52083325,301,"{'ID': 'CDS:ENST00000589042.5', 'Parent': 'ENST00000589042.5', 'gene_id': 'ENSG00000155657.29_1', 'transcript_id': 'ENST00000589042.5_1', 'gene_type': 'protein_coding', 'gene_name': 'TTN', 'transcript_type': 'protein_coding', 'transcript_name': 'TTN-214', 'exon_number': '173', 'exon_id': 'ENSE00002763838.1', 'level': '1', 'protein_id': 'ENSP00000467141.1', 'transcript_support_level': '5', 'hgnc_id': 'HGNC:12403', 'tag': 'inferred_exon_combination,non_submitted_evidence,basic,Ensembl_canonical,MANE_Select,appris_principal_1,exp_conf,CCDS', 'ccdsid': 'CCDS59435.1', 'havana_gene': 'OTTHUMG00000154448.23_1', 'havana_transcript': 'OTTHUMT00000450680.3_1', 'remap_original_location': 'chr2:-:178663266-178663349', 'remap_status': 'full_contig84', 'feature': 'CDS', 'feature_coordinates': 'chr2:179527993-179528076', 'probegroup': 'TTN', 'offset_coordinates': 'chr2:179527967-179528101', 'five_prime_bases': 1586, 'three_prime_bases': 827, 'region_id': 'chr2:179526407-179528903'}","{'GRAPES2': '0.318', 'CNVKIT': None, 'DECON': '46', 'GATK_GCNV': None}",False,46,,,0.318,,0.8992350673114085,False
123586438,123586508,chr6,DUP,RB38130,1,1,0,0,0,25.352112676056336,1.0,70,"{'ID': 'CDS:ENST00000334268.9', 'Parent': 'ENST00000334268.9', 'gene_id': 'ENSG00000186439.14_1', 'transcript_id': 'ENST00000334268.9_1', 'gene_type': 'protein_coding', 'gene_name': 'TRDN', 'transcript_type': 'protein_coding', 'transcript_name': 'TRDN-201', 'exon_number': '33', 'exon_id': 'ENSE00001006436.1', 'level': '2', 'protein_id': 'ENSP00000333984.5', 'transcript_support_level': '1', 'hgnc_id': 'HGNC:12261', 'tag': 'CAGE_supported_TSS,basic,Ensembl_canonical,MANE_Select,appris_principal_3,CCDS', 'ccdsid': 'CCDS55053.1', 'havana_gene': 'OTTHUMG00000015497.4_1', 'havana_transcript': 'OTTHUMT00000042050.3_1', 'remap_original_location': 'chr6:-:123265318-123265338', 'remap_status': 'full_contig21', 'feature': 'CDS', 'feature_coordinates': 'chr6:123586463-123586483', 'probegroup': 'TRDN', 'offset_coordinates': 'chr6:123586437-123586508', 'five_prime_bases': 75, 'three_prime_bases': 73, 'region_id': 'chr6:123586388-123586556'}","{'GRAPES2': None, 'CNVKIT': None, 'DECON': '2.88', 'GATK_GCNV': None}",False,2.88,,,,,0.8992350673114085,False
92678597,92678754,chr10,DEL,RB38130,1,1,0,0,0,39.24050632911392,1.0,157,"{'ID': 'CDS:ENST00000371697.4', 'Parent': 'ENST00000371697.4', 'gene_id': 'ENSG00000148677.7_1', 'transcript_id': 'ENST00000371697.4_1', 'gene_type': 'protein_coding', 'gene_name': 'ANKRD1', 'transcript_type': 'protein_coding', 'transcript_name': 'ANKRD1-201', 'exon_number': '4', 'exon_id': 'ENSE00000986569.1', 'level': '2', 'protein_id': 'ENSP00000360762.3', 'transcript_support_level': '1', 'hgnc_id': 'HGNC:15819', 'tag': 'CAGE_supported_TSS,basic,Ensembl_canonical,MANE_Select,appris_principal_1,CCDS', 'ccdsid': 'CCDS7412.1', 'havana_gene': 'OTTHUMG00000018734.1_1', 'havana_transcript': 'OTTHUMT00000049357.1_1', 'remap_original_location': 'chr10:-:90918865-90918972', 'remap_status': 'full_contig108', 'feature': 'CDS', 'feature_coordinates': 'chr10:92678622-92678729', 'probegroup': 'ANKRD1', 'offset_coordinates': 'chr10:92678596-92678754', 'five_prime_bases': 79, 'three_prime_bases': 371, 'region_id': 'chr10:92678543-92679100'}","{'GRAPES2': None, 'CNVKIT': None, 'DECON': '5.91', 'GATK_GCNV': None}",False,5.91,,,,,0.8992350673114085,False
179527039,179527170,chr2,DEL,RB38130,1,0,0,0,1,41.66666666666667,0.333333,131,"{'ID': 'CDS:ENST00000589042.5', 'Parent': 'ENST00000589042.5', 'gene_id': 'ENSG00000155657.29_1', 'transcript_id': 'ENST00000589042.5_1', 'gene_type': 'protein_coding', 'gene_name': 'TTN', 'transcript_type': 'protein_coding', 'transcript_name': 'TTN-214', 'exon_number': '177', 'exon_id': 'ENSE00002825030.1', 'level': '1', 'protein_id': 'ENSP00000467141.1', 'transcript_support_level': '5', 'hgnc_id': 'HGNC:12403', 'tag': 'inferred_exon_combination,non_submitted_evidence,basic,Ensembl_canonical,MANE_Select,appris_principal_1,exp_conf,CCDS', 'ccdsid': 'CCDS59435.1', 'havana_gene': 'OTTHUMG00000154448.23_1', 'havana_transcript': 'OTTHUMT00000450680.3_1', 'remap_original_location': 'chr2:-:178662338-178662418', 'remap_status': 'full_contig81', 'feature': 'CDS', 'feature_coordinates': 'chr2:179527065-179527145', 'probegroup': 'TTN', 'offset_coordinates': 'chr2:179527039-179527170', 'five_prime_bases': 658, 'three_prime_bases': 1758, 'region_id': 'chr2:179526407-179528903'}","{'GRAPES2': '0.314', 'CNVKIT': None, 'DECON': None, 'GATK_GCNV': None}",False,,,,0.314,,0.8992350673114085,False
111348831,111353644,chr12,DUP,RB38562,5,1,1,0,1,47.98504362276693,1.0,4813,"{'ID': 'CDS:ENST00000228841.15', 'Parent': 'ENST00000228841.15', 'gene_id': 'ENSG00000111245.17_1', 'transcript_id': 'ENST00000228841.15_1', 'gene_type': 'protein_coding', 'gene_name': 'MYL2', 'transcript_type': 'protein_coding', 'transcript_name': 'MYL2-201', 'exon_number': '7', 'exon_id': 'ENSE00003896317.2', 'level': '2', 'protein_id': 'ENSP00000228841.8', 'transcript_support_level': '1', 'hgnc_id': 'HGNC:7583', 'tag': 'basic,Ensembl_canonical,MANE_Select,appris_principal_1,CCDS', 'ccdsid': 'CCDS31901.1', 'havana_gene': 'OTTHUMG00000169535.5_1', 'havana_transcript': 'OTTHUMT00000404677.4_1', 'remap_original_location': 'chr12:-:110911077-110911175', 'remap_status': 'full_contig99', 'feature': 'CDS', 'feature_coordinates': 'chr12:111348881-111348979', 'probegroup': 'MYL2', 'offset_coordinates': 'chr12:111348855-111349004', 'five_prime_bases': 84, 'three_prime_bases': 82, 'region_id': 'chr12:111348797-111349061'}","{'GRAPES2': '1.0', 'CNVKIT': None, 'DECON': '98.6', 'GATK_GCNV': '44.70'}",True,98.6,44.70,,1.0,in_silico,0.8379508048931126,False
179519147,179519747,chr2,DUP,RB38562,3,1,0,0,0,39.10149750415973,0.361111,600,"{'ID': 'CDS:ENST00000589042.5', 'Parent': 'ENST00000589042.5', 'gene_id': 'ENSG00000155657.29_1', 'transcript_id': 'ENST00000589042.5_1', 'gene_type': 'protein_coding', 'gene_name': 'TTN', 'transcript_type': 'protein_coding', 'transcript_name': 'TTN-214', 'exon_number': '192', 'exon_id': 'ENSE00002836035.1', 'level': '1', 'protein_id': 'ENSP00000467141.1', 'transcript_support_level': '5', 'hgnc_id': 'HGNC:12403', 'tag': 'inferred_exon_combination,non_submitted_evidence,basic,Ensembl_canonical,MANE_Select,appris_principal_1,exp_conf,CCDS', 'ccdsid': 'CCDS59435.1', 'havana_gene': 'OTTHUMG00000154448.23_1', 'havana_transcript': 'OTTHUMT00000450680.3_1', 'remap_original_location': 'chr2:-:178654445-178654534', 'remap_status': 'full_contig90', 'feature': 'CDS', 'feature_coordinates': 'chr2:179519172-179519261', 'probegroup': 'TTN', 'offset_coordinates': 'chr2:179519146-179519286', 'five_prime_bases': 3284, 'three_prime_bases': 539, 'region_id': 'chr2:179515888-179519800'}","{'GRAPES2': None, 'CNVKIT': None, 'DECON': '6.71', 'GATK_GCNV': None}",False,6.71,,,,,0.8379508048931126,False
179523707,179524007,chr2,DEL,RB38562,2,1,0,0,0,42.19269102990033,0.361111,300,"{'ID': 'CDS:ENST00000589042.5', 'Parent': 'ENST00000589042.5', 'gene_id': 'ENSG00000155657.29_1', 'transcript_id': 'ENST00000589042.5_1', 'gene_type': 'protein_coding', 'gene_name': 'TTN', 'transcript_type': 'protein_coding', 'transcript_name': 'TTN-214', 'exon_number': '182', 'exon_id': 'ENSE00003809569.1', 'level': '1', 'protein_id': 'ENSP00000467141.1', 'transcript_support_level': '5', 'hgnc_id': 'HGNC:12403', 'tag': 'inferred_exon_combination,non_submitted_evidence,basic,Ensembl_canonical,MANE_Select,appris_principal_1,exp_conf,CCDS', 'ccdsid': 'CCDS59435.1', 'havana_gene': 'OTTHUMG00000154448.23_1', 'havana_transcript': 'OTTHUMT00000450680.3_1', 'remap_original_location': 'chr2:-:178659005-178659088', 'remap_status': 'full_contig84', 'feature': 'CDS', 'feature_coordinates': 'chr2:179523732-179523815', 'probegroup': 'TTN', 'offset_coordinates': 'chr2:179523706-179523840', 'five_prime_bases': 1586, 'three_prime_bases': 245, 'region_id': 'chr2:179522146-179524060'}","{'GRAPES2': None, 'CNVKIT': None, 'DECON': '10.4', 'GATK_GCNV': None}",False,10.4,,,,,0.8379508048931126,False
179527968,179528101,chr2,DUP,RB38562,1,1,0,0,0,43.28358208955223,0.333333,133,"{'ID': 'CDS:ENST00000589042.5', 'Parent': 'ENST00000589042.5', 'gene_id': 'ENSG00000155657.29_1', 'transcript_id': 'ENST00000589042.5_1', 'gene_type': 'protein_coding', 'gene_name': 'TTN', 'transcript_type': 'protein_coding', 'transcript_name': 'TTN-214', 'exon_number': '173', 'exon_id': 'ENSE00002763838.1', 'level': '1', 'protein_id': 'ENSP00000467141.1', 'transcript_support_level': '5', 'hgnc_id': 'HGNC:12403', 'tag': 'inferred_exon_combination,non_submitted_evidence,basic,Ensembl_canonical,MANE_Select,appris_principal_1,exp_conf,CCDS', 'ccdsid': 'CCDS59435.1', 'havana_gene': 'OTTHUMG00000154448.23_1', 'havana_transcript': 'OTTHUMT00000450680.3_1', 'remap_original_location': 'chr2:-:178663266-178663349', 'remap_status': 'full_contig84', 'feature': 'CDS', 'feature_coordinates': 'chr2:179527993-179528076', 'probegroup': 'TTN', 'offset_coordinates': 'chr2:179527967-179528101', 'five_prime_bases': 1586, 'three_prime_bases': 827, 'region_id': 'chr2:179526407-179528903'}","{'GRAPES2': None, 'CNVKIT': None, 'DECON': '4.6', 'GATK_GCNV': None}",False,4.6,,,,,0.8379508048931126,False
189856188,189856282,chr2,DEL,RB38562,1,1,0,0,0,34.73684210526316,1.0,94,"{'ID': 'CDS:ENST00000304636.9', 'Parent': 'ENST00000304636.9', 'gene_id': 'ENSG00000168542.16_1', 'transcript_id': 'ENST00000304636.9_1', 'gene_type': 'protein_coding', 'gene_name': 'COL3A1', 'transcript_type': 'protein_coding', 'transcript_name': 'COL3A1-201', 'exon_number': '12', 'exon_id': 'ENSE00001424552.1', 'level': '2', 'protein_id': 'ENSP00000304408.4', 'transcript_support_level': '1', 'hgnc_id': 'HGNC:2201', 'tag': 'CAGE_supported_TSS,basic,Ensembl_canonical,MANE_Select,appris_principal_1,CCDS', 'ccdsid': 'CCDS2297.1', 'havana_gene': 'OTTHUMG00000132648.7_1', 'havana_transcript': 'OTTHUMT00000255899.4_1', 'remap_original_location': 'chr2:+:188991487-188991531', 'remap_status': 'full_contig45', 'feature': 'CDS', 'feature_coordinates': 'chr2:189856213-189856257', 'probegroup': 'COL3A1', 'offset_coordinates': 'chr2:189856187-189856282', 'five_prime_bases': 75, 'three_prime_bases': 272, 'region_id': 'chr2:189856138-189856529'}","{'GRAPES2': None, 'CNVKIT': None, 'DECON': '2.79', 'GATK_GCNV': None}",False,2.79,,,,,0.8379508048931126,False
88977212,88979280,chr4,DEL,RB38562,2,1,0,0,1,38.37602706621556,0.4205127285714286,2068,"{'ID': 'CDS:ENST00000237596.7', 'Parent': 'ENST00000237596.7', 'gene_id': 'ENSG00000118762.8_1', 'transcript_id': 'ENST00000237596.7_1', 'gene_type': 'protein_coding', 'gene_name': 'PKD2', 'transcript_type': 'protein_coding', 'transcript_name': 'PKD2-201', 'exon_number': '8', 'exon_id': 'ENSE00003553697.1', 'level': '2', 'protein_id': 'ENSP00000237596.2', 'transcript_support_level': '1', 'hgnc_id': 'HGNC:9009', 'tag': 'basic,Ensembl_canonical,MANE_Select,appris_principal_1,CCDS', 'ccdsid': 'CCDS3627.1', 'havana_gene': 'OTTHUMG00000160982.6_1', 'havana_transcript': 'OTTHUMT00000253042.5_1', 'remap_original_location': 'chr4:+:88056086-88056267', 'remap_status': 'full_contig182', 'feature': 'CDS', 'feature_coordinates': 'chr4:88977238-88977419', 'probegroup': 'PKD2', 'offset_coordinates': 'chr4:88977212-88977444', 'five_prime_bases': 30, 'three_prime_bases': 29, 'region_id': 'chr4:88977208-88977448'}","{'GRAPES2': '0.998', 'CNVKIT': None, 'DECON': '31.4', 'GATK_GCNV': None}",True,31.4,,,0.998,in_silico,0.8379508048931126,False
92678597,92679050,chr10,DEL,RB38562,2,1,0,0,0,35.02202643171806,1.0,453,"{'ID': 'CDS:ENST00000371697.4', 'Parent': 'ENST00000371697.4', 'gene_id': 'ENSG00000148677.7_1', 'transcript_id': 'ENST00000371697.4_1', 'gene_type': 'protein_coding', 'gene_name': 'ANKRD1', 'transcript_type': 'protein_coding', 'transcript_name': 'ANKRD1-201', 'exon_number': '4', 'exon_id': 'ENSE00000986569.1', 'level': '2', 'protein_id': 'ENSP00000360762.3', 'transcript_support_level': '1', 'hgnc_id': 'HGNC:15819', 'tag': 'CAGE_supported_TSS,basic,Ensembl_canonical,MANE_Select,appris_principal_1,CCDS', 'ccdsid': 'CCDS7412.1', 'havana_gene': 'OTTHUMG00000018734.1_1', 'havana_transcript': 'OTTHUMT00000049357.1_1', 'remap_original_location': 'chr10:-:90918865-90918972', 'remap_status': 'full_contig108', 'feature': 'CDS', 'feature_coordinates': 'chr10:92678622-92678729', 'probegroup': 'ANKRD1', 'offset_coordinates': 'chr10:92678596-92678754', 'five_prime_bases': 79, 'three_prime_bases': 371, 'region_id': 'chr10:92678543-92679100'}","{'GRAPES2': None, 'CNVKIT': None, 'DECON': '12.4', 'GATK_GCNV': None}",False,12.4,,,,,0.8379508048931126,False
22059035,22059247,chr12,DUP,RB38562,1,1,0,0,0,33.80281690140845,1.0,212,"{'ID': 'CDS:ENST00000261200.9', 'Parent': 'ENST00000261200.9', 'gene_id': 'ENSG00000069431.14_1', 'transcript_id': 'ENST00000261200.9_1', 'gene_type': 'protein_coding', 'gene_name': 'ABCC9', 'transcript_type': 'protein_coding', 'transcript_name': 'ABCC9-201', 'exon_number': '12', 'exon_id': 'ENSE00000822328.1', 'level': '2', 'protein_id': 'ENSP00000261200.4', 'transcript_support_level': '5', 'hgnc_id': 'HGNC:60', 'tag': 'CAGE_supported_TSS,basic,Ensembl_canonical,MANE_Select,appris_principal_5,CCDS', 'ccdsid': 'CCDS8693.1', 'havana_gene': 'OTTHUMG00000169094.4_1', 'havana_transcript': 'OTTHUMT00000402228.2_1', 'remap_original_location': 'chr12:-:21906126-21906288', 'remap_status': 'full_contig163', 'feature': 'CDS', 'feature_coordinates': 'chr12:22059060-22059222', 'probegroup': 'ABCC9', 'offset_coordinates': 'chr12:22059034-22059247', 'five_prime_bases': 76, 'three_prime_bases': 74, 'region_id': 'chr12:22058984-22059296'}","{'GRAPES2': None, 'CNVKIT': None, 'DECON': '18.9', 'GATK_GCNV': None}",True,18.9,,,,in_silico,0.8379508048931126,False
38591549,38641749,chr15,DEL,RB38562,5,1,0,0,0,33.957490886635725,0.44433721750000005,50200,"{'ID': 'CDS:ENST00000299084.9', 'Parent': 'ENST00000299084.9', 'gene_id': 'ENSG00000166068.13_1', 'transcript_id': 'ENST00000299084.9_1', 'gene_type': 'protein_coding', 'gene_name': 'SPRED1', 'transcript_type': 'protein_coding', 'transcript_name': 'SPRED1-201', 'exon_number': '2', 'exon_id': 'ENSE00003513959.1', 'level': '2', 'protein_id': 'ENSP00000299084.4', 'transcript_support_level': '1', 'hgnc_id': 'HGNC:20249', 'tag': 'basic,Ensembl_canonical,MANE_Select,appris_principal_1,CCDS', 'ccdsid': 'CCDS32193.1', 'havana_gene': 'OTTHUMG00000172377.4_1', 'havana_transcript': 'OTTHUMT00000418217.2_1', 'remap_original_location': 'chr15:+:38299373-38299547', 'remap_status': 'full_contig175', 'feature': 'CDS', 'feature_coordinates': 'chr15:38591574-38591748', 'probegroup': 'SPRED1', 'offset_coordinates': 'chr15:38591548-38591773', 'five_prime_bases': 34, 'three_prime_bases': 32, 'region_id': 'chr15:38591540-38591780'}","{'GRAPES2': None, 'CNVKIT': None, 'DECON': '17.7', 'GATK_GCNV': None}",False,17.7,,,,,0.8379508048931126,False
2152037,2152282,chr16,DEL,RB38562,1,1,0,0,0,65.4471544715447,0.2166668,245,"{'ID': 'CDS:ENST00000262304.9', 'Parent': 'ENST00000262304.9', 'gene_id': 'ENSG00000008710.20_1', 'transcript_id': 'ENST00000262304.9_1', 'gene_type': 'protein_coding', 'gene_name': 'PKD1', 'transcript_type': 'protein_coding', 'transcript_name': 'PKD1-201', 'exon_number': '26', 'exon_id': 'ENSE00003665951.1', 'level': '2', 'protein_id': 'ENSP00000262304.4', 'transcript_support_level': '1', 'hgnc_id': 'HGNC:9008', 'tag': 'basic,Ensembl_canonical,MANE_Select,appris_principal_3,CCDS', 'ccdsid': 'CCDS32369.1', 'havana_gene': 'OTTHUMG00000155795.6_1', 'havana_transcript': 'OTTHUMT00000341688.2_1', 'remap_original_location': 'chr16:-:2102061-2102256', 'remap_status': 'full_contig196', 'feature': 'CDS', 'feature_coordinates': 'chr16:2152062-2152257', 'probegroup': 'PKD1', 'offset_coordinates': 'chr16:2152036-2152282', 'five_prime_bases': 35, 'three_prime_bases': 791, 'region_id': 'chr16:2152027-2153048'}","{'GRAPES2': None, 'CNVKIT': None, 'DECON': '2.84', 'GATK_GCNV': None}",False,2.84,,,,,0.8379508048931126,False
3067235,3067578,chr18,DEL,RB38562,1,1,0,0,0,59.883720930232556,1.0,343,"{'ID': 'CDS:ENST00000356443.9', 'Parent': 'ENST00000356443.9', 'gene_id': 'ENSG00000101605.14_1', 'transcript_id': 'ENST00000356443.9_1', 'gene_type': 'protein_coding', 'gene_name': 'MYOM1', 'transcript_type': 'protein_coding', 'transcript_name': 'MYOM1-202', 'exon_number': '38', 'exon_id': 'ENSE00001615622.2', 'level': '2', 'protein_id': 'ENSP00000348821.4', 'transcript_support_level': '1', 'hgnc_id': 'HGNC:7613', 'tag': 'CAGE_supported_TSS,basic,Ensembl_canonical,MANE_Select,appris_principal_4,CCDS', 'ccdsid': 'CCDS45824.1', 'havana_gene': 'OTTHUMG00000178209.7_1', 'havana_transcript': 'OTTHUMT00000441037.3_1', 'remap_original_location': 'chr18:-:3067262-3067555', 'remap_status': 'full_contig294', 'feature': 'CDS', 'feature_coordinates': 'chr18:3067260-3067553', 'probegroup': 'MYOM1', 'offset_coordinates': 'chr18:3067234-3067578', 'five_prime_bases': 34, 'three_prime_bases': 33, 'region_id': 'chr18:3067226-3067586'}","{'GRAPES2': None, 'CNVKIT': None, 'DECON': '14.8', 'GATK_GCNV': None}",True,14.8,,,,in_silico,0.8379508048931126,False
40405477,40405683,chr2,DUP,RB37875,1,1,1,0,1,48.309178743961354,1.0,206,"{'ID': 'CDS:ENST00000332839.8', 'Parent': 'ENST00000332839.8', 'gene_id': 'ENSG00000183023.18_1', 'transcript_id': 'ENST00000332839.8_1', 'gene_type': 'protein_coding', 'gene_name': 'SLC8A1', 'transcript_type': 'protein_coding', 'transcript_name': 'SLC8A1-201', 'exon_number': '2', 'exon_id': 'ENSE00001327652.1', 'level': '3', 'protein_id': 'ENSP00000332931.4', 'transcript_support_level': '1', 'hgnc_id': 'HGNC:11068', 'tag': 'basic,appris_principal_3,CCDS', 'ccdsid': 'CCDS1806.1', 'havana_gene': 'OTTHUMG00000102183.9_1', 'remap_original_location': 'chr2:-:40178387-40178493', 'remap_status': 'full_contig107', 'feature': 'CDS', 'feature_coordinates': 'chr2:40405527-40405633', 'probegroup': 'SLC8A1', 'offset_coordinates': 'chr2:40405501-40405658', 'five_prime_bases': 80, 'three_prime_bases': 78, 'region_id': 'chr2:40405447-40405711'}","{'GRAPES2': '0.942', 'CNVKIT': None, 'DECON': '24.6', 'GATK_GCNV': '38.40'}",False,24.6,38.40,,0.942,,0.92354820828693,False
65155378,65165785,chr4,DEL,RB37875,2,0,1,0,0,28.99692544196772,0.5866666,10407,"{'ID': 'CDS:ENST00000381210.8', 'Parent': 'ENST00000381210.8', 'gene_id': 'ENSG00000205678.8_1', 'transcript_id': 'ENST00000381210.8_1', 'gene_type': 'protein_coding', 'gene_name': 'TECRL', 'transcript_type': 'protein_coding', 'transcript_name': 'TECRL-201', 'exon_number': '9', 'exon_id': 'ENSE00001487810.1', 'level': '2', 'protein_id': 'ENSP00000370607.3', 'transcript_support_level': '1', 'hgnc_id': 'HGNC:27365', 'tag': 'basic,Ensembl_canonical,MANE_Select,appris_principal_1,CCDS', 'ccdsid': 'CCDS33990.1', 'havana_gene': 'OTTHUMG00000160680.8_1', 'havana_transcript': 'OTTHUMT00000361705.5_1', 'remap_original_location': 'chr4:-:64289710-64289767', 'remap_status': 'full_contig58', 'feature': 'CDS', 'feature_coordinates': 'chr4:65155428-65155485', 'probegroup': 'TECRL', 'offset_coordinates': 'chr4:65155402-65155510', 'five_prime_bases': 80, 'three_prime_bases': 79, 'region_id': 'chr4:65155348-65155564'}","{'GRAPES2': None, 'CNVKIT': None, 'DECON': None, 'GATK_GCNV': '46.29'}",False,,46.29,,,,0.92354820828693,False
75890605,75890977,chr6,DEL,RB37875,1,1,1,0,1,42.62734584450402,1.0,372,"{'ID': 'CDS:ENST00000322507.13', 'Parent': 'ENST00000322507.13', 'gene_id': 'ENSG00000111799.22_1', 'transcript_id': 'ENST00000322507.13_1', 'gene_type': 'protein_coding', 'gene_name': 'COL12A1', 'transcript_type': 'protein_coding', 'transcript_name': 'COL12A1-201', 'exon_number': '11', 'exon_id': 'ENSE00003510943.1', 'level': '2', 'protein_id': 'ENSP00000325146.8', 'transcript_support_level': '1', 'hgnc_id': 'HGNC:2188', 'tag': 'basic,Ensembl_canonical,MANE_Select,appris_principal_2,CCDS', 'ccdsid': 'CCDS43482.1', 'havana_gene': 'OTTHUMG00000015051.8_1', 'havana_transcript': 'OTTHUMT00000041249.4_1', 'remap_original_location': 'chr6:-:75180939-75181211', 'remap_status': 'full_contig273', 'feature': 'CDS', 'feature_coordinates': 'chr6:75890655-75890927', 'probegroup': 'COL12A1', 'offset_coordinates': 'chr6:75890629-75890952', 'five_prime_bases': 33, 'three_prime_bases': 31, 'region_id': 'chr6:75890622-75890958'}","{'GRAPES2': '0.424', 'CNVKIT': None, 'DECON': '21.7', 'GATK_GCNV': '206.20'}",True,21.7,206.20,,0.424,in_silico,0.92354820828693,False
83689731,83823952,chr7,DEL,RB37875,5,1,1,0,1,34.464543815469895,0.12038756524308308,134221,"{'ID': 'CDS:ENST00000265362.9', 'Parent': 'ENST00000265362.9', 'gene_id': 'ENSG00000075213.11_1', 'transcript_id': 'ENST00000265362.9_1', 'gene_type': 'protein_coding', 'gene_name': 'SEMA3A', 'transcript_type': 'protein_coding', 'transcript_name': 'SEMA3A-201', 'exon_number': '5', 'exon_id': 'ENSE00000700495.1', 'level': '2', 'protein_id': 'ENSP00000265362.3', 'transcript_support_level': '1', 'hgnc_id': 'HGNC:10723', 'tag': 'basic,Ensembl_canonical,MANE_Select,appris_principal_1,CCDS', 'ccdsid': 'CCDS5599.1', 'havana_gene': 'OTTHUMG00000023443.16_1', 'havana_transcript': 'OTTHUMT00000253355.3_1', 'remap_original_location': 'chr7:-:84060465-84060558', 'remap_status': 'full_contig94', 'feature': 'CDS', 'feature_coordinates': 'chr7:83689781-83689874', 'probegroup': 'SEMA3A', 'offset_coordinates': 'chr7:83689755-83689899', 'five_prime_bases': 74, 'three_prime_bases': 73, 'region_id': 'chr7:83689707-83689947'}","{'GRAPES2': '0.998', 'CNVKIT': None, 'DECON': '103', 'GATK_GCNV': '1427'}",True,103,1427,,0.998,in_silico,0.92354820828693,False
94044488,94044632,chr7,DUP,RB37875,1,1,1,0,1,38.62068965517241,1.0,144,"{'ID': 'CDS:ENST00000297268.11', 'Parent': 'ENST00000297268.11', 'gene_id': 'ENSG00000164692.19_1', 'transcript_id': 'ENST00000297268.11_1', 'gene_type': 'protein_coding', 'gene_name': 'COL1A2', 'transcript_type': 'protein_coding', 'transcript_name': 'COL1A2-201', 'exon_number': '30', 'exon_id': 'ENSE00003564746.1', 'level': '2', 'protein_id': 'ENSP00000297268.6', 'transcript_support_level': '1', 'hgnc_id': 'HGNC:2198', 'tag': 'basic,Ensembl_canonical,MANE_Select,appris_principal_1,CCDS', 'ccdsid': 'CCDS34682.1', 'havana_gene': 'OTTHUMG00000148675.3_1', 'havana_transcript': 'OTTHUMT00000309045.3_1', 'remap_original_location': 'chr7:+:94415226-94415270', 'remap_status': 'full_contig45', 'feature': 'CDS', 'feature_coordinates': 'chr7:94044538-94044582', 'probegroup': 'COL1A2', 'offset_coordinates': 'chr7:94044512-94044607', 'five_prime_bases': 75, 'three_prime_bases': 73, 'region_id': 'chr7:94044463-94044655'}","{'GRAPES2': '0.955', 'CNVKIT': None, 'DECON': '21.5', 'GATK_GCNV': '28.76'}",False,21.5,28.76,,0.955,,0.92354820828693,False
179527040,179527368,chr2,DEL,RB37875,2,1,0,0,0,40.42553191489361,0.4166665,328,"{'ID': 'CDS:ENST00000589042.5', 'Parent': 'ENST00000589042.5', 'gene_id': 'ENSG00000155657.29_1', 'transcript_id': 'ENST00000589042.5_1', 'gene_type': 'protein_coding', 'gene_name': 'TTN', 'transcript_type': 'protein_coding', 'transcript_name': 'TTN-214', 'exon_number': '177', 'exon_id': 'ENSE00002825030.1', 'level': '1', 'protein_id': 'ENSP00000467141.1', 'transcript_support_level': '5', 'hgnc_id': 'HGNC:12403', 'tag': 'inferred_exon_combination,non_submitted_evidence,basic,Ensembl_canonical,MANE_Select,appris_principal_1,exp_conf,CCDS', 'ccdsid': 'CCDS59435.1', 'havana_gene': 'OTTHUMG00000154448.23_1', 'havana_transcript': 'OTTHUMT00000450680.3_1', 'remap_original_location': 'chr2:-:178662338-178662418', 'remap_status': 'full_contig81', 'feature': 'CDS', 'feature_coordinates': 'chr2:179527065-179527145', 'probegroup': 'TTN', 'offset_coordinates': 'chr2:179527039-179527170', 'five_prime_bases': 658, 'three_prime_bases': 1758, 'region_id': 'chr2:179526407-179528903'}","{'GRAPES2': None, 'CNVKIT': None, 'DECON': '3.5', 'GATK_GCNV': None}",False,3.5,,,,,0.92354820828693,False
7577167,7577300,chr6,DUP,RB37875,1,1,0,0,0,32.83582089552239,1.0,133,"{'ID': 'CDS:ENST00000379802.8', 'Parent': 'ENST00000379802.8', 'gene_id': 'ENSG00000096696.15_1', 'transcript_id': 'ENST00000379802.8_1', 'gene_type': 'protein_coding', 'gene_name': 'DSP', 'transcript_type': 'protein_coding', 'transcript_name': 'DSP-201', 'exon_number': '20', 'exon_id': 'ENSE00001154962.1', 'level': '2', 'protein_id': 'ENSP00000369129.3', 'transcript_support_level': '1', 'hgnc_id': 'HGNC:3052', 'tag': 'basic,Ensembl_canonical,MANE_Select,appris_principal_3,CCDS', 'ccdsid': 'CCDS4501.1', 'havana_gene': 'OTTHUMG00000014212.5_1', 'havana_transcript': 'OTTHUMT00000039786.4_1', 'remap_original_location': 'chr6:+:7576959-7577042', 'remap_status': 'full_contig84', 'feature': 'CDS', 'feature_coordinates': 'chr6:7577192-7577275', 'probegroup': 'DSP', 'offset_coordinates': 'chr6:7577166-7577300', 'five_prime_bases': 79, 'three_prime_bases': 78, 'region_id': 'chr6:7577113-7577353'}","{'GRAPES2': None, 'CNVKIT': None, 'DECON': '6.53', 'GATK_GCNV': None}",False,6.53,,,,,0.92354820828693,False
18825005,18825150,chr10,DUP,RB37875,1,1,0,0,0,36.986301369863014,1.0,145,"{'ID': 'CDS:ENST00000324631.13', 'Parent': 'ENST00000324631.13', 'gene_id': 'ENSG00000165995.23_1', 'transcript_id': 'ENST00000324631.13_1', 'gene_type': 'protein_coding', 'gene_name': 'CACNB2', 'transcript_type': 'protein_coding', 'transcript_name': 'CACNB2-202', 'exon_number': '12', 'exon_id': 'ENSE00001737387.1', 'level': '2', 'protein_id': 'ENSP00000320025.8', 'transcript_support_level': '1', 'hgnc_id': 'HGNC:1402', 'tag': 'basic,Ensembl_canonical,MANE_Select,CCDS', 'ccdsid': 'CCDS7125.1', 'havana_gene': 'OTTHUMG00000017764.9_1', 'havana_transcript': 'OTTHUMT00000047072.3_1', 'remap_original_location': 'chr10:+:18536101-18536196', 'remap_status': 'full_contig96', 'feature': 'CDS', 'feature_coordinates': 'chr10:18825030-18825125', 'probegroup': 'CACNB2', 'offset_coordinates': 'chr10:18825004-18825150', 'five_prime_bases': 85, 'three_prime_bases': 84, 'region_id': 'chr10:18824945-18825209'}","{'GRAPES2': None, 'CNVKIT': None, 'DECON': '2.8', 'GATK_GCNV': None}",False,2.8,,,,,0.92354820828693,False
92678597,92678754,chr10,DEL,RB37875,1,1,0,0,0,39.24050632911392,1.0,157,"{'ID': 'CDS:ENST00000371697.4', 'Parent': 'ENST00000371697.4', 'gene_id': 'ENSG00000148677.7_1', 'transcript_id': 'ENST00000371697.4_1', 'gene_type': 'protein_coding', 'gene_name': 'ANKRD1', 'transcript_type': 'protein_coding', 'transcript_name': 'ANKRD1-201', 'exon_number': '4', 'exon_id': 'ENSE00000986569.1', 'level': '2', 'protein_id': 'ENSP00000360762.3', 'transcript_support_level': '1', 'hgnc_id': 'HGNC:15819', 'tag': 'CAGE_supported_TSS,basic,Ensembl_canonical,MANE_Select,appris_principal_1,CCDS', 'ccdsid': 'CCDS7412.1', 'havana_gene': 'OTTHUMG00000018734.1_1', 'havana_transcript': 'OTTHUMT00000049357.1_1', 'remap_original_location': 'chr10:-:90918865-90918972', 'remap_status': 'full_contig108', 'feature': 'CDS', 'feature_coordinates': 'chr10:92678622-92678729', 'probegroup': 'ANKRD1', 'offset_coordinates': 'chr10:92678596-92678754', 'five_prime_bases': 79, 'three_prime_bases': 371, 'region_id': 'chr10:92678543-92679100'}","{'GRAPES2': None, 'CNVKIT': None, 'DECON': '10.8', 'GATK_GCNV': None}",False,10.8,,,,,0.92354820828693,False
192053100,192078377,chr3,DEL,RB38596,2,1,1,0,1,35.43397420682016,0.17795318526041662,25277,"{'ID': 'CDS:ENST00000445105.7', 'Parent': 'ENST00000445105.7', 'gene_id': 'ENSG00000114279.15_1', 'transcript_id': 'ENST00000445105.7_1', 'gene_type': 'protein_coding', 'gene_name': 'FGF12', 'transcript_type': 'protein_coding', 'transcript_name': 'FGF12-204', 'exon_number': '4', 'exon_id': 'ENSE00002207494.1', 'level': '2', 'protein_id': 'ENSP00000393686.1', 'transcript_support_level': '1', 'hgnc_id': 'HGNC:3668', 'tag': 'CAGE_supported_TSS,basic,Ensembl_canonical,MANE_Select,appris_alternative_1,CCDS', 'ccdsid': 'CCDS46983.1', 'havana_gene': 'OTTHUMG00000156132.5_1', 'havana_transcript': 'OTTHUMT00000343100.3_1', 'remap_original_location': 'chr3:-:192335361-192335464', 'remap_status': 'full_contig104', 'feature': 'CDS', 'feature_coordinates': 'chr3:192053150-192053253', 'probegroup': 'FGF12', 'offset_coordinates': 'chr3:192053124-192053278', 'five_prime_bases': 81, 'three_prime_bases': 80, 'region_id': 'chr3:192053069-192053333'}","{'GRAPES2': '1.0', 'CNVKIT': None, 'DECON': '46.3', 'GATK_GCNV': '570.38'}",True,46.3,570.38,,1.0,in_silico,0.9292823227577084,False
127714414,127714633,chr5,DEL,RB38596,1,1,1,0,0,38.63636363636363,1.0,219,"{'ID': 'CDS:ENST00000262464.9', 'Parent': 'ENST00000262464.9', 'gene_id': 'ENSG00000138829.12_1', 'transcript_id': 'ENST00000262464.9_1', 'gene_type': 'protein_coding', 'gene_name': 'FBN2', 'transcript_type': 'protein_coding', 'transcript_name': 'FBN2-201', 'exon_number': '12', 'exon_id': 'ENSE00003891171.1', 'level': '2', 'protein_id': 'ENSP00000262464.4', 'transcript_support_level': '1', 'hgnc_id': 'HGNC:3604', 'tag': 'basic,Ensembl_canonical,MANE_Select,appris_principal_1,CCDS', 'ccdsid': 'CCDS34222.1', 'havana_gene': 'OTTHUMG00000163082.4_1', 'havana_transcript': 'OTTHUMT00000504447.2_1', 'remap_original_location': 'chr5:-:128378771-128378890', 'remap_status': 'full_contig120', 'feature': 'CDS', 'feature_coordinates': 'chr5:127714464-127714583', 'probegroup': 'FBN2', 'offset_coordinates': 'chr5:127714438-127714608', 'five_prime_bases': 85, 'three_prime_bases': 84, 'region_id': 'chr5:127714379-127714667'}","{'GRAPES2': None, 'CNVKIT': None, 'DECON': '23.4', 'GATK_GCNV': '446.53'}",True,23.4,446.53,,,in_silico,0.9292823227577084,False
30062231,30066174,chr7,DUP,RB38596,2,1,1,0,1,41.632860040567955,0.5441849357142857,3943,"{'ID': 'CDS:ENST00000222803.10', 'Parent': 'ENST00000222803.10', 'gene_id': 'ENSG00000106080.11_1', 'transcript_id': 'ENST00000222803.10_1', 'gene_type': 'protein_coding', 'gene_name': 'FKBP14', 'transcript_type': 'protein_coding', 'transcript_name': 'FKBP14-201', 'exon_number': '2', 'exon_id': 'ENSE00000674693.1', 'level': '2', 'protein_id': 'ENSP00000222803.5', 'transcript_support_level': '1', 'hgnc_id': 'HGNC:18625', 'tag': 'basic,Ensembl_canonical,MANE_Select,appris_principal_1,CCDS', 'ccdsid': 'CCDS5423.1', 'havana_gene': 'OTTHUMG00000023442.4_1', 'havana_transcript': 'OTTHUMT00000214229.2_1', 'remap_original_location': 'chr7:-:30022665-30022816', 'remap_status': 'full_contig152', 'feature': 'CDS', 'feature_coordinates': 'chr7:30062281-30062432', 'probegroup': 'FKBP14', 'offset_coordinates': 'chr7:30062255-30062457', 'five_prime_bases': 81, 'three_prime_bases': 80, 'region_id': 'chr7:30062200-30062512'}","{'GRAPES2': '0.971', 'CNVKIT': None, 'DECON': '46.2', 'GATK_GCNV': '73.18'}",True,46.2,73.18,,0.971,in_silico,0.9292823227577084,False
52476698,52476923,chr15,DUP,RB38596,1,1,1,0,1,37.610619469026545,1.0,225,"{'ID': 'CDS:ENST00000261837.12', 'Parent': 'ENST00000261837.12', 'gene_id': 'ENSG00000069966.19_1', 'transcript_id': 'ENST00000261837.12_1', 'gene_type': 'protein_coding', 'gene_name': 'GNB5', 'transcript_type': 'protein_coding', 'transcript_name': 'GNB5-201', 'exon_number': '2', 'exon_id': 'ENSE00003613960.1', 'level': '2', 'protein_id': 'ENSP00000261837.7', 'transcript_support_level': '5', 'hgnc_id': 'HGNC:4401', 'tag': 'basic,Ensembl_canonical,MANE_Select,appris_principal_3,CCDS', 'ccdsid': 'CCDS10149.1', 'havana_gene': 'OTTHUMG00000131892.4_1', 'havana_transcript': 'OTTHUMT00000254842.2_1', 'remap_original_location': 'chr15:-:52184551-52184676', 'remap_status': 'full_contig126', 'feature': 'CDS', 'feature_coordinates': 'chr15:52476748-52476873', 'probegroup': 'GNB5', 'offset_coordinates': 'chr15:52476722-52476898', 'five_prime_bases': 82, 'three_prime_bases': 81, 'region_id': 'chr15:52476666-52476954'}","{'GRAPES2': '0.87', 'CNVKIT': None, 'DECON': '25.5', 'GATK_GCNV': '78.56'}",True,25.5,78.56,,0.87,in_silico,0.9292823227577084,False
179519147,179522333,chr2,DEL,RB38596,4,1,0,0,0,39.661123313460934,0.10489960587878781,3186,"{'ID': 'CDS:ENST00000589042.5', 'Parent': 'ENST00000589042.5', 'gene_id': 'ENSG00000155657.29_1', 'transcript_id': 'ENST00000589042.5_1', 'gene_type': 'protein_coding', 'gene_name': 'TTN', 'transcript_type': 'protein_coding', 'transcript_name': 'TTN-214', 'exon_number': '192', 'exon_id': 'ENSE00002836035.1', 'level': '1', 'protein_id': 'ENSP00000467141.1', 'transcript_support_level': '5', 'hgnc_id': 'HGNC:12403', 'tag': 'inferred_exon_combination,non_submitted_evidence,basic,Ensembl_canonical,MANE_Select,appris_principal_1,exp_conf,CCDS', 'ccdsid': 'CCDS59435.1', 'havana_gene': 'OTTHUMG00000154448.23_1', 'havana_transcript': 'OTTHUMT00000450680.3_1', 'remap_original_location': 'chr2:-:178654445-178654534', 'remap_status': 'full_contig90', 'feature': 'CDS', 'feature_coordinates': 'chr2:179519172-179519261', 'probegroup': 'TTN', 'offset_coordinates': 'chr2:179519146-179519286', 'five_prime_bases': 3284, 'three_prime_bases': 539, 'region_id': 'chr2:179515888-179519800'}","{'GRAPES2': None, 'CNVKIT': None, 'DECON': '48.7', 'GATK_GCNV': None}",False,48.7,,,,,0.9292823227577084,False
179523707,179524007,chr2,DUP,RB38596,2,1,0,0,0,42.19269102990033,0.361111,300,"{'ID': 'CDS:ENST00000589042.5', 'Parent': 'ENST00000589042.5', 'gene_id': 'ENSG00000155657.29_1', 'transcript_id': 'ENST00000589042.5_1', 'gene_type': 'protein_coding', 'gene_name': 'TTN', 'transcript_type': 'protein_coding', 'transcript_name': 'TTN-214', 'exon_number': '182', 'exon_id': 'ENSE00003809569.1', 'level': '1', 'protein_id': 'ENSP00000467141.1', 'transcript_support_level': '5', 'hgnc_id': 'HGNC:12403', 'tag': 'inferred_exon_combination,non_submitted_evidence,basic,Ensembl_canonical,MANE_Select,appris_principal_1,exp_conf,CCDS', 'ccdsid': 'CCDS59435.1', 'havana_gene': 'OTTHUMG00000154448.23_1', 'havana_transcript': 'OTTHUMT00000450680.3_1', 'remap_original_location': 'chr2:-:178659005-178659088', 'remap_status': 'full_contig84', 'feature': 'CDS', 'feature_coordinates': 'chr2:179523732-179523815', 'probegroup': 'TTN', 'offset_coordinates': 'chr2:179523706-179523840', 'five_prime_bases': 1586, 'three_prime_bases': 245, 'region_id': 'chr2:179522146-179524060'}","{'GRAPES2': None, 'CNVKIT': None, 'DECON': '6.03', 'GATK_GCNV': None}",False,6.03,,,,,0.9292823227577084,False
92678597,92679050,chr10,DUP,RB38596,2,1,0,0,0,35.02202643171806,1.0,453,"{'ID': 'CDS:ENST00000371697.4', 'Parent': 'ENST00000371697.4', 'gene_id': 'ENSG00000148677.7_1', 'transcript_id': 'ENST00000371697.4_1', 'gene_type': 'protein_coding', 'gene_name': 'ANKRD1', 'transcript_type': 'protein_coding', 'transcript_name': 'ANKRD1-201', 'exon_number': '4', 'exon_id': 'ENSE00000986569.1', 'level': '2', 'protein_id': 'ENSP00000360762.3', 'transcript_support_level': '1', 'hgnc_id': 'HGNC:15819', 'tag': 'CAGE_supported_TSS,basic,Ensembl_canonical,MANE_Select,appris_principal_1,CCDS', 'ccdsid': 'CCDS7412.1', 'havana_gene': 'OTTHUMG00000018734.1_1', 'havana_transcript': 'OTTHUMT00000049357.1_1', 'remap_original_location': 'chr10:-:90918865-90918972', 'remap_status': 'full_contig108', 'feature': 'CDS', 'feature_coordinates': 'chr10:92678622-92678729', 'probegroup': 'ANKRD1', 'offset_coordinates': 'chr10:92678596-92678754', 'five_prime_bases': 79, 'three_prime_bases': 371, 'region_id': 'chr10:92678543-92679100'}","{'GRAPES2': None, 'CNVKIT': None, 'DECON': '17.9', 'GATK_GCNV': None}",False,17.9,,,,,0.9292823227577084,False
237868463,237868693,chr1,DEL,RB38566,1,1,1,0,1,38.095238095238095,1.0,230,"{'ID': 'CDS:ENST00000366574.7', 'Parent': 'ENST00000366574.7', 'gene_id': 'ENSG00000198626.18_1', 'transcript_id': 'ENST00000366574.7_1', 'gene_type': 'protein_coding', 'gene_name': 'RYR2', 'transcript_type': 'protein_coding', 'transcript_name': 'RYR2-201', 'exon_number': '67', 'exon_id': 'ENSE00001165465.1', 'level': '2', 'protein_id': 'ENSP00000355533.2', 'transcript_support_level': '1', 'hgnc_id': 'HGNC:10484', 'tag': 'non_canonical_conserved,basic,Ensembl_canonical,MANE_Select,appris_principal_1,CCDS', 'ccdsid': 'CCDS55691.1', 'havana_gene': 'OTTHUMG00000039543.5_1', 'havana_transcript': 'OTTHUMT00000095402.3_1', 'remap_original_location': 'chr1:+:237705213-237705343', 'remap_status': 'full_contig131', 'feature': 'CDS', 'feature_coordinates': 'chr1:237868513-237868643', 'probegroup': 'RYR2', 'offset_coordinates': 'chr1:237868487-237868668', 'five_prime_bases': 80, 'three_prime_bases': 78, 'region_id': 'chr1:237868433-237868721'}","{'GRAPES2': '0.654', 'CNVKIT': None, 'DECON': '8.24', 'GATK_GCNV': '32.05'}",True,8.24,32.05,,0.654,in_silico,0.8531670202907305,False
30062231,30066174,chr7,DEL,RB38566,2,1,1,0,0,41.632860040567955,0.5441849357142857,3943,"{'ID': 'CDS:ENST00000222803.10', 'Parent': 'ENST00000222803.10', 'gene_id': 'ENSG00000106080.11_1', 'transcript_id': 'ENST00000222803.10_1', 'gene_type': 'protein_coding', 'gene_name': 'FKBP14', 'transcript_type': 'protein_coding', 'transcript_name': 'FKBP14-201', 'exon_number': '2', 'exon_id': 'ENSE00000674693.1', 'level': '2', 'protein_id': 'ENSP00000222803.5', 'transcript_support_level': '1', 'hgnc_id': 'HGNC:18625', 'tag': 'basic,Ensembl_canonical,MANE_Select,appris_principal_1,CCDS', 'ccdsid': 'CCDS5423.1', 'havana_gene': 'OTTHUMG00000023442.4_1', 'havana_transcript': 'OTTHUMT00000214229.2_1', 'remap_original_location': 'chr7:-:30022665-30022816', 'remap_status': 'full_contig152', 'feature': 'CDS', 'feature_coordinates': 'chr7:30062281-30062432', 'probegroup': 'FKBP14', 'offset_coordinates': 'chr7:30062255-30062457', 'five_prime_bases': 81, 'three_prime_bases': 80, 'region_id': 'chr7:30062200-30062512'}","{'GRAPES2': None, 'CNVKIT': None, 'DECON': '12.1', 'GATK_GCNV': '70.11'}",True,12.1,70.11,,,in_silico,0.8531670202907305,False
31697442,31747915,chrX,DUP,RB38566,2,0,1,0,1,36.62479692514958,0.11717376817599995,50473,"{'ID': 'CDS:ENST00000357033.9', 'Parent': 'ENST00000357033.9', 'gene_id': 'ENSG00000198947.18_1', 'transcript_id': 'ENST00000357033.9_1', 'gene_type': 'protein_coding', 'gene_name': 'DMD', 'transcript_type': 'protein_coding', 'transcript_name': 'DMD-203', 'exon_number': '53', 'exon_id': 'ENSE00001258577.1', 'level': '2', 'protein_id': 'ENSP00000354923.3', 'transcript_support_level': '1', 'hgnc_id': 'HGNC:2928', 'tag': 'basic,Ensembl_canonical,MANE_Select,appris_principal_3,CCDS', 'ccdsid': 'CCDS14233.1', 'havana_gene': 'OTTHUMG00000021336.7_1', 'havana_transcript': 'OTTHUMT00000056182.2_1', 'remap_original_location': 'chrX:-:31679375-31679586', 'remap_status': 'full_contig212', 'feature': 'CDS', 'feature_coordinates': 'chrX:31697492-31697703', 'probegroup': 'DMD', 'offset_coordinates': 'chrX:31697466-31697728', 'five_prime_bases': 27, 'three_prime_bases': 26, 'region_id': 'chrX:31697465-31697729'}","{'GRAPES2': '1.0', 'CNVKIT': None, 'DECON': None, 'GATK_GCNV': '11.79'}",True,,11.79,,1.0,in_silico,0.8531670202907305,False
78398942,78399189,chr1,DUP,RB38566,1,1,0,0,0,31.85483870967742,1.0,247,"{'ID': 'CDS:ENST00000334785.12', 'Parent': 'ENST00000334785.12', 'gene_id': 'ENSG00000162614.19_1', 'transcript_id': 'ENST00000334785.12_1', 'gene_type': 'protein_coding', 'gene_name': 'NEXN', 'transcript_type': 'protein_coding', 'transcript_name': 'NEXN-202', 'exon_number': '10', 'exon_id': 'ENSE00003632010.1', 'level': '2', 'protein_id': 'ENSP00000333938.7', 'transcript_support_level': '1', 'hgnc_id': 'HGNC:29557', 'tag': 'basic,Ensembl_canonical,MANE_Select,appris_principal_3,CCDS', 'ccdsid': 'CCDS41351.1', 'havana_gene': 'OTTHUMG00000040533.4_1', 'havana_transcript': 'OTTHUMT00000097549.1_1', 'remap_original_location': 'chr1:+:77933282-77933479', 'remap_status': 'full_contig198', 'feature': 'CDS', 'feature_coordinates': 'chr1:78398967-78399164', 'probegroup': 'NEXN', 'offset_coordinates': 'chr1:78398941-78399189', 'five_prime_bases': 34, 'three_prime_bases': 33, 'region_id': 'chr1:78398933-78399197'}","{'GRAPES2': None, 'CNVKIT': None, 'DECON': '2.66', 'GATK_GCNV': None}",False,2.66,,,,,0.8531670202907305,False
192444944,192445007,chr3,DUP,RB38566,1,1,0,0,1,54.6875,1.0,63,"{'ID': 'CDS:ENST00000445105.7', 'Parent': 'ENST00000445105.7', 'gene_id': 'ENSG00000114279.15_1', 'transcript_id': 'ENST00000445105.7_1', 'gene_type': 'protein_coding', 'gene_name': 'FGF12', 'transcript_type': 'protein_coding', 'transcript_name': 'FGF12-204', 'exon_number': '2', 'exon_id': 'ENSE00003497617.1', 'level': '2', 'protein_id': 'ENSP00000393686.1', 'transcript_support_level': '1', 'hgnc_id': 'HGNC:3668', 'tag': 'CAGE_supported_TSS,basic,Ensembl_canonical,MANE_Select,appris_alternative_1,CCDS', 'ccdsid': 'CCDS46983.1', 'havana_gene': 'OTTHUMG00000156132.5_1', 'havana_transcript': 'OTTHUMT00000343100.3_1', 'remap_original_location': 'chr3:-:192727181-192727193', 'remap_status': 'full_contig13', 'feature': 'CDS', 'feature_coordinates': 'chr3:192444970-192444982', 'probegroup': 'FGF12', 'offset_coordinates': 'chr3:192444944-192445007', 'five_prime_bases': 79, 'three_prime_bases': 77, 'region_id': 'chr3:192444891-192445059'}","{'GRAPES2': '0.981', 'CNVKIT': None, 'DECON': '6.78', 'GATK_GCNV': None}",False,6.78,,,0.981,,0.8531670202907305,False
178772166,178772354,chr5,DEL,RB38566,1,1,0,0,0,81.48148148148148,1.0,188,"{'ID': 'CDS:ENST00000251582.12', 'Parent': 'ENST00000251582.12', 'gene_id': 'ENSG00000087116.16_1', 'transcript_id': 'ENST00000251582.12_1', 'gene_type': 'protein_coding', 'gene_name': 'ADAMTS2', 'transcript_type': 'protein_coding', 'transcript_name': 'ADAMTS2-201', 'exon_number': '1', 'exon_id': 'ENSE00003847948.1', 'level': '2', 'protein_id': 'ENSP00000251582.7', 'transcript_support_level': '1', 'hgnc_id': 'HGNC:218', 'tag': 'basic,Ensembl_canonical,MANE_Select,appris_principal_2,CCDS', 'ccdsid': 'CCDS4444.1', 'havana_gene': 'OTTHUMG00000130915.7_1', 'havana_transcript': 'OTTHUMT00000253507.2_1', 'remap_original_location': 'chr5:-:179345190-179345328', 'remap_status': 'full_contig139', 'feature': 'CDS', 'feature_coordinates': 'chr5:178772191-178772329', 'probegroup': 'ADAMTS2', 'offset_coordinates': 'chr5:178772165-178772354', 'five_prime_bases': 76, 'three_prime_bases': 74, 'region_id': 'chr5:178772115-178772403'}","{'GRAPES2': None, 'CNVKIT': None, 'DECON': '2.43', 'GATK_GCNV': None}",False,2.43,,,,,0.8531670202907305,False
88466263,88466501,chr10,DEL,RB38566,1,1,0,0,0,67.36401673640168,1.0,238,"{'ID': 'CDS:ENST00000361373.9', 'Parent': 'ENST00000361373.9', 'gene_id': 'ENSG00000122367.21_1', 'transcript_id': 'ENST00000361373.9_1', 'gene_type': 'protein_coding', 'gene_name': 'LDB3', 'transcript_type': 'protein_coding', 'transcript_name': 'LDB3-202', 'exon_number': '8', 'exon_id': 'ENSE00001210293.1', 'level': '2', 'protein_id': 'ENSP00000355296.3', 'transcript_support_level': '1', 'hgnc_id': 'HGNC:15710', 'tag': 'CAGE_supported_TSS,basic,Ensembl_canonical,MANE_Select,appris_principal_3,CCDS', 'ccdsid': 'CCDS7377.1', 'havana_gene': 'OTTHUMG00000018655.7_1', 'havana_transcript': 'OTTHUMT00000049160.2_1', 'remap_original_location': 'chr10:+:86706531-86706719', 'remap_status': 'full_contig189', 'feature': 'CDS', 'feature_coordinates': 'chr10:88466288-88466476', 'probegroup': 'LDB3', 'offset_coordinates': 'chr10:88466262-88466501', 'five_prime_bases': 27, 'three_prime_bases': 25, 'region_id': 'chr10:88466261-88466501'}","{'GRAPES2': None, 'CNVKIT': None, 'DECON': '2.58', 'GATK_GCNV': None}",False,2.58,,,,,0.8531670202907305,False
72766956,72767380,chr15,DEL,RB38566,1,1,0,0,0,71.29411764705881,1.0,424,"{'ID': 'CDS:ENST00000379887.9', 'Parent': 'ENST00000379887.9', 'gene_id': 'ENSG00000166233.15_1', 'transcript_id': 'ENST00000379887.9_1', 'gene_type': 'protein_coding', 'gene_name': 'ARIH1', 'transcript_type': 'protein_coding', 'transcript_name': 'ARIH1-201', 'exon_number': '1', 'exon_id': 'ENSE00001179017.6', 'level': '2', 'protein_id': 'ENSP00000369217.4', 'transcript_support_level': '1', 'hgnc_id': 'HGNC:689', 'tag': 'RNA_Seq_supported_partial,basic,Ensembl_canonical,MANE_Select,appris_principal_1,CCDS', 'ccdsid': 'CCDS10244.1', 'havana_gene': 'OTTHUMG00000133474.5_1', 'havana_transcript': 'OTTHUMT00000257350.3_1', 'remap_original_location': 'chr15:+:72474640-72475014', 'remap_status': 'full_contig375', 'feature': 'CDS', 'feature_coordinates': 'chr15:72766981-72767355', 'probegroup': 'ARIH1', 'offset_coordinates': 'chr15:72766955-72767380', 'five_prime_bases': 30, 'three_prime_bases': 28, 'region_id': 'chr15:72766951-72767383'}","{'GRAPES2': None, 'CNVKIT': None, 'DECON': '3.24', 'GATK_GCNV': None}",False,3.24,,,,,0.8531670202907305,False
31140011,31187743,chrX,DUP,RB38566,6,1,0,0,0,38.44929084700312,0.3574190850819672,47732,"{'ID': 'CDS:ENST00000357033.9', 'Parent': 'ENST00000357033.9', 'gene_id': 'ENSG00000198947.18_1', 'transcript_id': 'ENST00000357033.9_1', 'gene_type': 'protein_coding', 'gene_name': 'DMD', 'transcript_type': 'protein_coding', 'transcript_name': 'DMD-203', 'exon_number': '79', 'exon_id': 'ENSE00003901420.1', 'level': '2', 'protein_id': 'ENSP00000354923.3', 'transcript_support_level': '1', 'hgnc_id': 'HGNC:2928', 'tag': 'basic,Ensembl_canonical,MANE_Select,appris_principal_3,CCDS', 'ccdsid': 'CCDS14233.1', 'havana_gene': 'OTTHUMG00000021336.7_1', 'havana_transcript': 'OTTHUMT00000056182.2_1', 'remap_original_location': 'chrX:-:31121919-31121930', 'remap_status': 'full_contig12', 'feature': 'CDS', 'feature_coordinates': 'chrX:31140036-31140047', 'probegroup': 'DMD', 'offset_coordinates': 'chrX:31140010-31140072', 'five_prime_bases': 170, 'three_prime_bases': 83, 'region_id': 'chrX:31139866-31140130'}","{'GRAPES2': None, 'CNVKIT': None, 'DECON': '9.95', 'GATK_GCNV': None}",False,9.95,,,,,0.8531670202907305,False
31191631,31222260,chrX,DUP,RB38566,6,1,0,0,0,38.58308847535096,0.12671457829655175,30629,"{'ID': 'CDS:ENST00000357033.9', 'Parent': 'ENST00000357033.9', 'gene_id': 'ENSG00000198947.18_1', 'transcript_id': 'ENST00000357033.9_1', 'gene_type': 'protein_coding', 'gene_name': 'DMD', 'transcript_type': 'protein_coding', 'transcript_name': 'DMD-203', 'exon_number': '72', 'exon_id': 'ENSE00001158905.1', 'level': '2', 'protein_id': 'ENSP00000354923.3', 'transcript_support_level': '1', 'hgnc_id': 'HGNC:2928', 'tag': 'basic,Ensembl_canonical,MANE_Select,appris_principal_3,CCDS', 'ccdsid': 'CCDS14233.1', 'havana_gene': 'OTTHUMG00000021336.7_1', 'havana_transcript': 'OTTHUMT00000056182.2_1', 'remap_original_location': 'chrX:-:31173539-31173604', 'remap_status': 'full_contig66', 'feature': 'CDS', 'feature_coordinates': 'chrX:31191656-31191721', 'probegroup': 'DMD', 'offset_coordinates': 'chrX:31191630-31191746', 'five_prime_bases': 76, 'three_prime_bases': 75, 'region_id': 'chrX:31191580-31191796'}","{'GRAPES2': None, 'CNVKIT': None, 'DECON': '6.35', 'GATK_GCNV': None}",False,6.35,,,,,0.8531670202907305,False
31366648,31986656,chrX,DUP,RB38566,17,1,0,0,0,37.099138883467816,0.16631519956845314,620008,"{'ID': 'CDS:ENST00000357033.9', 'Parent': 'ENST00000357033.9', 'gene_id': 'ENSG00000198947.18_1', 'transcript_id': 'ENST00000357033.9_1', 'gene_type': 'protein_coding', 'gene_name': 'DMD', 'transcript_type': 'protein_coding', 'transcript_name': 'DMD-203', 'exon_number': '61', 'exon_id': 'ENSE00003637702.1', 'level': '2', 'protein_id': 'ENSP00000354923.3', 'transcript_support_level': '1', 'hgnc_id': 'HGNC:2928', 'tag': 'basic,Ensembl_canonical,MANE_Select,appris_principal_3,CCDS', 'ccdsid': 'CCDS14233.1', 'havana_gene': 'OTTHUMG00000021336.7_1', 'havana_transcript': 'OTTHUMT00000056182.2_1', 'remap_original_location': 'chrX:-:31348556-31348634', 'remap_status': 'full_contig79', 'feature': 'CDS', 'feature_coordinates': 'chrX:31366673-31366751', 'probegroup': 'DMD', 'offset_coordinates': 'chrX:31366647-31366776', 'five_prime_bases': 82, 'three_prime_bases': 80, 'region_id': 'chrX:31366591-31366831'}","{'GRAPES2': None, 'CNVKIT': None, 'DECON': '39.2', 'GATK_GCNV': None}",False,39.2,,,,,0.8531670202907305,False
32360192,32398822,chrX,DUP,RB38566,8,1,0,0,0,33.40063679428438,1.0,38630,"{'ID': 'CDS:ENST00000357033.9', 'Parent': 'ENST00000357033.9', 'gene_id': 'ENSG00000198947.18_1', 'transcript_id': 'ENST00000357033.9_1', 'gene_type': 'protein_coding', 'gene_name': 'DMD', 'transcript_type': 'protein_coding', 'transcript_name': 'DMD-203', 'exon_number': '41', 'exon_id': 'ENSE00001435597.1', 'level': '2', 'protein_id': 'ENSP00000354923.3', 'transcript_support_level': '1', 'hgnc_id': 'HGNC:2928', 'tag': 'basic,Ensembl_canonical,MANE_Select,appris_principal_3,CCDS', 'ccdsid': 'CCDS14233.1', 'havana_gene': 'OTTHUMG00000021336.7_1', 'havana_transcript': 'OTTHUMT00000056182.2_1', 'remap_original_location': 'chrX:-:32342100-32342282', 'remap_status': 'full_contig183', 'feature': 'CDS', 'feature_coordinates': 'chrX:32360217-32360399', 'probegroup': 'DMD', 'offset_coordinates': 'chrX:32360191-32360424', 'five_prime_bases': 30, 'three_prime_bases': 28, 'region_id': 'chrX:32360187-32360427'}","{'GRAPES2': None, 'CNVKIT': None, 'DECON': '17.1', 'GATK_GCNV': None}",False,17.1,,,,,0.8531670202907305,False
32466548,32584023,chrX,DUP,RB38566,12,1,0,0,0,34.974803364091386,0.20110443004891315,117475,"{'ID': 'CDS:ENST00000357033.9', 'Parent': 'ENST00000357033.9', 'gene_id': 'ENSG00000198947.18_1', 'transcript_id': 'ENST00000357033.9_1', 'gene_type': 'protein_coding', 'gene_name': 'DMD', 'transcript_type': 'protein_coding', 'transcript_name': 'DMD-203', 'exon_number': '27', 'exon_id': 'ENSE00001436545.1', 'level': '2', 'protein_id': 'ENSP00000354923.3', 'transcript_support_level': '1', 'hgnc_id': 'HGNC:2928', 'tag': 'basic,Ensembl_canonical,MANE_Select,appris_principal_3,CCDS', 'ccdsid': 'CCDS14233.1', 'havana_gene': 'OTTHUMG00000021336.7_1', 'havana_transcript': 'OTTHUMT00000056182.2_1', 'remap_original_location': 'chrX:-:32448456-32448638', 'remap_status': 'full_contig183', 'feature': 'CDS', 'feature_coordinates': 'chrX:32466573-32466755', 'probegroup': 'DMD', 'offset_coordinates': 'chrX:32466547-32466780', 'five_prime_bases': 30, 'three_prime_bases': 28, 'region_id': 'chrX:32466543-32466783'}","{'GRAPES2': None, 'CNVKIT': None, 'DECON': '15.5', 'GATK_GCNV': None}",False,15.5,,,,,0.8531670202907305,False
32613849,32662455,chrX,DUP,RB38566,3,1,0,0,0,36.04419116588146,1.0,48606,"{'ID': 'CDS:ENST00000357033.9', 'Parent': 'ENST00000357033.9', 'gene_id': 'ENSG00000198947.18_1', 'transcript_id': 'ENST00000357033.9_1', 'gene_type': 'protein_coding', 'gene_name': 'DMD', 'transcript_type': 'protein_coding', 'transcript_name': 'DMD-203', 'exon_number': '13', 'exon_id': 'ENSE00001436736.1', 'level': '2', 'protein_id': 'ENSP00000354923.3', 'transcript_support_level': '1', 'hgnc_id': 'HGNC:2928', 'tag': 'basic,Ensembl_canonical,MANE_Select,appris_principal_3,CCDS', 'ccdsid': 'CCDS14233.1', 'havana_gene': 'OTTHUMG00000021336.7_1', 'havana_transcript': 'OTTHUMT00000056182.2_1', 'remap_original_location': 'chrX:-:32595757-32595876', 'remap_status': 'full_contig120', 'feature': 'CDS', 'feature_coordinates': 'chrX:32613874-32613993', 'probegroup': 'DMD', 'offset_coordinates': 'chrX:32613848-32614018', 'five_prime_bases': 85, 'three_prime_bases': 84, 'region_id': 'chrX:32613789-32614077'}","{'GRAPES2': None, 'CNVKIT': None, 'DECON': '4.16', 'GATK_GCNV': None}",False,4.16,,,,,0.8531670202907305,False
100652772,100662916,chrX,DUP,RB38566,7,1,0,0,0,43.65697387875801,0.2193719195049504,10144,"{'ID': 'CDS:ENST00000218516.4', 'Parent': 'ENST00000218516.4', 'gene_id': 'ENSG00000102393.14_1', 'transcript_id': 'ENST00000218516.4_1', 'gene_type': 'protein_coding', 'gene_name': 'GLA', 'transcript_type': 'protein_coding', 'transcript_name': 'GLA-201', 'exon_number': '7', 'exon_id': 'ENSE00003554033.2', 'level': '2', 'protein_id': 'ENSP00000218516.4', 'transcript_support_level': '1', 'hgnc_id': 'HGNC:4296', 'tag': 'basic,Ensembl_canonical,MANE_Select,appris_principal_1,CCDS', 'ccdsid': 'CCDS14484.1', 'havana_gene': 'OTTHUMG00000022026.6_1', 'havana_transcript': 'OTTHUMT00000057540.2_1', 'remap_original_location': 'chrX:-:101397809-101398099', 'remap_status': 'full_contig291', 'feature': 'CDS', 'feature_coordinates': 'chrX:100652797-100653087', 'probegroup': 'GLA', 'offset_coordinates': 'chrX:100652771-100653112', 'five_prime_bases': 36, 'three_prime_bases': 34, 'region_id': 'chrX:100652761-100653121'}","{'GRAPES2': None, 'CNVKIT': None, 'DECON': '9.96', 'GATK_GCNV': None}",False,9.96,,,,,0.8531670202907305,False
107811834,107821638,chrX,DUP,RB38566,9,1,0,0,0,35.4003059663437,0.6428571428571429,9804,"{'ID': 'CDS:ENST00000328300.11', 'Parent': 'ENST00000328300.11', 'gene_id': 'ENSG00000188153.14_1', 'transcript_id': 'ENST00000328300.11_1', 'gene_type': 'protein_coding', 'gene_name': 'COL4A5', 'transcript_type': 'protein_coding', 'transcript_name': 'COL4A5-201', 'exon_number': '5', 'exon_id': 'ENSE00003634688.1', 'level': '2', 'protein_id': 'ENSP00000331902.7', 'transcript_support_level': '1', 'hgnc_id': 'HGNC:2207', 'tag': 'dotter_confirmed,basic,Ensembl_canonical,MANE_Select,appris_alternative_1,CCDS', 'ccdsid': 'CCDS35366.1', 'havana_gene': 'OTTHUMG00000022182.6_1', 'havana_transcript': 'OTTHUMT00000360023.1_1', 'remap_original_location': 'chrX:+:108568629-108568673', 'remap_status': 'full_contig45', 'feature': 'CDS', 'feature_coordinates': 'chrX:107811859-107811903', 'probegroup': 'COL4A5', 'offset_coordinates': 'chrX:107811833-107811928', 'five_prime_bases': 75, 'three_prime_bases': 224, 'region_id': 'chrX:107811784-107812127'}","{'GRAPES2': None, 'CNVKIT': None, 'DECON': '12.8', 'GATK_GCNV': None}",False,12.8,,,,,0.8531670202907305,False
107826089,107938694,chrX,DUP,RB38566,36,1,0,0,0,35.436832850825,0.18171737393543622,112605,"{'ID': 'CDS:ENST00000328300.11', 'Parent': 'ENST00000328300.11', 'gene_id': 'ENSG00000188153.14_1', 'transcript_id': 'ENST00000328300.11_1', 'gene_type': 'protein_coding', 'gene_name': 'COL4A5', 'transcript_type': 'protein_coding', 'transcript_name': 'COL4A5-201', 'exon_number': '17', 'exon_id': 'ENSE00001435010.1', 'level': '2', 'protein_id': 'ENSP00000331902.7', 'transcript_support_level': '1', 'hgnc_id': 'HGNC:2207', 'tag': 'dotter_confirmed,basic,Ensembl_canonical,MANE_Select,appris_alternative_1,CCDS', 'ccdsid': 'CCDS35366.1', 'havana_gene': 'OTTHUMG00000022182.6_1', 'havana_transcript': 'OTTHUMT00000360023.1_1', 'remap_original_location': 'chrX:+:108582884-108582937', 'remap_status': 'full_contig54', 'feature': 'CDS', 'feature_coordinates': 'chrX:107826114-107826167', 'probegroup': 'COL4A5', 'offset_coordinates': 'chrX:107826088-107826192', 'five_prime_bases': 82, 'three_prime_bases': 81, 'region_id': 'chrX:107826032-107826248'}","{'GRAPES2': None, 'CNVKIT': None, 'DECON': '67.5', 'GATK_GCNV': None}",False,67.5,,,,,0.8531670202907305,False
108867796,108868274,chrX,DUP,RB38566,1,1,0,0,0,69.10229645093946,1.0,478,"{'ID': 'CDS:ENST00000372101.3', 'Parent': 'ENST00000372101.3', 'gene_id': 'ENSG00000176076.7_1', 'transcript_id': 'ENST00000372101.3_1', 'gene_type': 'protein_coding', 'gene_name': 'KCNE5', 'transcript_type': 'protein_coding', 'transcript_name': 'KCNE5-201', 'exon_number': '1', 'exon_id': 'ENSE00001456908.3', 'level': '2', 'protein_id': 'ENSP00000361173.2', 'transcript_support_level': 'NA', 'hgnc_id': 'HGNC:6241', 'tag': 'CAGE_supported_TSS,basic,Ensembl_canonical,MANE_Select,appris_principal_1,CCDS', 'ccdsid': 'CCDS14547.1', 'havana_gene': 'OTTHUMG00000022189.1_1', 'havana_transcript': 'OTTHUMT00000057892.1_1', 'remap_original_location': 'chrX:-:109624592-109625020', 'remap_status': 'full_contig429', 'feature': 'CDS', 'feature_coordinates': 'chrX:108867821-108868249', 'probegroup': 'KCNE5', 'offset_coordinates': 'chrX:108867795-108868274', 'five_prime_bases': 27, 'three_prime_bases': 25, 'region_id': 'chrX:108867794-108868274'}","{'GRAPES2': None, 'CNVKIT': None, 'DECON': '4.26', 'GATK_GCNV': None}",False,4.26,,,,,0.8531670202907305,False
135279247,135292209,chrX,DUP,RB38566,6,1,0,0,0,44.781300624855355,0.4342147214285714,12962,"{'ID': 'CDS:ENST00000370683.6', 'Parent': 'ENST00000370683.6', 'gene_id': 'ENSG00000022267.19_1', 'transcript_id': 'ENST00000370683.6_1', 'gene_type': 'protein_coding', 'gene_name': 'FHL1', 'transcript_type': 'protein_coding', 'transcript_name': 'FHL1-203', 'exon_number': '1', 'exon_id': 'ENSE00001453299.2', 'level': '2', 'protein_id': 'ENSP00000359717.1', 'transcript_support_level': '1', 'hgnc_id': 'HGNC:3702', 'tag': 'basic,Ensembl_canonical,MANE_Select,appris_principal_1,CCDS', 'ccdsid': 'CCDS55506.1', 'havana_gene': 'OTTHUMG00000022504.13_1', 'havana_transcript': 'OTTHUMT00000058463.2_1', 'remap_original_location': 'chrX:+:136197113-136197134', 'remap_status': 'full_contig22', 'feature': 'CDS', 'feature_coordinates': 'chrX:135279272-135279293', 'probegroup': 'FHL1', 'offset_coordinates': 'chrX:135279246-135279318', 'five_prime_bases': 389, 'three_prime_bases': 73, 'region_id': 'chrX:135278883-135279366'}","{'GRAPES2': None, 'CNVKIT': None, 'DECON': '9.27', 'GATK_GCNV': None}",False,9.27,,,,,0.8531670202907305,False
153577705,153578600,chrX,DUP,RB38566,3,1,0,0,0,62.38839285714286,1.0,895,"{'ID': 'CDS:ENST00000369850.10', 'Parent': 'ENST00000369850.10', 'gene_id': 'ENSG00000196924.19_1', 'transcript_id': 'ENST00000369850.10_1', 'gene_type': 'protein_coding', 'gene_name': 'FLNA', 'transcript_type': 'protein_coding', 'transcript_name': 'FLNA-202', 'exon_number': '47', 'exon_id': 'ENSE00003663935.1', 'level': '2', 'protein_id': 'ENSP00000358866.3', 'transcript_support_level': '1', 'hgnc_id': 'HGNC:3754', 'tag': 'CAGE_supported_TSS,basic,Ensembl_canonical,MANE_Select,appris_alternative_1,CCDS', 'ccdsid': 'CCDS48194.1', 'havana_gene': 'OTTHUMG00000022712.33_1', 'havana_transcript': 'OTTHUMT00000058942.7_1', 'remap_original_location': 'chrX:-:154349362-154349565', 'remap_status': 'full_contig204', 'feature': 'CDS', 'feature_coordinates': 'chrX:153577730-153577933', 'probegroup': 'FLNA', 'offset_coordinates': 'chrX:153577704-153577958', 'five_prime_bases': 31, 'three_prime_bases': 673, 'region_id': 'chrX:153577699-153578606'}","{'GRAPES2': None, 'CNVKIT': None, 'DECON': '4.78', 'GATK_GCNV': None}",False,4.78,,,,,0.8531670202907305,False
153582724,153586016,chrX,DUP,RB38566,5,1,0,0,0,64.28788338900698,1.0,3292,"{'ID': 'CDS:ENST00000369850.10', 'Parent': 'ENST00000369850.10', 'gene_id': 'ENSG00000196924.19_1', 'transcript_id': 'ENST00000369850.10_1', 'gene_type': 'protein_coding', 'gene_name': 'FLNA', 'transcript_type': 'protein_coding', 'transcript_name': 'FLNA-202', 'exon_number': '33', 'exon_id': 'ENSE00003663711.1', 'level': '2', 'protein_id': 'ENSP00000358866.3', 'transcript_support_level': '1', 'hgnc_id': 'HGNC:3754', 'tag': 'CAGE_supported_TSS,basic,Ensembl_canonical,MANE_Select,appris_alternative_1,CCDS', 'ccdsid': 'CCDS48194.1', 'havana_gene': 'OTTHUMG00000022712.33_1', 'havana_transcript': 'OTTHUMT00000058942.7_1', 'remap_original_location': 'chrX:-:154354381-154354483', 'remap_status': 'full_contig103', 'feature': 'CDS', 'feature_coordinates': 'chrX:153582749-153582851', 'probegroup': 'FLNA', 'offset_coordinates': 'chrX:153582723-153582876', 'five_prime_bases': 2875, 'three_prime_bases': 621, 'region_id': 'chrX:153579874-153583472'}","{'GRAPES2': None, 'CNVKIT': None, 'DECON': '4.81', 'GATK_GCNV': None}",False,4.81,,,,,0.8531670202907305,False
153609088,153648628,chrX,DUP,RB38566,11,1,0,0,0,56.24288712981462,0.3174854436319701,39540,"{'ID': 'CDS:ENST00000369842.9', 'Parent': 'ENST00000369842.9', 'gene_id': 'ENSG00000102119.12_1', 'transcript_id': 'ENST00000369842.9_1', 'gene_type': 'protein_coding', 'gene_name': 'EMD', 'transcript_type': 'protein_coding', 'transcript_name': 'EMD-202', 'exon_number': '5', 'exon_id': 'ENSE00003542844.1', 'level': '2', 'protein_id': 'ENSP00000358857.4', 'transcript_support_level': '1', 'hgnc_id': 'HGNC:3331', 'tag': 'basic,Ensembl_canonical,MANE_Select,appris_principal_1,CCDS', 'ccdsid': 'CCDS14745.1', 'havana_gene': 'OTTHUMG00000033186.6_1', 'havana_transcript': 'OTTHUMT00000080921.2_1', 'remap_original_location': 'chrX:+:154380753-154380802', 'remap_status': 'full_contig50', 'feature': 'CDS', 'feature_coordinates': 'chrX:153609113-153609162', 'probegroup': 'EMD', 'offset_coordinates': 'chrX:153609087-153609187', 'five_prime_bases': 84, 'three_prime_bases': 429, 'region_id': 'chrX:153609029-153609591'}","{'GRAPES2': None, 'CNVKIT': None, 'DECON': '18.2', 'GATK_GCNV': None}",False,18.2,,,,,0.8531670202907305,False
156084660,156085115,chr1,DEL,RB38614,1,1,1,0,1,68.85964912280701,1.0,455,"{'ID': 'CDS:ENST00000368300.9', 'Parent': 'ENST00000368300.9', 'gene_id': 'ENSG00000160789.24_1', 'transcript_id': 'ENST00000368300.9_1', 'gene_type': 'protein_coding', 'gene_name': 'LMNA', 'transcript_type': 'protein_coding', 'transcript_name': 'LMNA-205', 'exon_number': '1', 'exon_id': 'ENSE00001169671.4', 'level': '2', 'protein_id': 'ENSP00000357283.4', 'transcript_support_level': '1', 'hgnc_id': 'HGNC:6636', 'tag': 'basic,Ensembl_canonical,MANE_Select,appris_principal_1,CCDS', 'ccdsid': 'CCDS1129.1', 'havana_gene': 'OTTHUMG00000013961.6_1', 'havana_transcript': 'OTTHUMT00000039200.3_1', 'remap_original_location': 'chr1:+:156114919-156115274', 'remap_status': 'full_contig356', 'feature': 'CDS', 'feature_coordinates': 'chr1:156084710-156085065', 'probegroup': 'LMNA', 'offset_coordinates': 'chr1:156084684-156085090', 'five_prime_bases': 27, 'three_prime_bases': 26, 'region_id': 'chr1:156084683-156085091'}","{'GRAPES2': '0.444', 'CNVKIT': None, 'DECON': '24.6', 'GATK_GCNV': '422.83'}",True,24.6,422.83,,0.444,in_silico,0.9161916058990447,False
236912374,236912614,chr1,DUP,RB38614,1,1,1,0,1,41.49377593360996,1.0,240,"{'ID': 'CDS:ENST00000366578.6', 'Parent': 'ENST00000366578.6', 'gene_id': 'ENSG00000077522.15_1', 'transcript_id': 'ENST00000366578.6_1', 'gene_type': 'protein_coding', 'gene_name': 'ACTN2', 'transcript_type': 'protein_coding', 'transcript_name': 'ACTN2-201', 'exon_number': '14', 'exon_id': 'ENSE00003722922.1', 'level': '2', 'protein_id': 'ENSP00000355537.4', 'transcript_support_level': '1', 'hgnc_id': 'HGNC:164', 'tag': 'CAGE_supported_TSS,basic,Ensembl_canonical,MANE_Select,appris_principal_3,CCDS', 'ccdsid': 'CCDS1613.1', 'havana_gene': 'OTTHUMG00000040059.3_1', 'havana_transcript': 'OTTHUMT00000096628.2_1', 'remap_original_location': 'chr1:+:236749124-236749264', 'remap_status': 'full_contig141', 'feature': 'CDS', 'feature_coordinates': 'chr1:236912424-236912564', 'probegroup': 'ACTN2', 'offset_coordinates': 'chr1:236912398-236912589', 'five_prime_bases': 75, 'three_prime_bases': 73, 'region_id': 'chr1:236912349-236912637'}","{'GRAPES2': '0.684', 'CNVKIT': None, 'DECON': '24.3', 'GATK_GCNV': '115.95'}",True,24.3,115.95,,0.684,in_silico,0.9161916058990447,False
114203781,114232605,chr4,DEL,RB38614,7,1,1,0,1,36.770164787510836,0.2128721793661971,28824,"{'ID': 'CDS:ENST00000357077.9', 'Parent': 'ENST00000357077.9', 'gene_id': 'ENSG00000145362.21_1', 'transcript_id': 'ENST00000357077.9_1', 'gene_type': 'protein_coding', 'gene_name': 'ANK2', 'transcript_type': 'protein_coding', 'transcript_name': 'ANK2-202', 'exon_number': '18', 'exon_id': 'ENSE00002460998.1', 'level': '2', 'protein_id': 'ENSP00000349588.4', 'transcript_support_level': '1', 'hgnc_id': 'HGNC:493', 'tag': 'basic,Ensembl_canonical,MANE_Select,appris_principal_2,CCDS', 'ccdsid': 'CCDS3702.1', 'havana_gene': 'OTTHUMG00000132912.13_1', 'havana_transcript': 'OTTHUMT00000256422.5_1', 'remap_original_location': 'chr4:+:113282675-113282872', 'remap_status': 'full_contig198', 'feature': 'CDS', 'feature_coordinates': 'chr4:114203831-114204028', 'probegroup': 'ANK2', 'offset_coordinates': 'chr4:114203805-114204053', 'five_prime_bases': 34, 'three_prime_bases': 33, 'region_id': 'chr4:114203797-114204061'}","{'GRAPES2': '1.0', 'CNVKIT': None, 'DECON': '137', 'GATK_GCNV': '2990.23'}",True,137,2990.23,,1.0,in_silico,0.9161916058990447,False
112412786,112424930,chr7,DUP,RB38614,3,1,1,0,1,34.590366405928364,0.24711610971428571,12144,"{'ID': 'CDS:ENST00000312814.11', 'Parent': 'ENST00000312814.11', 'gene_id': 'ENSG00000146802.13_1', 'transcript_id': 'ENST00000312814.11_1', 'gene_type': 'protein_coding', 'gene_name': 'TMEM168', 'transcript_type': 'protein_coding', 'transcript_name': 'TMEM168-201', 'exon_number': '4', 'exon_id': 'ENSE00000977382.1', 'level': '2', 'protein_id': 'ENSP00000323068.4', 'transcript_support_level': '1', 'hgnc_id': 'HGNC:25826', 'tag': 'basic,Ensembl_canonical,MANE_Select,appris_principal_1,CCDS', 'ccdsid': 'CCDS5757.1', 'havana_gene': 'OTTHUMG00000155188.8_1', 'havana_transcript': 'OTTHUMT00000338696.5_1', 'remap_original_location': 'chr7:-:112772781-112773055', 'remap_status': 'full_contig275', 'feature': 'CDS', 'feature_coordinates': 'chr7:112412836-112413110', 'probegroup': 'TMEM168', 'offset_coordinates': 'chr7:112412810-112413135', 'five_prime_bases': 32, 'three_prime_bases': 30, 'region_id': 'chr7:112412804-112413140'}","{'GRAPES2': '1.0', 'CNVKIT': None, 'DECON': '78.1', 'GATK_GCNV': '619.32'}",True,78.1,619.32,,1.0,in_silico,0.9161916058990447,False
179518129,179518259,chr2,DEL,RB38614,1,1,0,0,0,38.93129770992366,0.333333,130,"{'ID': 'CDS:ENST00000589042.5', 'Parent': 'ENST00000589042.5', 'gene_id': 'ENSG00000155657.29_1', 'transcript_id': 'ENST00000589042.5_1', 'gene_type': 'protein_coding', 'gene_name': 'TTN', 'transcript_type': 'protein_coding', 'transcript_name': 'TTN-214', 'exon_number': '197', 'exon_id': 'ENSE00002834894.1', 'level': '1', 'protein_id': 'ENSP00000467141.1', 'transcript_support_level': '5', 'hgnc_id': 'HGNC:12403', 'tag': 'inferred_exon_combination,non_submitted_evidence,basic,Ensembl_canonical,MANE_Select,appris_principal_1,exp_conf,CCDS', 'ccdsid': 'CCDS59435.1', 'havana_gene': 'OTTHUMG00000154448.23_1', 'havana_transcript': 'OTTHUMT00000450680.3_1', 'remap_original_location': 'chr2:-:178653427-178653507', 'remap_status': 'full_contig81', 'feature': 'CDS', 'feature_coordinates': 'chr2:179518154-179518234', 'probegroup': 'TTN', 'offset_coordinates': 'chr2:179518128-179518259', 'five_prime_bases': 2266, 'three_prime_bases': 1566, 'region_id': 'chr2:179515888-179519800'}","{'GRAPES2': None, 'CNVKIT': None, 'DECON': '5.24', 'GATK_GCNV': None}",False,5.24,,,,,0.9161916058990447,False
179518909,179519286,chr2,DEL,RB38614,2,1,0,0,1,44.70899470899471,0.333333,377,"{'ID': 'CDS:ENST00000589042.5', 'Parent': 'ENST00000589042.5', 'gene_id': 'ENSG00000155657.29_1', 'transcript_id': 'ENST00000589042.5_1', 'gene_type': 'protein_coding', 'gene_name': 'TTN', 'transcript_type': 'protein_coding', 'transcript_name': 'TTN-214', 'exon_number': '193', 'exon_id': 'ENSE00002759095.1', 'level': '1', 'protein_id': 'ENSP00000467141.1', 'transcript_support_level': '5', 'hgnc_id': 'HGNC:12403', 'tag': 'inferred_exon_combination,non_submitted_evidence,basic,Ensembl_canonical,MANE_Select,appris_principal_1,exp_conf,CCDS', 'ccdsid': 'CCDS59435.1', 'havana_gene': 'OTTHUMG00000154448.23_1', 'havana_transcript': 'OTTHUMT00000450680.3_1', 'remap_original_location': 'chr2:-:178654208-178654291', 'remap_status': 'full_contig84', 'feature': 'CDS', 'feature_coordinates': 'chr2:179518935-179519018', 'probegroup': 'TTN', 'offset_coordinates': 'chr2:179518909-179519043', 'five_prime_bases': 3047, 'three_prime_bases': 782, 'region_id': 'chr2:179515888-179519800'}","{'GRAPES2': '0.46', 'CNVKIT': None, 'DECON': '25.1', 'GATK_GCNV': None}",False,25.1,,,0.46,,0.9161916058990447,False
179523170,179526780,chr2,DUP,RB38614,6,1,0,0,0,40.01661589587372,0.10807081153138069,3610,"{'ID': 'CDS:ENST00000589042.5', 'Parent': 'ENST00000589042.5', 'gene_id': 'ENSG00000155657.29_1', 'transcript_id': 'ENST00000589042.5_1', 'gene_type': 'protein_coding', 'gene_name': 'TTN', 'transcript_type': 'protein_coding', 'transcript_name': 'TTN-214', 'exon_number': '184', 'exon_id': 'ENSE00002940926.1', 'level': '1', 'protein_id': 'ENSP00000467141.1', 'transcript_support_level': '5', 'hgnc_id': 'HGNC:12403', 'tag': 'inferred_exon_combination,non_submitted_evidence,basic,Ensembl_canonical,MANE_Select,appris_principal_1,exp_conf,CCDS', 'ccdsid': 'CCDS59435.1', 'havana_gene': 'OTTHUMG00000154448.23_1', 'havana_transcript': 'OTTHUMT00000450680.3_1', 'remap_original_location': 'chr2:-:178658468-178658551', 'remap_status': 'full_contig84', 'feature': 'CDS', 'feature_coordinates': 'chr2:179523195-179523278', 'probegroup': 'TTN', 'offset_coordinates': 'chr2:179523169-179523303', 'five_prime_bases': 1049, 'three_prime_bases': 782, 'region_id': 'chr2:179522146-179524060'}","{'GRAPES2': None, 'CNVKIT': None, 'DECON': '44.9', 'GATK_GCNV': None}",False,44.9,,,,,0.9161916058990447,False
179527430,179527807,chr2,DUP,RB38614,2,1,0,0,1,45.23809523809524,0.333333,377,"{'ID': 'CDS:ENST00000589042.5', 'Parent': 'ENST00000589042.5', 'gene_id': 'ENSG00000155657.29_1', 'transcript_id': 'ENST00000589042.5_1', 'gene_type': 'protein_coding', 'gene_name': 'TTN', 'transcript_type': 'protein_coding', 'transcript_name': 'TTN-214', 'exon_number': '175', 'exon_id': 'ENSE00002810615.1', 'level': '1', 'protein_id': 'ENSP00000467141.1', 'transcript_support_level': '5', 'hgnc_id': 'HGNC:12403', 'tag': 'inferred_exon_combination,non_submitted_evidence,basic,Ensembl_canonical,MANE_Select,appris_principal_1,exp_conf,CCDS', 'ccdsid': 'CCDS59435.1', 'havana_gene': 'OTTHUMG00000154448.23_1', 'havana_transcript': 'OTTHUMT00000450680.3_1', 'remap_original_location': 'chr2:-:178662729-178662812', 'remap_status': 'full_contig84', 'feature': 'CDS', 'feature_coordinates': 'chr2:179527456-179527539', 'probegroup': 'TTN', 'offset_coordinates': 'chr2:179527430-179527564', 'five_prime_bases': 1049, 'three_prime_bases': 1364, 'region_id': 'chr2:179526407-179528903'}","{'GRAPES2': '0.957', 'CNVKIT': None, 'DECON': '14', 'GATK_GCNV': None}",False,14,,,0.957,,0.9161916058990447,False
156074424,156186451,chr5,DEL,RB38561,3,1,1,0,1,39.29374799157353,0.10180683145177667,112027,"{'ID': 'CDS:ENST00000337851.9', 'Parent': 'ENST00000337851.9', 'gene_id': 'ENSG00000170624.14_1', 'transcript_id': 'ENST00000337851.9_1', 'gene_type': 'protein_coding', 'gene_name': 'SGCD', 'transcript_type': 'protein_coding', 'transcript_name': 'SGCD-201', 'exon_number': '7', 'exon_id': 'ENSE00001133342.1', 'level': '2', 'protein_id': 'ENSP00000338343.4', 'transcript_support_level': '1', 'hgnc_id': 'HGNC:10807', 'tag': 'basic,Ensembl_canonical,MANE_Select,appris_principal_4,CCDS', 'ccdsid': 'CCDS47325.1', 'havana_gene': 'OTTHUMG00000163445.4_1', 'havana_transcript': 'OTTHUMT00000373470.2_1', 'remap_original_location': 'chr5:+:156647464-156647536', 'remap_status': 'full_contig73', 'feature': 'CDS', 'feature_coordinates': 'chr5:156074474-156074546', 'probegroup': 'SGCD', 'offset_coordinates': 'chr5:156074448-156074571', 'five_prime_bases': 85, 'three_prime_bases': 83, 'region_id': 'chr5:156074389-156074629'}","{'GRAPES2': '1.0', 'CNVKIT': None, 'DECON': '37.1', 'GATK_GCNV': '150.70'}",True,37.1,150.70,,1.0,in_silico,0.8557283241884119,False
38591524,38643915,chr15,DUP,RB38561,6,1,1,0,1,34.20178653229501,0.44433721750000005,52391,"{'ID': 'CDS:ENST00000299084.9', 'Parent': 'ENST00000299084.9', 'gene_id': 'ENSG00000166068.13_1', 'transcript_id': 'ENST00000299084.9_1', 'gene_type': 'protein_coding', 'gene_name': 'SPRED1', 'transcript_type': 'protein_coding', 'transcript_name': 'SPRED1-201', 'exon_number': '2', 'exon_id': 'ENSE00003513959.1', 'level': '2', 'protein_id': 'ENSP00000299084.4', 'transcript_support_level': '1', 'hgnc_id': 'HGNC:20249', 'tag': 'basic,Ensembl_canonical,MANE_Select,appris_principal_1,CCDS', 'ccdsid': 'CCDS32193.1', 'havana_gene': 'OTTHUMG00000172377.4_1', 'havana_transcript': 'OTTHUMT00000418217.2_1', 'remap_original_location': 'chr15:+:38299373-38299547', 'remap_status': 'full_contig175', 'feature': 'CDS', 'feature_coordinates': 'chr15:38591574-38591748', 'probegroup': 'SPRED1', 'offset_coordinates': 'chr15:38591548-38591773', 'five_prime_bases': 34, 'three_prime_bases': 32, 'region_id': 'chr15:38591540-38591780'}","{'GRAPES2': '1.0', 'CNVKIT': None, 'DECON': '69.4', 'GATK_GCNV': '65.86'}",True,69.4,65.86,,1.0,in_silico,0.8557283241884119,False
45422842,45423177,chr18,DEL,RB38561,1,1,1,0,1,46.13095238095239,1.0,335,"{'ID': 'CDS:ENST00000262160.11', 'Parent': 'ENST00000262160.11', 'gene_id': 'ENSG00000175387.16_1', 'transcript_id': 'ENST00000262160.11_1', 'gene_type': 'protein_coding', 'gene_name': 'SMAD2', 'transcript_type': 'protein_coding', 'transcript_name': 'SMAD2-201', 'exon_number': '2', 'exon_id': 'ENSE00001191187.1', 'level': '2', 'protein_id': 'ENSP00000262160.6', 'transcript_support_level': '1', 'hgnc_id': 'HGNC:6768', 'tag': 'basic,Ensembl_canonical,MANE_Select,CCDS', 'ccdsid': 'CCDS11934.1', 'havana_gene': 'OTTHUMG00000132652.5_1', 'havana_transcript': 'OTTHUMT00000255903.3_1', 'remap_original_location': 'chr18:-:47896521-47896756', 'remap_status': 'full_contig236', 'feature': 'CDS', 'feature_coordinates': 'chr18:45422892-45423127', 'probegroup': 'SMAD2', 'offset_coordinates': 'chr18:45422866-45423152', 'five_prime_bases': 27, 'three_prime_bases': 26, 'region_id': 'chr18:45422865-45423153'}","{'GRAPES2': '0.514', 'CNVKIT': None, 'DECON': '17.3', 'GATK_GCNV': '51.67'}",True,17.3,51.67,,0.514,in_silico,0.8557283241884119,False
236924289,236924498,chr1,DUP,RB38561,1,1,0,0,1,53.80952380952381,1.0,209,"{'ID': 'CDS:ENST00000366578.6', 'Parent': 'ENST00000366578.6', 'gene_id': 'ENSG00000077522.15_1', 'transcript_id': 'ENST00000366578.6_1', 'gene_type': 'protein_coding', 'gene_name': 'ACTN2', 'transcript_type': 'protein_coding', 'transcript_name': 'ACTN2-201', 'exon_number': '20', 'exon_id': 'ENSE00003535150.1', 'level': '2', 'protein_id': 'ENSP00000355537.4', 'transcript_support_level': '1', 'hgnc_id': 'HGNC:164', 'tag': 'CAGE_supported_TSS,basic,Ensembl_canonical,MANE_Select,appris_principal_3,CCDS', 'ccdsid': 'CCDS1613.1', 'havana_gene': 'OTTHUMG00000040059.3_1', 'havana_transcript': 'OTTHUMT00000096628.2_1', 'remap_original_location': 'chr1:+:236761015-236761173', 'remap_status': 'full_contig159', 'feature': 'CDS', 'feature_coordinates': 'chr1:236924315-236924473', 'probegroup': 'ACTN2', 'offset_coordinates': 'chr1:236924289-236924498', 'five_prime_bases': 78, 'three_prime_bases': 76, 'region_id': 'chr1:236924237-236924549'}","{'GRAPES2': '0.543', 'CNVKIT': None, 'DECON': '14.6', 'GATK_GCNV': None}",True,14.6,,,0.543,in_silico,0.8557283241884119,False
39347452,39347588,chr2,DUP,RB38561,1,1,0,0,0,67.15328467153284,1.0,136,"{'ID': 'CDS:ENST00000402219.8', 'Parent': 'ENST00000402219.8', 'gene_id': 'ENSG00000115904.15_1', 'transcript_id': 'ENST00000402219.8_1', 'gene_type': 'protein_coding', 'gene_name': 'SOS1', 'transcript_type': 'protein_coding', 'transcript_name': 'SOS1-202', 'exon_number': '1', 'exon_id': 'ENSE00002729053.2', 'level': '2', 'protein_id': 'ENSP00000384675.2', 'transcript_support_level': '1', 'hgnc_id': 'HGNC:11187', 'tag': 'basic,Ensembl_canonical,MANE_Select,appris_principal_2,CCDS', 'ccdsid': 'CCDS1802.1', 'havana_gene': 'OTTHUMG00000102109.6_1', 'havana_transcript': 'OTTHUMT00000219948.4_1', 'remap_original_location': 'chr2:-:39120336-39120422', 'remap_status': 'full_contig87', 'feature': 'CDS', 'feature_coordinates': 'chr2:39347477-39347563', 'probegroup': 'SOS1', 'offset_coordinates': 'chr2:39347451-39347588', 'five_prime_bases': 78, 'three_prime_bases': 76, 'region_id': 'chr2:39347399-39347639'}","{'GRAPES2': None, 'CNVKIT': None, 'DECON': '3.06', 'GATK_GCNV': None}",False,3.06,,,,,0.8557283241884119,False
179518323,179518453,chr2,DUP,RB38561,1,1,0,0,0,43.51145038167939,0.333333,130,"{'ID': 'CDS:ENST00000589042.5', 'Parent': 'ENST00000589042.5', 'gene_id': 'ENSG00000155657.29_1', 'transcript_id': 'ENST00000589042.5_1', 'gene_type': 'protein_coding', 'gene_name': 'TTN', 'transcript_type': 'protein_coding', 'transcript_name': 'TTN-214', 'exon_number': '196', 'exon_id': 'ENSE00002750222.1', 'level': '1', 'protein_id': 'ENSP00000467141.1', 'transcript_support_level': '5', 'hgnc_id': 'HGNC:12403', 'tag': 'inferred_exon_combination,non_submitted_evidence,basic,Ensembl_canonical,MANE_Select,appris_principal_1,exp_conf,CCDS', 'ccdsid': 'CCDS59435.1', 'havana_gene': 'OTTHUMG00000154448.23_1', 'havana_transcript': 'OTTHUMT00000450680.3_1', 'remap_original_location': 'chr2:-:178653621-178653701', 'remap_status': 'full_contig81', 'feature': 'CDS', 'feature_coordinates': 'chr2:179518348-179518428', 'probegroup': 'TTN', 'offset_coordinates': 'chr2:179518322-179518453', 'five_prime_bases': 2460, 'three_prime_bases': 1372, 'region_id': 'chr2:179515888-179519800'}","{'GRAPES2': None, 'CNVKIT': None, 'DECON': '4.4', 'GATK_GCNV': None}",False,4.4,,,,,0.8557283241884119,False
179522200,179523546,chr2,DEL,RB38561,7,1,0,0,0,41.054194506310324,0.41666650000000005,1346,"{'ID': 'CDS:ENST00000589042.5', 'Parent': 'ENST00000589042.5', 'gene_id': 'ENSG00000155657.29_1', 'transcript_id': 'ENST00000589042.5_1', 'gene_type': 'protein_coding', 'gene_name': 'TTN', 'transcript_type': 'protein_coding', 'transcript_name': 'TTN-214', 'exon_number': '189', 'exon_id': 'ENSE00002949545.1', 'level': '1', 'protein_id': 'ENSP00000467141.1', 'transcript_support_level': '5', 'hgnc_id': 'HGNC:12403', 'tag': 'inferred_exon_combination,non_submitted_evidence,basic,Ensembl_canonical,MANE_Select,appris_principal_1,exp_conf,CCDS', 'ccdsid': 'CCDS59435.1', 'havana_gene': 'OTTHUMG00000154448.23_1', 'havana_transcript': 'OTTHUMT00000450680.3_1', 'remap_original_location': 'chr2:-:178657498-178657581', 'remap_status': 'full_contig84', 'feature': 'CDS', 'feature_coordinates': 'chr2:179522225-179522308', 'probegroup': 'TTN', 'offset_coordinates': 'chr2:179522199-179522333', 'five_prime_bases': 79, 'three_prime_bases': 1752, 'region_id': 'chr2:179522146-179524060'}","{'GRAPES2': None, 'CNVKIT': None, 'DECON': '34.4', 'GATK_GCNV': None}",False,34.4,,,,,0.8557283241884119,False
177027187,177027286,chr5,DUP,RB38561,1,1,0,0,0,77.0,1.0,99,"{'ID': 'CDS:ENST00000029410.10', 'Parent': 'ENST00000029410.10', 'gene_id': 'ENSG00000027847.14_1', 'transcript_id': 'ENST00000029410.10_1', 'gene_type': 'protein_coding', 'gene_name': 'B4GALT7', 'transcript_type': 'protein_coding', 'transcript_name': 'B4GALT7-201', 'exon_number': '1', 'exon_id': 'ENSE00001325209.8', 'level': '2', 'protein_id': 'ENSP00000029410.5', 'transcript_support_level': '1', 'hgnc_id': 'HGNC:930', 'tag': 'basic,Ensembl_canonical,MANE_Select,appris_principal_1,CCDS', 'ccdsid': 'CCDS4429.1', 'havana_gene': 'OTTHUMG00000130851.4_1', 'havana_transcript': 'OTTHUMT00000253421.2_1', 'remap_original_location': 'chr5:+:177600211-177600260', 'remap_status': 'full_contig50', 'feature': 'CDS', 'feature_coordinates': 'chr5:177027212-177027261', 'probegroup': 'B4GALT7', 'offset_coordinates': 'chr5:177027186-177027286', 'five_prime_bases': 84, 'three_prime_bases': 83, 'region_id': 'chr5:177027128-177027344'}","{'GRAPES2': None, 'CNVKIT': None, 'DECON': '3.33', 'GATK_GCNV': None}",False,3.33,,,,,0.8557283241884119,False
140624341,140624528,chr7,DUP,RB38561,1,1,0,0,0,75.53191489361703,1.0,187,"{'ID': 'CDS:ENST00000646891.1', 'Parent': 'ENST00000646891.1', 'gene_id': 'ENSG00000157764.14_1', 'transcript_id': 'ENST00000646891.1_1', 'gene_type': 'protein_coding', 'gene_name': 'BRAF', 'transcript_type': 'protein_coding', 'transcript_name': 'BRAF-220', 'exon_number': '1', 'exon_id': 'ENSE00003824367.1', 'level': '2', 'protein_id': 'ENSP00000493543.1', 'hgnc_id': 'HGNC:1097', 'tag': 'basic,appris_principal_3,CCDS', 'ccdsid': 'CCDS5863.1', 'havana_gene': 'OTTHUMG00000157457.6_1', 'havana_transcript': 'OTTHUMT00000348886.2_1', 'remap_original_location': 'chr7:-:140924566-140924703', 'remap_status': 'full_contig138', 'feature': 'CDS', 'feature_coordinates': 'chr7:140624366-140624503', 'probegroup': 'BRAF', 'offset_coordinates': 'chr7:140624340-140624528', 'five_prime_bases': 76, 'three_prime_bases': 75, 'region_id': 'chr7:140624290-140624578'}","{'GRAPES2': None, 'CNVKIT': None, 'DECON': '3.31', 'GATK_GCNV': None}",False,3.31,,,,,0.8557283241884119,False
35521700,35521789,chr19,DUP,RB38561,1,1,0,0,0,80.0,1.0,89,"{'ID': 'CDS:ENST00000262631.11', 'Parent': 'ENST00000262631.11', 'gene_id': 'ENSG00000105711.14_1', 'transcript_id': 'ENST00000262631.11_1', 'gene_type': 'protein_coding', 'gene_name': 'SCN1B', 'transcript_type': 'protein_coding', 'transcript_name': 'SCN1B-201', 'exon_number': '1', 'exon_id': 'ENSE00003806938.2', 'level': '2', 'protein_id': 'ENSP00000262631.3', 'transcript_support_level': '1', 'hgnc_id': 'HGNC:10586', 'tag': 'CAGE_supported_TSS,basic,Ensembl_canonical,MANE_Select,appris_principal_1,CCDS', 'ccdsid': 'CCDS12441.1', 'havana_gene': 'OTTHUMG00000182472.5_1', 'havana_transcript': 'OTTHUMT00000461567.3_1', 'remap_original_location': 'chr19:+:35030821-35030860', 'remap_status': 'full_contig40', 'feature': 'CDS', 'feature_coordinates': 'chr19:35521725-35521764', 'probegroup': 'SCN1B', 'offset_coordinates': 'chr19:35521699-35521789', 'five_prime_bases': 77, 'three_prime_bases': 76, 'region_id': 'chr19:35521648-35521840'}","{'GRAPES2': None, 'CNVKIT': None, 'DECON': '2.59', 'GATK_GCNV': None}",False,2.59,,,,,0.8557283241884119,False
49714726,49714780,chr19,DUP,RB38561,1,1,0,0,0,56.36363636363636,1.0,54,"{'ID': 'CDS:ENST00000252826.10', 'Parent': 'ENST00000252826.10', 'gene_id': 'ENSG00000130529.16_1', 'transcript_id': 'ENST00000252826.10_1', 'gene_type': 'protein_coding', 'gene_name': 'TRPM4', 'transcript_type': 'protein_coding', 'transcript_name': 'TRPM4-201', 'exon_number': '25', 'exon_id': 'ENSE00003515690.1', 'level': '2', 'protein_id': 'ENSP00000252826.4', 'transcript_support_level': '1', 'hgnc_id': 'HGNC:17993', 'tag': 'basic,Ensembl_canonical,MANE_Select,appris_principal_1,CCDS', 'ccdsid': 'CCDS33073.1', 'havana_gene': 'OTTHUMG00000183184.7_1', 'havana_transcript': 'OTTHUMT00000465543.3_1', 'remap_original_location': 'chr19:+:49211494-49211498', 'remap_status': 'full_contig5', 'feature': 'CDS', 'feature_coordinates': 'chr19:49714751-49714755', 'probegroup': 'TRPM4', 'offset_coordinates': 'chr19:49714725-49714780', 'five_prime_bases': 863, 'three_prime_bases': 81, 'region_id': 'chr19:49713888-49714836'}","{'GRAPES2': None, 'CNVKIT': None, 'DECON': '2.4', 'GATK_GCNV': None}",False,2.4,,,,,0.8557283241884119,False
32031092,32031451,chr20,DUP,RB38561,1,1,0,0,0,79.44444444444444,1.0,359,"{'ID': 'CDS:ENST00000217381.3', 'Parent': 'ENST00000217381.3', 'gene_id': 'ENSG00000101400.6_1', 'transcript_id': 'ENST00000217381.3_1', 'gene_type': 'protein_coding', 'gene_name': 'SNTA1', 'transcript_type': 'protein_coding', 'transcript_name': 'SNTA1-201', 'exon_number': '1', 'exon_id': 'ENSE00001153165.4', 'level': '2', 'protein_id': 'ENSP00000217381.2', 'transcript_support_level': '1', 'hgnc_id': 'HGNC:11167', 'tag': 'basic,Ensembl_canonical,MANE_Select,appris_principal_1,CCDS', 'ccdsid': 'CCDS13220.1', 'havana_gene': 'OTTHUMG00000032259.3_1', 'havana_transcript': 'OTTHUMT00000078704.3_1', 'remap_original_location': 'chr20:-:33443311-33443620', 'remap_status': 'full_contig310', 'feature': 'CDS', 'feature_coordinates': 'chr20:32031117-32031426', 'probegroup': 'SNTA1', 'offset_coordinates': 'chr20:32031091-32031451', 'five_prime_bases': 26, 'three_prime_bases': 25, 'region_id': 'chr20:32031091-32031451'}","{'GRAPES2': None, 'CNVKIT': None, 'DECON': '2.44', 'GATK_GCNV': None}",False,2.44,,,,,0.8557283241884119,False
189584421,189584636,chr3,DUP,RB38149,1,1,1,0,1,42.129629629629626,1.0,215,"{'ID': 'CDS:ENST00000264731.8', 'Parent': 'ENST00000264731.8', 'gene_id': 'ENSG00000073282.14_1', 'transcript_id': 'ENST00000264731.8_1', 'gene_type': 'protein_coding', 'gene_name': 'TP63', 'transcript_type': 'protein_coding', 'transcript_name': 'TP63-201', 'exon_number': '6', 'exon_id': 'ENSE00003476123.1', 'level': '2', 'protein_id': 'ENSP00000264731.3', 'transcript_support_level': '1', 'hgnc_id': 'HGNC:15979', 'tag': 'basic,Ensembl_canonical,MANE_Select,appris_principal_3,CCDS', 'ccdsid': 'CCDS3293.1', 'havana_gene': 'OTTHUMG00000156313.3_1', 'havana_transcript': 'OTTHUMT00000343865.2_1', 'remap_original_location': 'chr3:+:189866682-189866797', 'remap_status': 'full_contig116', 'feature': 'CDS', 'feature_coordinates': 'chr3:189584471-189584586', 'probegroup': 'TP63', 'offset_coordinates': 'chr3:189584445-189584611', 'five_prime_bases': 75, 'three_prime_bases': 74, 'region_id': 'chr3:189584396-189584660'}","{'GRAPES2': '0.613', 'CNVKIT': None, 'DECON': '21.1', 'GATK_GCNV': '23.63'}",True,21.1,23.63,,0.613,in_silico,0.9264047904880871,False
120057631,120085599,chr4,DUP,RB38149,4,1,1,0,1,34.91722979012478,0.6509259444444445,27968,"{'ID': 'CDS:ENST00000307128.6', 'Parent': 'ENST00000307128.6', 'gene_id': 'ENSG00000172399.6_1', 'transcript_id': 'ENST00000307128.6_1', 'gene_type': 'protein_coding', 'gene_name': 'MYOZ2', 'transcript_type': 'protein_coding', 'transcript_name': 'MYOZ2-201', 'exon_number': '2', 'exon_id': 'ENSE00001205678.1', 'level': '2', 'protein_id': 'ENSP00000306997.6', 'transcript_support_level': '1', 'hgnc_id': 'HGNC:1330', 'tag': 'basic,Ensembl_canonical,MANE_Select,appris_principal_1,CCDS', 'ccdsid': 'CCDS3711.1', 'havana_gene': 'OTTHUMG00000132968.2_1', 'havana_transcript': 'OTTHUMT00000256526.2_1', 'remap_original_location': 'chr4:+:119136526-119136601', 'remap_status': 'full_contig76', 'feature': 'CDS', 'feature_coordinates': 'chr4:120057681-120057756', 'probegroup': 'MYOZ2', 'offset_coordinates': 'chr4:120057655-120057781', 'five_prime_bases': 83, 'three_prime_bases': 82, 'region_id': 'chr4:120057598-120057838'}","{'GRAPES2': '1.0', 'CNVKIT': None, 'DECON': '89.1', 'GATK_GCNV': '158.98'}",True,89.1,158.98,,1.0,in_silico,0.9264047904880871,False
116747687,116758533,chr6,DEL,RB38149,4,1,1,0,1,38.0658246519775,0.22797823103773582,10846,"{'ID': 'CDS:ENST00000644252.3', 'Parent': 'ENST00000644252.3', 'gene_id': 'ENSG00000111817.19_1', 'transcript_id': 'ENST00000644252.3_1', 'gene_type': 'protein_coding', 'gene_name': 'DSE', 'transcript_type': 'protein_coding', 'transcript_name': 'DSE-213', 'exon_number': '3', 'exon_id': 'ENSE00000762626.1', 'level': '2', 'protein_id': 'ENSP00000494147.2', 'hgnc_id': 'HGNC:21144', 'tag': 'basic,Ensembl_canonical,MANE_Select,appris_principal_1,CCDS', 'ccdsid': 'CCDS5107.1', 'havana_gene': 'OTTHUMG00000015434.16_1', 'havana_transcript': 'OTTHUMT00000497107.2_1', 'remap_original_location': 'chr6:+:116426574-116426827', 'remap_status': 'full_contig254', 'feature': 'CDS', 'feature_coordinates': 'chr6:116747737-116747990', 'probegroup': 'DSE', 'offset_coordinates': 'chr6:116747711-116748015', 'five_prime_bases': 30, 'three_prime_bases': 29, 'region_id': 'chr6:116747707-116748019'}","{'GRAPES2': '1.0', 'CNVKIT': None, 'DECON': '83', 'GATK_GCNV': '903.80'}",True,83,903.80,,1.0,in_silico,0.9264047904880871,False
107908687,107908867,chrX,DEL,RB38149,1,1,1,0,1,41.988950276243095,1.0,180,"{'ID': 'CDS:ENST00000328300.11', 'Parent': 'ENST00000328300.11', 'gene_id': 'ENSG00000188153.14_1', 'transcript_id': 'ENST00000328300.11_1', 'gene_type': 'protein_coding', 'gene_name': 'COL4A5', 'transcript_type': 'protein_coding', 'transcript_name': 'COL4A5-201', 'exon_number': '38', 'exon_id': 'ENSE00001340002.1', 'level': '2', 'protein_id': 'ENSP00000331902.7', 'transcript_support_level': '1', 'hgnc_id': 'HGNC:2207', 'tag': 'dotter_confirmed,basic,Ensembl_canonical,MANE_Select,appris_alternative_1,CCDS', 'ccdsid': 'CCDS35366.1', 'havana_gene': 'OTTHUMG00000022182.6_1', 'havana_transcript': 'OTTHUMT00000360023.1_1', 'remap_original_location': 'chrX:+:108665507-108665587', 'remap_status': 'full_contig81', 'feature': 'CDS', 'feature_coordinates': 'chrX:107908737-107908817', 'probegroup': 'COL4A5', 'offset_coordinates': 'chrX:107908711-107908842', 'five_prime_bases': 81, 'three_prime_bases': 79, 'region_id': 'chrX:107908656-107908896'}","{'GRAPES2': '1.0', 'CNVKIT': None, 'DECON': '14.1', 'GATK_GCNV': '95.85'}",False,14.1,95.85,,1.0,,0.9264047904880871,False
179522200,179522519,chr2,DUP,RB38149,2,1,0,0,0,40.3125,0.4166665,319,"{'ID': 'CDS:ENST00000589042.5', 'Parent': 'ENST00000589042.5', 'gene_id': 'ENSG00000155657.29_1', 'transcript_id': 'ENST00000589042.5_1', 'gene_type': 'protein_coding', 'gene_name': 'TTN', 'transcript_type': 'protein_coding', 'transcript_name': 'TTN-214', 'exon_number': '189', 'exon_id': 'ENSE00002949545.1', 'level': '1', 'protein_id': 'ENSP00000467141.1', 'transcript_support_level': '5', 'hgnc_id': 'HGNC:12403', 'tag': 'inferred_exon_combination,non_submitted_evidence,basic,Ensembl_canonical,MANE_Select,appris_principal_1,exp_conf,CCDS', 'ccdsid': 'CCDS59435.1', 'havana_gene': 'OTTHUMG00000154448.23_1', 'havana_transcript': 'OTTHUMT00000450680.3_1', 'remap_original_location': 'chr2:-:178657498-178657581', 'remap_status': 'full_contig84', 'feature': 'CDS', 'feature_coordinates': 'chr2:179522225-179522308', 'probegroup': 'TTN', 'offset_coordinates': 'chr2:179522199-179522333', 'five_prime_bases': 79, 'three_prime_bases': 1752, 'region_id': 'chr2:179522146-179524060'}","{'GRAPES2': None, 'CNVKIT': None, 'DECON': '13', 'GATK_GCNV': None}",False,13,,,,,0.9264047904880871,False
30065903,30066149,chr7,DEL,RB38149,1,1,0,0,0,46.15384615384615,1.0,246,"{'ID': 'CDS:ENST00000222803.10', 'Parent': 'ENST00000222803.10', 'gene_id': 'ENSG00000106080.11_1', 'transcript_id': 'ENST00000222803.10_1', 'gene_type': 'protein_coding', 'gene_name': 'FKBP14', 'transcript_type': 'protein_coding', 'transcript_name': 'FKBP14-201', 'exon_number': '1', 'exon_id': 'ENSE00001138183.10', 'level': '2', 'protein_id': 'ENSP00000222803.5', 'transcript_support_level': '1', 'hgnc_id': 'HGNC:18625', 'tag': 'basic,Ensembl_canonical,MANE_Select,appris_principal_1,CCDS', 'ccdsid': 'CCDS5423.1', 'havana_gene': 'OTTHUMG00000023442.4_1', 'havana_transcript': 'OTTHUMT00000214229.2_1', 'remap_original_location': 'chr7:-:30026312-30026508', 'remap_status': 'full_contig197', 'feature': 'CDS', 'feature_coordinates': 'chr7:30065928-30066124', 'probegroup': 'FKBP14', 'offset_coordinates': 'chr7:30065902-30066149', 'five_prime_bases': 35, 'three_prime_bases': 33, 'region_id': 'chr7:30065893-30066157'}","{'GRAPES2': None, 'CNVKIT': None, 'DECON': '2.81', 'GATK_GCNV': None}",False,2.81,,,,,0.9264047904880871,False
101908742,101910091,chr9,DEL,RB38149,2,1,0,0,0,38.2962962962963,1.0,1349,"{'ID': 'CDS:ENST00000374994.9', 'Parent': 'ENST00000374994.9', 'gene_id': 'ENSG00000106799.13_1', 'transcript_id': 'ENST00000374994.9_1', 'gene_type': 'protein_coding', 'gene_name': 'TGFBR1', 'transcript_type': 'protein_coding', 'transcript_name': 'TGFBR1-202', 'exon_number': '7', 'exon_id': 'ENSE00000926564.1', 'level': '2', 'protein_id': 'ENSP00000364133.4', 'transcript_support_level': '1', 'hgnc_id': 'HGNC:11772', 'tag': 'basic,Ensembl_canonical,MANE_Select,appris_principal_3,CCDS', 'ccdsid': 'CCDS6738.1', 'havana_gene': 'OTTHUMG00000020353.7_1', 'havana_transcript': 'OTTHUMT00000053390.4_1', 'remap_original_location': 'chr9:+:99146485-99146609', 'remap_status': 'full_contig125', 'feature': 'CDS', 'feature_coordinates': 'chr9:101908767-101908891', 'probegroup': 'TGFBR1', 'offset_coordinates': 'chr9:101908741-101908916', 'five_prime_bases': 83, 'three_prime_bases': 81, 'region_id': 'chr9:101908684-101908972'}","{'GRAPES2': None, 'CNVKIT': None, 'DECON': '3.24', 'GATK_GCNV': None}",False,3.24,,,,,0.9264047904880871,False
116287399,116311212,chr1,DEL,RB38635,2,1,1,0,1,42.36163601242966,0.8333333333333334,23813,"{'ID': 'CDS:ENST00000261448.6', 'Parent': 'ENST00000261448.6', 'gene_id': 'ENSG00000118729.12_1', 'transcript_id': 'ENST00000261448.6_1', 'gene_type': 'protein_coding', 'gene_name': 'CASQ2', 'transcript_type': 'protein_coding', 'transcript_name': 'CASQ2-201', 'exon_number': '2', 'exon_id': 'ENSE00000800546.1', 'level': '2', 'protein_id': 'ENSP00000261448.5', 'transcript_support_level': '1', 'hgnc_id': 'HGNC:1513', 'tag': 'basic,Ensembl_canonical,MANE_Select,appris_principal_1,CCDS', 'ccdsid': 'CCDS884.1', 'havana_gene': 'OTTHUMG00000011970.1_1', 'havana_transcript': 'OTTHUMT00000033091.1_1', 'remap_original_location': 'chr1:-:115744828-115744912', 'remap_status': 'full_contig85', 'feature': 'CDS', 'feature_coordinates': 'chr1:116287449-116287533', 'probegroup': 'CASQ2', 'offset_coordinates': 'chr1:116287423-116287558', 'five_prime_bases': 79, 'three_prime_bases': 77, 'region_id': 'chr1:116287370-116287610'}","{'GRAPES2': '1.0', 'CNVKIT': None, 'DECON': '48.8', 'GATK_GCNV': '350.25'}",True,48.8,350.25,,1.0,in_silico,0.8825462508877505,False
156074424,156074596,chr5,DEL,RB38635,1,1,1,0,1,42.77456647398844,1.0,172,"{'ID': 'CDS:ENST00000337851.9', 'Parent': 'ENST00000337851.9', 'gene_id': 'ENSG00000170624.14_1', 'transcript_id': 'ENST00000337851.9_1', 'gene_type': 'protein_coding', 'gene_name': 'SGCD', 'transcript_type': 'protein_coding', 'transcript_name': 'SGCD-201', 'exon_number': '7', 'exon_id': 'ENSE00001133342.1', 'level': '2', 'protein_id': 'ENSP00000338343.4', 'transcript_support_level': '1', 'hgnc_id': 'HGNC:10807', 'tag': 'basic,Ensembl_canonical,MANE_Select,appris_principal_4,CCDS', 'ccdsid': 'CCDS47325.1', 'havana_gene': 'OTTHUMG00000163445.4_1', 'havana_transcript': 'OTTHUMT00000373470.2_1', 'remap_original_location': 'chr5:+:156647464-156647536', 'remap_status': 'full_contig73', 'feature': 'CDS', 'feature_coordinates': 'chr5:156074474-156074546', 'probegroup': 'SGCD', 'offset_coordinates': 'chr5:156074448-156074571', 'five_prime_bases': 85, 'three_prime_bases': 83, 'region_id': 'chr5:156074389-156074629'}","{'GRAPES2': '0.981', 'CNVKIT': None, 'DECON': '22.1', 'GATK_GCNV': '192.60'}",False,22.1,192.60,,0.981,,0.8825462508877505,False
54011280,54032291,chr10,DUP,RB38635,3,1,1,0,1,35.00856653340948,0.15648543379999985,21011,"{'ID': 'CDS:ENST00000373980.11', 'Parent': 'ENST00000373980.11', 'gene_id': 'ENSG00000185532.20_1', 'transcript_id': 'ENST00000373980.11_1', 'gene_type': 'protein_coding', 'gene_name': 'PRKG1', 'transcript_type': 'protein_coding', 'transcript_name': 'PRKG1-203', 'exon_number': '10', 'exon_id': 'ENSE00003429550.1', 'level': '2', 'protein_id': 'ENSP00000363092.5', 'transcript_support_level': '1', 'hgnc_id': 'HGNC:9414', 'tag': 'dotter_confirmed,basic,Ensembl_canonical,MANE_Select,CCDS', 'ccdsid': 'CCDS7244.1', 'havana_gene': 'OTTHUMG00000018248.15_1', 'havana_transcript': 'OTTHUMT00000496473.2_1', 'remap_original_location': 'chr10:+:52251570-52251666', 'remap_status': 'full_contig97', 'feature': 'CDS', 'feature_coordinates': 'chr10:54011330-54011426', 'probegroup': 'PRKG1', 'offset_coordinates': 'chr10:54011304-54011451', 'five_prime_bases': 85, 'three_prime_bases': 83, 'region_id': 'chr10:54011245-54011509'}","{'GRAPES2': '1.0', 'CNVKIT': None, 'DECON': '76.2', 'GATK_GCNV': '114.15'}",True,76.2,114.15,,1.0,in_silico,0.8825462508877505,False
29100716,29101256,chr18,DUP,RB38635,2,1,1,0,1,31.79297597042514,1.0,540,"{'ID': 'CDS:ENST00000261590.13', 'Parent': 'ENST00000261590.13', 'gene_id': 'ENSG00000046604.14_1', 'transcript_id': 'ENST00000261590.13_1', 'gene_type': 'protein_coding', 'gene_name': 'DSG2', 'transcript_type': 'protein_coding', 'transcript_name': 'DSG2-201', 'exon_number': '4', 'exon_id': 'ENSE00001107958.1', 'level': '2', 'protein_id': 'ENSP00000261590.8', 'transcript_support_level': '1', 'hgnc_id': 'HGNC:3049', 'tag': 'basic,Ensembl_canonical,MANE_Select,appris_principal_1,CCDS', 'ccdsid': 'CCDS42423.1', 'havana_gene': 'OTTHUMG00000179649.3_1', 'havana_transcript': 'OTTHUMT00000447506.2_1', 'remap_original_location': 'chr18:+:31520803-31520964', 'remap_status': 'full_contig162', 'feature': 'CDS', 'feature_coordinates': 'chr18:29100766-29100927', 'probegroup': 'DSG2', 'offset_coordinates': 'chr18:29100740-29100952', 'five_prime_bases': 76, 'three_prime_bases': 362, 'region_id': 'chr18:29100690-29101289'}","{'GRAPES2': '1.0', 'CNVKIT': None, 'DECON': '37.5', 'GATK_GCNV': '91.26'}",True,37.5,91.26,,1.0,in_silico,0.8825462508877505,False
179519447,179519747,chr2,DEL,RB38635,2,1,0,0,0,42.19269102990033,0.361111,300,"{'ID': 'CDS:ENST00000589042.5', 'Parent': 'ENST00000589042.5', 'gene_id': 'ENSG00000155657.29_1', 'transcript_id': 'ENST00000589042.5_1', 'gene_type': 'protein_coding', 'gene_name': 'TTN', 'transcript_type': 'protein_coding', 'transcript_name': 'TTN-214', 'exon_number': '191', 'exon_id': 'ENSE00001744095.2', 'level': '1', 'protein_id': 'ENSP00000467141.1', 'transcript_support_level': '5', 'hgnc_id': 'HGNC:12403', 'tag': 'inferred_exon_combination,non_submitted_evidence,basic,Ensembl_canonical,MANE_Select,appris_principal_1,exp_conf,CCDS', 'ccdsid': 'CCDS59435.1', 'havana_gene': 'OTTHUMG00000154448.23_1', 'havana_transcript': 'OTTHUMT00000450680.3_1', 'remap_original_location': 'chr2:-:178654745-178654828', 'remap_status': 'full_contig84', 'feature': 'CDS', 'feature_coordinates': 'chr2:179519472-179519555', 'probegroup': 'TTN', 'offset_coordinates': 'chr2:179519446-179519580', 'five_prime_bases': 3584, 'three_prime_bases': 245, 'region_id': 'chr2:179515888-179519800'}","{'GRAPES2': None, 'CNVKIT': None, 'DECON': '4.54', 'GATK_GCNV': None}",False,4.54,,,,,0.8825462508877505,False
179522389,179523107,chr2,DUP,RB38635,4,1,0,0,0,39.63838664812239,0.4166665,718,"{'ID': 'CDS:ENST00000589042.5', 'Parent': 'ENST00000589042.5', 'gene_id': 'ENSG00000155657.29_1', 'transcript_id': 'ENST00000589042.5_1', 'gene_type': 'protein_coding', 'gene_name': 'TTN', 'transcript_type': 'protein_coding', 'transcript_name': 'TTN-214', 'exon_number': '188', 'exon_id': 'ENSE00002840432.1', 'level': '1', 'protein_id': 'ENSP00000467141.1', 'transcript_support_level': '5', 'hgnc_id': 'HGNC:12403', 'tag': 'inferred_exon_combination,non_submitted_evidence,basic,Ensembl_canonical,MANE_Select,appris_principal_1,exp_conf,CCDS', 'ccdsid': 'CCDS59435.1', 'havana_gene': 'OTTHUMG00000154448.23_1', 'havana_transcript': 'OTTHUMT00000450680.3_1', 'remap_original_location': 'chr2:-:178657687-178657767', 'remap_status': 'full_contig81', 'feature': 'CDS', 'feature_coordinates': 'chr2:179522414-179522494', 'probegroup': 'TTN', 'offset_coordinates': 'chr2:179522388-179522519', 'five_prime_bases': 268, 'three_prime_bases': 1566, 'region_id': 'chr2:179522146-179524060'}","{'GRAPES2': None, 'CNVKIT': None, 'DECON': '13.1', 'GATK_GCNV': None}",False,13.1,,,,,0.8825462508877505,False
179526461,179527368,chr2,DEL,RB38635,5,1,0,0,0,39.86784140969163,0.4444443333333334,907,"{'ID': 'CDS:ENST00000589042.5', 'Parent': 'ENST00000589042.5', 'gene_id': 'ENSG00000155657.29_1', 'transcript_id': 'ENST00000589042.5_1', 'gene_type': 'protein_coding', 'gene_name': 'TTN', 'transcript_type': 'protein_coding', 'transcript_name': 'TTN-214', 'exon_number': '180', 'exon_id': 'ENSE00002767327.1', 'level': '1', 'protein_id': 'ENSP00000467141.1', 'transcript_support_level': '5', 'hgnc_id': 'HGNC:12403', 'tag': 'inferred_exon_combination,non_submitted_evidence,basic,Ensembl_canonical,MANE_Select,appris_principal_1,exp_conf,CCDS', 'ccdsid': 'CCDS59435.1', 'havana_gene': 'OTTHUMG00000154448.23_1', 'havana_transcript': 'OTTHUMT00000450680.3_1', 'remap_original_location': 'chr2:-:178661759-178661842', 'remap_status': 'full_contig84', 'feature': 'CDS', 'feature_coordinates': 'chr2:179526486-179526569', 'probegroup': 'TTN', 'offset_coordinates': 'chr2:179526460-179526594', 'five_prime_bases': 79, 'three_prime_bases': 2334, 'region_id': 'chr2:179526407-179528903'}","{'GRAPES2': None, 'CNVKIT': None, 'DECON': '40.4', 'GATK_GCNV': None}",False,40.4,,,,,0.8825462508877505,False
179527968,179528101,chr2,DEL,RB38635,1,1,0,0,0,43.28358208955223,0.333333,133,"{'ID': 'CDS:ENST00000589042.5', 'Parent': 'ENST00000589042.5', 'gene_id': 'ENSG00000155657.29_1', 'transcript_id': 'ENST00000589042.5_1', 'gene_type': 'protein_coding', 'gene_name': 'TTN', 'transcript_type': 'protein_coding', 'transcript_name': 'TTN-214', 'exon_number': '173', 'exon_id': 'ENSE00002763838.1', 'level': '1', 'protein_id': 'ENSP00000467141.1', 'transcript_support_level': '5', 'hgnc_id': 'HGNC:12403', 'tag': 'inferred_exon_combination,non_submitted_evidence,basic,Ensembl_canonical,MANE_Select,appris_principal_1,exp_conf,CCDS', 'ccdsid': 'CCDS59435.1', 'havana_gene': 'OTTHUMG00000154448.23_1', 'havana_transcript': 'OTTHUMT00000450680.3_1', 'remap_original_location': 'chr2:-:178663266-178663349', 'remap_status': 'full_contig84', 'feature': 'CDS', 'feature_coordinates': 'chr2:179527993-179528076', 'probegroup': 'TTN', 'offset_coordinates': 'chr2:179527967-179528101', 'five_prime_bases': 1586, 'three_prime_bases': 827, 'region_id': 'chr2:179526407-179528903'}","{'GRAPES2': None, 'CNVKIT': None, 'DECON': '4.26', 'GATK_GCNV': None}",False,4.26,,,,,0.8825462508877505,False
121402388,121406334,chr5,DUP,RB38170,3,1,1,0,1,37.75019001773499,1.0,3946,"{'ID': 'CDS:ENST00000231004.5', 'Parent': 'ENST00000231004.5', 'gene_id': 'ENSG00000113083.15_1', 'transcript_id': 'ENST00000231004.5_1', 'gene_type': 'protein_coding', 'gene_name': 'LOX', 'transcript_type': 'protein_coding', 'transcript_name': 'LOX-201', 'exon_number': '7', 'exon_id': 'ENSE00001082205.3', 'level': '2', 'protein_id': 'ENSP00000231004.4', 'transcript_support_level': '1', 'hgnc_id': 'HGNC:6664', 'tag': 'basic,Ensembl_canonical,MANE_Select,appris_principal_1,CCDS', 'ccdsid': 'CCDS4129.1', 'havana_gene': 'OTTHUMG00000128914.3_1', 'havana_transcript': 'OTTHUMT00000250887.3_1', 'remap_original_location': 'chr5:-:122066743-122066749', 'remap_status': 'full_contig7', 'feature': 'CDS', 'feature_coordinates': 'chr5:121402438-121402444', 'probegroup': 'LOX', 'offset_coordinates': 'chr5:121402412-121402469', 'five_prime_bases': 82, 'three_prime_bases': 80, 'region_id': 'chr5:121402356-121402524'}","{'GRAPES2': '0.997', 'CNVKIT': None, 'DECON': '43.6', 'GATK_GCNV': '65.56'}",True,43.6,65.56,,0.997,in_silico,0.8927299816976395,False
151478188,151573755,chr7,DEL,RB38170,3,1,1,0,1,52.200527373179305,0.36256795831075694,95567,"{'ID': 'CDS:ENST00000287878.9', 'Parent': 'ENST00000287878.9', 'gene_id': 'ENSG00000106617.15_1', 'transcript_id': 'ENST00000287878.9_1', 'gene_type': 'protein_coding', 'gene_name': 'PRKAG2', 'transcript_type': 'protein_coding', 'transcript_name': 'PRKAG2-201', 'exon_number': '3', 'exon_id': 'ENSE00003620860.1', 'level': '2', 'protein_id': 'ENSP00000287878.3', 'transcript_support_level': '1', 'hgnc_id': 'HGNC:9386', 'tag': 'CAGE_supported_TSS,basic,Ensembl_canonical,MANE_Select,appris_principal_3,CCDS', 'ccdsid': 'CCDS5928.1', 'havana_gene': 'OTTHUMG00000157324.26_1', 'havana_transcript': 'OTTHUMT00000348440.4_1', 'remap_original_location': 'chr7:-:151781152-151781431', 'remap_status': 'full_contig280', 'feature': 'CDS', 'feature_coordinates': 'chr7:151478238-151478517', 'probegroup': 'PRKAG2', 'offset_coordinates': 'chr7:151478212-151478542', 'five_prime_bases': 29, 'three_prime_bases': 28, 'region_id': 'chr7:151478209-151478545'}","{'GRAPES2': '1.0', 'CNVKIT': None, 'DECON': '41.5', 'GATK_GCNV': '422.61'}",True,41.5,422.61,,1.0,in_silico,0.8927299816976395,False
90697768,90698049,chr10,DUP,RB38170,1,1,1,0,1,52.4822695035461,1.0,281,"{'ID': 'CDS:ENST00000224784.10', 'Parent': 'ENST00000224784.10', 'gene_id': 'ENSG00000107796.13_1', 'transcript_id': 'ENST00000224784.10_1', 'gene_type': 'protein_coding', 'gene_name': 'ACTA2', 'transcript_type': 'protein_coding', 'transcript_name': 'ACTA2-201', 'exon_number': '8', 'exon_id': 'ENSE00001754408.1', 'level': '2', 'protein_id': 'ENSP00000224784.6', 'transcript_support_level': '1', 'hgnc_id': 'HGNC:130', 'tag': 'basic,Ensembl_canonical,MANE_Select,appris_principal_1,CCDS', 'ccdsid': 'CCDS7392.1', 'havana_gene': 'OTTHUMG00000018700.2_1', 'havana_transcript': 'OTTHUMT00000049264.1_1', 'remap_original_location': 'chr10:-:88938061-88938242', 'remap_status': 'full_contig182', 'feature': 'CDS', 'feature_coordinates': 'chr10:90697818-90697999', 'probegroup': 'ACTA2', 'offset_coordinates': 'chr10:90697792-90698024', 'five_prime_bases': 30, 'three_prime_bases': 29, 'region_id': 'chr10:90697788-90698028'}","{'GRAPES2': '0.421', 'CNVKIT': None, 'DECON': '25.1', 'GATK_GCNV': '55.74'}",True,25.1,55.74,,0.421,in_silico,0.8927299816976395,False
112884030,112884252,chr12,DEL,RB38170,1,1,1,0,0,39.91031390134529,0.70833325,222,"{'ID': 'CDS:ENST00000351677.7', 'Parent': 'ENST00000351677.7', 'gene_id': 'ENSG00000179295.19_1', 'transcript_id': 'ENST00000351677.7_1', 'gene_type': 'protein_coding', 'gene_name': 'PTPN11', 'transcript_type': 'protein_coding', 'transcript_name': 'PTPN11-201', 'exon_number': '2', 'exon_id': 'ENSE00000834910.1', 'level': '2', 'protein_id': 'ENSP00000340944.3', 'transcript_support_level': '1', 'hgnc_id': 'HGNC:9644', 'tag': 'basic,Ensembl_canonical,MANE_Select,appris_principal_3,CCDS', 'ccdsid': 'CCDS9163.1', 'havana_gene': 'OTTHUMG00000134334.4_1', 'havana_transcript': 'OTTHUMT00000259496.2_1', 'remap_original_location': 'chr12:+:112446276-112446398', 'remap_status': 'full_contig123', 'feature': 'CDS', 'feature_coordinates': 'chr12:112884080-112884202', 'probegroup': 'PTPN11', 'offset_coordinates': 'chr12:112884054-112884227', 'five_prime_bases': 84, 'three_prime_bases': 82, 'region_id': 'chr12:112883996-112884284'}","{'GRAPES2': None, 'CNVKIT': None, 'DECON': '24.4', 'GATK_GCNV': '89.74'}",True,24.4,89.74,,,in_silico,0.8927299816976395,False
179518323,179518453,chr2,DEL,RB38170,1,1,0,0,0,43.51145038167939,0.333333,130,"{'ID': 'CDS:ENST00000589042.5', 'Parent': 'ENST00000589042.5', 'gene_id': 'ENSG00000155657.29_1', 'transcript_id': 'ENST00000589042.5_1', 'gene_type': 'protein_coding', 'gene_name': 'TTN', 'transcript_type': 'protein_coding', 'transcript_name': 'TTN-214', 'exon_number': '196', 'exon_id': 'ENSE00002750222.1', 'level': '1', 'protein_id': 'ENSP00000467141.1', 'transcript_support_level': '5', 'hgnc_id': 'HGNC:12403', 'tag': 'inferred_exon_combination,non_submitted_evidence,basic,Ensembl_canonical,MANE_Select,appris_principal_1,exp_conf,CCDS', 'ccdsid': 'CCDS59435.1', 'havana_gene': 'OTTHUMG00000154448.23_1', 'havana_transcript': 'OTTHUMT00000450680.3_1', 'remap_original_location': 'chr2:-:178653621-178653701', 'remap_status': 'full_contig81', 'feature': 'CDS', 'feature_coordinates': 'chr2:179518348-179518428', 'probegroup': 'TTN', 'offset_coordinates': 'chr2:179518322-179518453', 'five_prime_bases': 2460, 'three_prime_bases': 1372, 'region_id': 'chr2:179515888-179519800'}","{'GRAPES2': None, 'CNVKIT': None, 'DECON': '4.25', 'GATK_GCNV': None}",False,4.25,,,,,0.8927299816976395,False
179522583,179523107,chr2,DUP,RB38170,3,1,0,0,0,40.95238095238095,0.4166665,524,"{'ID': 'CDS:ENST00000589042.5', 'Parent': 'ENST00000589042.5', 'gene_id': 'ENSG00000155657.29_1', 'transcript_id': 'ENST00000589042.5_1', 'gene_type': 'protein_coding', 'gene_name': 'TTN', 'transcript_type': 'protein_coding', 'transcript_name': 'TTN-214', 'exon_number': '187', 'exon_id': 'ENSE00002960777.1', 'level': '1', 'protein_id': 'ENSP00000467141.1', 'transcript_support_level': '5', 'hgnc_id': 'HGNC:12403', 'tag': 'inferred_exon_combination,non_submitted_evidence,basic,Ensembl_canonical,MANE_Select,appris_principal_1,exp_conf,CCDS', 'ccdsid': 'CCDS59435.1', 'havana_gene': 'OTTHUMG00000154448.23_1', 'havana_transcript': 'OTTHUMT00000450680.3_1', 'remap_original_location': 'chr2:-:178657881-178657961', 'remap_status': 'full_contig81', 'feature': 'CDS', 'feature_coordinates': 'chr2:179522608-179522688', 'probegroup': 'TTN', 'offset_coordinates': 'chr2:179522582-179522713', 'five_prime_bases': 462, 'three_prime_bases': 1372, 'region_id': 'chr2:179522146-179524060'}","{'GRAPES2': None, 'CNVKIT': None, 'DECON': '15.4', 'GATK_GCNV': None}",False,15.4,,,,,0.8927299816976395,False
179527040,179527170,chr2,DUP,RB38170,1,1,0,0,0,41.98473282442748,0.333333,130,"{'ID': 'CDS:ENST00000589042.5', 'Parent': 'ENST00000589042.5', 'gene_id': 'ENSG00000155657.29_1', 'transcript_id': 'ENST00000589042.5_1', 'gene_type': 'protein_coding', 'gene_name': 'TTN', 'transcript_type': 'protein_coding', 'transcript_name': 'TTN-214', 'exon_number': '177', 'exon_id': 'ENSE00002825030.1', 'level': '1', 'protein_id': 'ENSP00000467141.1', 'transcript_support_level': '5', 'hgnc_id': 'HGNC:12403', 'tag': 'inferred_exon_combination,non_submitted_evidence,basic,Ensembl_canonical,MANE_Select,appris_principal_1,exp_conf,CCDS', 'ccdsid': 'CCDS59435.1', 'havana_gene': 'OTTHUMG00000154448.23_1', 'havana_transcript': 'OTTHUMT00000450680.3_1', 'remap_original_location': 'chr2:-:178662338-178662418', 'remap_status': 'full_contig81', 'feature': 'CDS', 'feature_coordinates': 'chr2:179527065-179527145', 'probegroup': 'TTN', 'offset_coordinates': 'chr2:179527039-179527170', 'five_prime_bases': 658, 'three_prime_bases': 1758, 'region_id': 'chr2:179526407-179528903'}","{'GRAPES2': None, 'CNVKIT': None, 'DECON': '6.52', 'GATK_GCNV': None}",False,6.52,,,,,0.8927299816976395,False
218578461,218578724,chr1,DEL,RB38128,1,1,1,0,1,39.39393939393939,1.0,263,"{'ID': 'CDS:ENST00000366930.9', 'Parent': 'ENST00000366930.9', 'gene_id': 'ENSG00000092969.12_1', 'transcript_id': 'ENST00000366930.9_1', 'gene_type': 'protein_coding', 'gene_name': 'TGFB2', 'transcript_type': 'protein_coding', 'transcript_name': 'TGFB2-202', 'exon_number': '2', 'exon_id': 'ENSE00003505024.1', 'level': '2', 'protein_id': 'ENSP00000355897.4', 'transcript_support_level': '1', 'hgnc_id': 'HGNC:11768', 'tag': 'basic,Ensembl_canonical,MANE_Select,appris_principal_1,CCDS', 'ccdsid': 'CCDS1521.1', 'havana_gene': 'OTTHUMG00000039521.3_1', 'havana_transcript': 'OTTHUMT00000095359.3_1', 'remap_original_location': 'chr1:+:218405169-218405332', 'remap_status': 'full_contig164', 'feature': 'CDS', 'feature_coordinates': 'chr1:218578511-218578674', 'probegroup': 'TGFB2', 'offset_coordinates': 'chr1:218578485-218578699', 'five_prime_bases': 76, 'three_prime_bases': 73, 'region_id': 'chr1:218578435-218578747'}","{'GRAPES2': '0.653', 'CNVKIT': None, 'DECON': '11.9', 'GATK_GCNV': '218.78'}",True,11.9,218.78,,0.653,in_silico,0.9220181879908945,False
131719789,131730014,chr5,DUP,RB38128,8,1,1,0,1,48.37668687658908,1.0,10225,"{'ID': 'CDS:ENST00000245407.8', 'Parent': 'ENST00000245407.8', 'gene_id': 'ENSG00000197375.14_1', 'transcript_id': 'ENST00000245407.8_1', 'gene_type': 'protein_coding', 'gene_name': 'SLC22A5', 'transcript_type': 'protein_coding', 'transcript_name': 'SLC22A5-201', 'exon_number': '3', 'exon_id': 'ENSE00000899303.1', 'level': '2', 'protein_id': 'ENSP00000245407.3', 'transcript_support_level': '1', 'hgnc_id': 'HGNC:10969', 'tag': 'basic,Ensembl_canonical,MANE_Select,appris_principal_1,CCDS', 'ccdsid': 'CCDS4154.1', 'havana_gene': 'OTTHUMG00000059634.15_1', 'havana_transcript': 'OTTHUMT00000132631.2_1', 'remap_original_location': 'chr5:+:132384147-132384301', 'remap_status': 'full_contig155', 'feature': 'CDS', 'feature_coordinates': 'chr5:131719839-131719993', 'probegroup': 'SLC22A5', 'offset_coordinates': 'chr5:131719813-131720018', 'five_prime_bases': 80, 'three_prime_bases': 78, 'region_id': 'chr5:131719759-131720071'}","{'GRAPES2': '1.0', 'CNVKIT': None, 'DECON': '132', 'GATK_GCNV': '835.40'}",True,132,835.40,,1.0,in_silico,0.9220181879908945,False
30065878,30066174,chr7,DUP,RB38128,1,1,1,0,1,45.11784511784512,1.0,296,"{'ID': 'CDS:ENST00000222803.10', 'Parent': 'ENST00000222803.10', 'gene_id': 'ENSG00000106080.11_1', 'transcript_id': 'ENST00000222803.10_1', 'gene_type': 'protein_coding', 'gene_name': 'FKBP14', 'transcript_type': 'protein_coding', 'transcript_name': 'FKBP14-201', 'exon_number': '1', 'exon_id': 'ENSE00001138183.10', 'level': '2', 'protein_id': 'ENSP00000222803.5', 'transcript_support_level': '1', 'hgnc_id': 'HGNC:18625', 'tag': 'basic,Ensembl_canonical,MANE_Select,appris_principal_1,CCDS', 'ccdsid': 'CCDS5423.1', 'havana_gene': 'OTTHUMG00000023442.4_1', 'havana_transcript': 'OTTHUMT00000214229.2_1', 'remap_original_location': 'chr7:-:30026312-30026508', 'remap_status': 'full_contig197', 'feature': 'CDS', 'feature_coordinates': 'chr7:30065928-30066124', 'probegroup': 'FKBP14', 'offset_coordinates': 'chr7:30065902-30066149', 'five_prime_bases': 35, 'three_prime_bases': 33, 'region_id': 'chr7:30065893-30066157'}","{'GRAPES2': '0.881', 'CNVKIT': None, 'DECON': '15.1', 'GATK_GCNV': '54.98'}",True,15.1,54.98,,0.881,in_silico,0.9220181879908945,False
18690803,18795526,chr10,DEL,RB38128,4,1,1,0,1,41.58072648103587,0.31580150480106106,104723,"{'ID': 'CDS:ENST00000324631.13', 'Parent': 'ENST00000324631.13', 'gene_id': 'ENSG00000165995.23_1', 'transcript_id': 'ENST00000324631.13_1', 'gene_type': 'protein_coding', 'gene_name': 'CACNB2', 'transcript_type': 'protein_coding', 'transcript_name': 'CACNB2-202', 'exon_number': '3', 'exon_id': 'ENSE00003471380.1', 'level': '2', 'protein_id': 'ENSP00000320025.8', 'transcript_support_level': '1', 'hgnc_id': 'HGNC:1402', 'tag': 'basic,Ensembl_canonical,MANE_Select,CCDS', 'ccdsid': 'CCDS7125.1', 'havana_gene': 'OTTHUMG00000017764.9_1', 'havana_transcript': 'OTTHUMT00000047072.3_1', 'remap_original_location': 'chr10:+:18401924-18402043', 'remap_status': 'full_contig120', 'feature': 'CDS', 'feature_coordinates': 'chr10:18690853-18690972', 'probegroup': 'CACNB2', 'offset_coordinates': 'chr10:18690827-18690997', 'five_prime_bases': 85, 'three_prime_bases': 84, 'region_id': 'chr10:18690768-18691056'}","{'GRAPES2': '0.957', 'CNVKIT': None, 'DECON': '80.2', 'GATK_GCNV': '1254.51'}",True,80.2,1254.51,,0.957,in_silico,0.9220181879908945,False
179519147,179519286,chr2,DUP,RB38128,1,1,0,0,0,45.714285714285715,0.333333,139,"{'ID': 'CDS:ENST00000589042.5', 'Parent': 'ENST00000589042.5', 'gene_id': 'ENSG00000155657.29_1', 'transcript_id': 'ENST00000589042.5_1', 'gene_type': 'protein_coding', 'gene_name': 'TTN', 'transcript_type': 'protein_coding', 'transcript_name': 'TTN-214', 'exon_number': '192', 'exon_id': 'ENSE00002836035.1', 'level': '1', 'protein_id': 'ENSP00000467141.1', 'transcript_support_level': '5', 'hgnc_id': 'HGNC:12403', 'tag': 'inferred_exon_combination,non_submitted_evidence,basic,Ensembl_canonical,MANE_Select,appris_principal_1,exp_conf,CCDS', 'ccdsid': 'CCDS59435.1', 'havana_gene': 'OTTHUMG00000154448.23_1', 'havana_transcript': 'OTTHUMT00000450680.3_1', 'remap_original_location': 'chr2:-:178654445-178654534', 'remap_status': 'full_contig90', 'feature': 'CDS', 'feature_coordinates': 'chr2:179519172-179519261', 'probegroup': 'TTN', 'offset_coordinates': 'chr2:179519146-179519286', 'five_prime_bases': 3284, 'three_prime_bases': 539, 'region_id': 'chr2:179515888-179519800'}","{'GRAPES2': None, 'CNVKIT': None, 'DECON': '3.84', 'GATK_GCNV': None}",False,3.84,,,,,0.9220181879908945,False
162335144,162337307,chr1,DUP,RB38617,2,1,1,0,1,53.835489833641404,1.0,2163,"{'ID': 'CDS:ENST00000361897.10', 'Parent': 'ENST00000361897.10', 'gene_id': 'ENSG00000198929.13_1', 'transcript_id': 'ENST00000361897.10_1', 'gene_type': 'protein_coding', 'gene_name': 'NOS1AP', 'transcript_type': 'protein_coding', 'transcript_name': 'NOS1AP-201', 'exon_number': '9', 'exon_id': 'ENSE00003599110.1', 'level': '2', 'protein_id': 'ENSP00000355133.5', 'transcript_support_level': '1', 'hgnc_id': 'HGNC:16859', 'tag': 'basic,Ensembl_canonical,MANE_Select,appris_principal_3,CCDS', 'ccdsid': 'CCDS1237.1', 'havana_gene': 'OTTHUMG00000024049.7_1', 'havana_transcript': 'OTTHUMT00000060555.3_1', 'remap_original_location': 'chr1:+:162365404-162365569', 'remap_status': 'full_contig166', 'feature': 'CDS', 'feature_coordinates': 'chr1:162335194-162335359', 'probegroup': 'NOS1AP', 'offset_coordinates': 'chr1:162335168-162335384', 'five_prime_bases': 89, 'three_prime_bases': 34, 'region_id': 'chr1:162335105-162335393'}","{'GRAPES2': '1.0', 'CNVKIT': None, 'DECON': '75.4', 'GATK_GCNV': '216.45'}",True,75.4,216.45,,1.0,in_silico,0.9070845306266363,False
83631221,83675809,chr7,DEL,RB38617,7,1,1,0,0,33.62039965013793,0.2739019920472973,44588,"{'ID': 'CDS:ENST00000265362.9', 'Parent': 'ENST00000265362.9', 'gene_id': 'ENSG00000075213.11_1', 'transcript_id': 'ENST00000265362.9_1', 'gene_type': 'protein_coding', 'gene_name': 'SEMA3A', 'transcript_type': 'protein_coding', 'transcript_name': 'SEMA3A-201', 'exon_number': '12', 'exon_id': 'ENSE00000877111.1', 'level': '2', 'protein_id': 'ENSP00000265362.3', 'transcript_support_level': '1', 'hgnc_id': 'HGNC:10723', 'tag': 'basic,Ensembl_canonical,MANE_Select,appris_principal_1,CCDS', 'ccdsid': 'CCDS5599.1', 'havana_gene': 'OTTHUMG00000023443.16_1', 'havana_transcript': 'OTTHUMT00000253355.3_1', 'remap_original_location': 'chr7:-:84001955-84002046', 'remap_status': 'full_contig92', 'feature': 'CDS', 'feature_coordinates': 'chr7:83631271-83631362', 'probegroup': 'SEMA3A', 'offset_coordinates': 'chr7:83631245-83631387', 'five_prime_bases': 75, 'three_prime_bases': 74, 'region_id': 'chr7:83631196-83631436'}","{'GRAPES2': None, 'CNVKIT': None, 'DECON': '182', 'GATK_GCNV': '2298.91'}",True,182,2298.91,,,in_silico,0.9070845306266363,False
91641693,91642006,chr7,DUP,RB38617,1,1,1,0,1,32.48407643312102,1.0,313,"{'ID': 'CDS:ENST00000356239.8', 'Parent': 'ENST00000356239.8', 'gene_id': 'ENSG00000127914.19_1', 'transcript_id': 'ENST00000356239.8_1', 'gene_type': 'protein_coding', 'gene_name': 'AKAP9', 'transcript_type': 'protein_coding', 'transcript_name': 'AKAP9-201', 'exon_number': '9', 'exon_id': 'ENSE00003610052.1', 'level': '2', 'protein_id': 'ENSP00000348573.3', 'transcript_support_level': '1', 'hgnc_id': 'HGNC:379', 'tag': 'CAGE_supported_TSS,basic,Ensembl_canonical,MANE_Select,appris_principal_2,CCDS', 'ccdsid': 'CCDS5622.1', 'havana_gene': 'OTTHUMG00000131127.6_1', 'havana_transcript': 'OTTHUMT00000253808.3_1', 'remap_original_location': 'chr7:+:92012429-92012642', 'remap_status': 'full_contig214', 'feature': 'CDS', 'feature_coordinates': 'chr7:91641743-91641956', 'probegroup': 'AKAP9', 'offset_coordinates': 'chr7:91641717-91641981', 'five_prime_bases': 26, 'three_prime_bases': 25, 'region_id': 'chr7:91641717-91641981'}","{'GRAPES2': '0.735', 'CNVKIT': None, 'DECON': '21.1', 'GATK_GCNV': '7.65'}",True,21.1,7.65,,0.735,in_silico,0.9070845306266363,False
25570011,25570364,chr18,DEL,RB38617,1,1,1,0,1,40.96045197740113,1.0,353,"{'ID': 'CDS:ENST00000269141.8', 'Parent': 'ENST00000269141.8', 'gene_id': 'ENSG00000170558.10_1', 'transcript_id': 'ENST00000269141.8_1', 'gene_type': 'protein_coding', 'gene_name': 'CDH2', 'transcript_type': 'protein_coding', 'transcript_name': 'CDH2-201', 'exon_number': '10', 'exon_id': 'ENSE00001158081.1', 'level': '2', 'protein_id': 'ENSP00000269141.3', 'transcript_support_level': '1', 'hgnc_id': 'HGNC:1759', 'tag': 'basic,Ensembl_canonical,MANE_Select,appris_principal_1,CCDS', 'ccdsid': 'CCDS11891.1', 'havana_gene': 'OTTHUMG00000059940.12_1', 'havana_transcript': 'OTTHUMT00000133246.4_1', 'remap_original_location': 'chr18:-:27990097-27990350', 'remap_status': 'full_contig254', 'feature': 'CDS', 'feature_coordinates': 'chr18:25570061-25570314', 'probegroup': 'CDH2', 'offset_coordinates': 'chr18:25570035-25570339', 'five_prime_bases': 30, 'three_prime_bases': 29, 'region_id': 'chr18:25570031-25570343'}","{'GRAPES2': '0.53', 'CNVKIT': None, 'DECON': '24.6', 'GATK_GCNV': '336.40'}",True,24.6,336.40,,0.53,in_silico,0.9070845306266363,False
179527040,179527368,chr2,DEL,RB38617,2,1,0,0,0,40.42553191489361,0.4166665,328,"{'ID': 'CDS:ENST00000589042.5', 'Parent': 'ENST00000589042.5', 'gene_id': 'ENSG00000155657.29_1', 'transcript_id': 'ENST00000589042.5_1', 'gene_type': 'protein_coding', 'gene_name': 'TTN', 'transcript_type': 'protein_coding', 'transcript_name': 'TTN-214', 'exon_number': '177', 'exon_id': 'ENSE00002825030.1', 'level': '1', 'protein_id': 'ENSP00000467141.1', 'transcript_support_level': '5', 'hgnc_id': 'HGNC:12403', 'tag': 'inferred_exon_combination,non_submitted_evidence,basic,Ensembl_canonical,MANE_Select,appris_principal_1,exp_conf,CCDS', 'ccdsid': 'CCDS59435.1', 'havana_gene': 'OTTHUMG00000154448.23_1', 'havana_transcript': 'OTTHUMT00000450680.3_1', 'remap_original_location': 'chr2:-:178662338-178662418', 'remap_status': 'full_contig81', 'feature': 'CDS', 'feature_coordinates': 'chr2:179527065-179527145', 'probegroup': 'TTN', 'offset_coordinates': 'chr2:179527039-179527170', 'five_prime_bases': 658, 'three_prime_bases': 1758, 'region_id': 'chr2:179526407-179528903'}","{'GRAPES2': None, 'CNVKIT': None, 'DECON': '6.55', 'GATK_GCNV': None}",False,6.55,,,,,0.9070845306266363,False
92678597,92679050,chr10,DEL,RB38617,2,1,0,0,0,35.02202643171806,1.0,453,"{'ID': 'CDS:ENST00000371697.4', 'Parent': 'ENST00000371697.4', 'gene_id': 'ENSG00000148677.7_1', 'transcript_id': 'ENST00000371697.4_1', 'gene_type': 'protein_coding', 'gene_name': 'ANKRD1', 'transcript_type': 'protein_coding', 'transcript_name': 'ANKRD1-201', 'exon_number': '4', 'exon_id': 'ENSE00000986569.1', 'level': '2', 'protein_id': 'ENSP00000360762.3', 'transcript_support_level': '1', 'hgnc_id': 'HGNC:15819', 'tag': 'CAGE_supported_TSS,basic,Ensembl_canonical,MANE_Select,appris_principal_1,CCDS', 'ccdsid': 'CCDS7412.1', 'havana_gene': 'OTTHUMG00000018734.1_1', 'havana_transcript': 'OTTHUMT00000049357.1_1', 'remap_original_location': 'chr10:-:90918865-90918972', 'remap_status': 'full_contig108', 'feature': 'CDS', 'feature_coordinates': 'chr10:92678622-92678729', 'probegroup': 'ANKRD1', 'offset_coordinates': 'chr10:92678596-92678754', 'five_prime_bases': 79, 'three_prime_bases': 371, 'region_id': 'chr10:92678543-92679100'}","{'GRAPES2': None, 'CNVKIT': None, 'DECON': '18.5', 'GATK_GCNV': None}",False,18.5,,,,,0.9070845306266363,False
16047774,16047933,chr1,DUP,RB38579,1,1,1,0,1,46.875,1.0,159,"{'ID': 'CDS:ENST00000375799.8', 'Parent': 'ENST00000375799.8', 'gene_id': 'ENSG00000116786.13_1', 'transcript_id': 'ENST00000375799.8_1', 'gene_type': 'protein_coding', 'gene_name': 'PLEKHM2', 'transcript_type': 'protein_coding', 'transcript_name': 'PLEKHM2-202', 'exon_number': '7', 'exon_id': 'ENSE00000750777.1', 'level': '2', 'protein_id': 'ENSP00000364956.3', 'transcript_support_level': '1', 'hgnc_id': 'HGNC:29131', 'tag': 'basic,Ensembl_canonical,MANE_Select,appris_principal_2,CCDS', 'ccdsid': 'CCDS44063.1', 'havana_gene': 'OTTHUMG00000003062.3_1', 'havana_transcript': 'OTTHUMT00000008463.2_1', 'remap_original_location': 'chr1:+:15721329-15721388', 'remap_status': 'full_contig60', 'feature': 'CDS', 'feature_coordinates': 'chr1:16047824-16047883', 'probegroup': 'PLEKHM2', 'offset_coordinates': 'chr1:16047798-16047908', 'five_prime_bases': 79, 'three_prime_bases': 78, 'region_id': 'chr1:16047745-16047961'}","{'GRAPES2': '0.991', 'CNVKIT': None, 'DECON': '8.96', 'GATK_GCNV': '3.89'}",False,8.96,3.89,,0.991,,0.8612480367027172,False
123709617,123709746,chr6,DEL,RB38579,1,0,1,0,0,37.69230769230769,1.0,129,"{'ID': 'CDS:ENST00000334268.9', 'Parent': 'ENST00000334268.9', 'gene_id': 'ENSG00000186439.14_1', 'transcript_id': 'ENST00000334268.9_1', 'gene_type': 'protein_coding', 'gene_name': 'TRDN', 'transcript_type': 'protein_coding', 'transcript_name': 'TRDN-201', 'exon_number': '14', 'exon_id': 'ENSE00001006434.1', 'level': '2', 'protein_id': 'ENSP00000333984.5', 'transcript_support_level': '1', 'hgnc_id': 'HGNC:12261', 'tag': 'CAGE_supported_TSS,basic,Ensembl_canonical,MANE_Select,appris_principal_3,CCDS', 'ccdsid': 'CCDS55053.1', 'havana_gene': 'OTTHUMG00000015497.4_1', 'havana_transcript': 'OTTHUMT00000042050.3_1', 'remap_original_location': 'chr6:-:123388522-123388551', 'remap_status': 'full_contig30', 'feature': 'CDS', 'feature_coordinates': 'chr6:123709667-123709696', 'probegroup': 'TRDN', 'offset_coordinates': 'chr6:123709641-123709721', 'five_prime_bases': 82, 'three_prime_bases': 81, 'region_id': 'chr6:123709585-123709777'}","{'GRAPES2': None, 'CNVKIT': None, 'DECON': None, 'GATK_GCNV': '41.30'}",False,,41.30,,,,0.8612480367027172,False
83606398,83631412,chr7,DEL,RB38579,4,1,1,0,1,35.758544873076154,0.09112234513553112,25014,"{'ID': 'CDS:ENST00000265362.9', 'Parent': 'ENST00000265362.9', 'gene_id': 'ENSG00000075213.11_1', 'transcript_id': 'ENST00000265362.9_1', 'gene_type': 'protein_coding', 'gene_name': 'SEMA3A', 'transcript_type': 'protein_coding', 'transcript_name': 'SEMA3A-201', 'exon_number': '15', 'exon_id': 'ENSE00000700119.1', 'level': '2', 'protein_id': 'ENSP00000265362.3', 'transcript_support_level': '1', 'hgnc_id': 'HGNC:10723', 'tag': 'basic,Ensembl_canonical,MANE_Select,appris_principal_1,CCDS', 'ccdsid': 'CCDS5599.1', 'havana_gene': 'OTTHUMG00000023443.16_1', 'havana_transcript': 'OTTHUMT00000253355.3_1', 'remap_original_location': 'chr7:-:83977132-83977196', 'remap_status': 'full_contig65', 'feature': 'CDS', 'feature_coordinates': 'chr7:83606448-83606512', 'probegroup': 'SEMA3A', 'offset_coordinates': 'chr7:83606422-83606537', 'five_prime_bases': 77, 'three_prime_bases': 75, 'region_id': 'chr7:83606371-83606587'}","{'GRAPES2': '1.0', 'CNVKIT': None, 'DECON': '34.7', 'GATK_GCNV': '405.30'}",True,34.7,405.30,,1.0,in_silico,0.8612480367027172,False
121411138,121432218,chr10,DUP,RB38579,3,1,1,0,1,50.33916797115886,0.29244074734166664,21080,"{'ID': 'CDS:ENST00000369085.8', 'Parent': 'ENST00000369085.8', 'gene_id': 'ENSG00000151929.10_1', 'transcript_id': 'ENST00000369085.8_1', 'gene_type': 'protein_coding', 'gene_name': 'BAG3', 'transcript_type': 'protein_coding', 'transcript_name': 'BAG3-201', 'exon_number': '1', 'exon_id': 'ENSE00001448780.2', 'level': '2', 'protein_id': 'ENSP00000358081.4', 'transcript_support_level': '1', 'hgnc_id': 'HGNC:939', 'tag': 'basic,Ensembl_canonical,MANE_Select,appris_principal_1,CCDS', 'ccdsid': 'CCDS7615.1', 'havana_gene': 'OTTHUMG00000019155.2_1', 'havana_transcript': 'OTTHUMT00000050662.1_1', 'remap_original_location': 'chr10:+:119651676-119651855', 'remap_status': 'full_contig180', 'feature': 'CDS', 'feature_coordinates': 'chr10:121411188-121411367', 'probegroup': 'BAG3', 'offset_coordinates': 'chr10:121411162-121411392', 'five_prime_bases': 31, 'three_prime_bases': 30, 'region_id': 'chr10:121411157-121411397'}","{'GRAPES2': '1.0', 'CNVKIT': None, 'DECON': '39.8', 'GATK_GCNV': '116.18'}",True,39.8,116.18,,1.0,in_silico,0.8612480367027172,False
74833567,74833673,chr1,DEL,RB38579,1,1,0,0,0,35.51401869158878,1.0,106,"{'ID': 'CDS:ENST00000326637.8', 'Parent': 'ENST00000326637.8', 'gene_id': 'ENSG00000116783.15_1', 'transcript_id': 'ENST00000326637.8_1', 'gene_type': 'protein_coding', 'gene_name': 'TNNI3K', 'transcript_type': 'protein_coding', 'transcript_name': 'TNNI3K-201', 'exon_number': '13', 'exon_id': 'ENSE00003568058.1', 'level': '2', 'protein_id': 'ENSP00000322251.3', 'transcript_support_level': '1', 'hgnc_id': 'HGNC:19661', 'tag': 'basic,Ensembl_canonical,MANE_Select,appris_principal_1,CCDS', 'ccdsid': 'CCDS664.1', 'havana_gene': 'OTTHUMG00000171318.4_1', 'havana_transcript': 'OTTHUMT00000026432.2_1', 'remap_original_location': 'chr1:+:74367908-74367964', 'remap_status': 'full_contig57', 'feature': 'CDS', 'feature_coordinates': 'chr1:74833592-74833648', 'probegroup': 'TNNI3K', 'offset_coordinates': 'chr1:74833566-74833673', 'five_prime_bases': 81, 'three_prime_bases': 79, 'region_id': 'chr1:74833511-74833727'}","{'GRAPES2': None, 'CNVKIT': None, 'DECON': '3.96', 'GATK_GCNV': None}",False,3.96,,,,,0.8612480367027172,False
237881737,237881846,chr1,DEL,RB38579,1,1,0,0,0,34.54545454545455,1.0,109,"{'ID': 'CDS:ENST00000366574.7', 'Parent': 'ENST00000366574.7', 'gene_id': 'ENSG00000198626.18_1', 'transcript_id': 'ENST00000366574.7_1', 'gene_type': 'protein_coding', 'gene_name': 'RYR2', 'transcript_type': 'protein_coding', 'transcript_name': 'RYR2-201', 'exon_number': '73', 'exon_id': 'ENSE00003673763.1', 'level': '2', 'protein_id': 'ENSP00000355533.2', 'transcript_support_level': '1', 'hgnc_id': 'HGNC:10484', 'tag': 'non_canonical_conserved,basic,Ensembl_canonical,MANE_Select,appris_principal_1,CCDS', 'ccdsid': 'CCDS55691.1', 'havana_gene': 'OTTHUMG00000039543.5_1', 'havana_transcript': 'OTTHUMT00000095402.3_1', 'remap_original_location': 'chr1:+:237718462-237718521', 'remap_status': 'full_contig60', 'feature': 'CDS', 'feature_coordinates': 'chr1:237881762-237881821', 'probegroup': 'RYR2', 'offset_coordinates': 'chr1:237881736-237881846', 'five_prime_bases': 79, 'three_prime_bases': 78, 'region_id': 'chr1:237881683-237881899'}","{'GRAPES2': None, 'CNVKIT': None, 'DECON': '4.97', 'GATK_GCNV': None}",False,4.97,,,,,0.8612480367027172,False
179517940,179518453,chr2,DEL,RB38579,3,1,0,0,0,40.07782101167315,0.6666665,513,"{'ID': 'CDS:ENST00000589042.5', 'Parent': 'ENST00000589042.5', 'gene_id': 'ENSG00000155657.29_1', 'transcript_id': 'ENST00000589042.5_1', 'gene_type': 'protein_coding', 'gene_name': 'TTN', 'transcript_type': 'protein_coding', 'transcript_name': 'TTN-214', 'exon_number': '198', 'exon_id': 'ENSE00002816759.1', 'level': '1', 'protein_id': 'ENSP00000467141.1', 'transcript_support_level': '5', 'hgnc_id': 'HGNC:12403', 'tag': 'inferred_exon_combination,non_submitted_evidence,basic,Ensembl_canonical,MANE_Select,appris_principal_1,exp_conf,CCDS', 'ccdsid': 'CCDS59435.1', 'havana_gene': 'OTTHUMG00000154448.23_1', 'havana_transcript': 'OTTHUMT00000450680.3_1', 'remap_original_location': 'chr2:-:178653238-178653321', 'remap_status': 'full_contig84', 'feature': 'CDS', 'feature_coordinates': 'chr2:179517965-179518048', 'probegroup': 'TTN', 'offset_coordinates': 'chr2:179517939-179518073', 'five_prime_bases': 2077, 'three_prime_bases': 1752, 'region_id': 'chr2:179515888-179519800'}","{'GRAPES2': None, 'CNVKIT': None, 'DECON': '9.77', 'GATK_GCNV': None}",False,9.77,,,,,0.8612480367027172,False
179518713,179519043,chr2,DEL,RB38579,2,1,0,0,1,39.87915407854985,0.5555553333333334,330,"{'ID': 'CDS:ENST00000589042.5', 'Parent': 'ENST00000589042.5', 'gene_id': 'ENSG00000155657.29_1', 'transcript_id': 'ENST00000589042.5_1', 'gene_type': 'protein_coding', 'gene_name': 'TTN', 'transcript_type': 'protein_coding', 'transcript_name': 'TTN-214', 'exon_number': '194', 'exon_id': 'ENSE00002938148.1', 'level': '1', 'protein_id': 'ENSP00000467141.1', 'transcript_support_level': '5', 'hgnc_id': 'HGNC:12403', 'tag': 'inferred_exon_combination,non_submitted_evidence,basic,Ensembl_canonical,MANE_Select,appris_principal_1,exp_conf,CCDS', 'ccdsid': 'CCDS59435.1', 'havana_gene': 'OTTHUMG00000154448.23_1', 'havana_transcript': 'OTTHUMT00000450680.3_1', 'remap_original_location': 'chr2:-:178654012-178654095', 'remap_status': 'full_contig84', 'feature': 'CDS', 'feature_coordinates': 'chr2:179518739-179518822', 'probegroup': 'TTN', 'offset_coordinates': 'chr2:179518713-179518847', 'five_prime_bases': 2851, 'three_prime_bases': 978, 'region_id': 'chr2:179515888-179519800'}","{'GRAPES2': '0.876', 'CNVKIT': None, 'DECON': '16.2', 'GATK_GCNV': None}",False,16.2,,,0.876,,0.8612480367027172,False
179519447,179523840,chr2,DEL,RB38579,10,1,0,0,0,40.00910332271279,0.10757571655793985,4393,"{'ID': 'CDS:ENST00000589042.5', 'Parent': 'ENST00000589042.5', 'gene_id': 'ENSG00000155657.29_1', 'transcript_id': 'ENST00000589042.5_1', 'gene_type': 'protein_coding', 'gene_name': 'TTN', 'transcript_type': 'protein_coding', 'transcript_name': 'TTN-214', 'exon_number': '191', 'exon_id': 'ENSE00001744095.2', 'level': '1', 'protein_id': 'ENSP00000467141.1', 'transcript_support_level': '5', 'hgnc_id': 'HGNC:12403', 'tag': 'inferred_exon_combination,non_submitted_evidence,basic,Ensembl_canonical,MANE_Select,appris_principal_1,exp_conf,CCDS', 'ccdsid': 'CCDS59435.1', 'havana_gene': 'OTTHUMG00000154448.23_1', 'havana_transcript': 'OTTHUMT00000450680.3_1', 'remap_original_location': 'chr2:-:178654745-178654828', 'remap_status': 'full_contig84', 'feature': 'CDS', 'feature_coordinates': 'chr2:179519472-179519555', 'probegroup': 'TTN', 'offset_coordinates': 'chr2:179519446-179519580', 'five_prime_bases': 3584, 'three_prime_bases': 245, 'region_id': 'chr2:179515888-179519800'}","{'GRAPES2': None, 'CNVKIT': None, 'DECON': '91.9', 'GATK_GCNV': None}",False,91.9,,,,,0.8612480367027172,False
179526461,179528101,chr2,DUP,RB38579,8,1,0,0,0,39.97562461913468,0.41666650000000005,1640,"{'ID': 'CDS:ENST00000589042.5', 'Parent': 'ENST00000589042.5', 'gene_id': 'ENSG00000155657.29_1', 'transcript_id': 'ENST00000589042.5_1', 'gene_type': 'protein_coding', 'gene_name': 'TTN', 'transcript_type': 'protein_coding', 'transcript_name': 'TTN-214', 'exon_number': '180', 'exon_id': 'ENSE00002767327.1', 'level': '1', 'protein_id': 'ENSP00000467141.1', 'transcript_support_level': '5', 'hgnc_id': 'HGNC:12403', 'tag': 'inferred_exon_combination,non_submitted_evidence,basic,Ensembl_canonical,MANE_Select,appris_principal_1,exp_conf,CCDS', 'ccdsid': 'CCDS59435.1', 'havana_gene': 'OTTHUMG00000154448.23_1', 'havana_transcript': 'OTTHUMT00000450680.3_1', 'remap_original_location': 'chr2:-:178661759-178661842', 'remap_status': 'full_contig84', 'feature': 'CDS', 'feature_coordinates': 'chr2:179526486-179526569', 'probegroup': 'TTN', 'offset_coordinates': 'chr2:179526460-179526594', 'five_prime_bases': 79, 'three_prime_bases': 2334, 'region_id': 'chr2:179526407-179528903'}","{'GRAPES2': None, 'CNVKIT': None, 'DECON': '64.3', 'GATK_GCNV': None}",False,64.3,,,,,0.8612480367027172,False
179642122,179642336,chr2,DEL,RB38579,1,1,0,0,0,36.74418604651163,1.0,214,"{'ID': 'CDS:ENST00000589042.5', 'Parent': 'ENST00000589042.5', 'gene_id': 'ENSG00000155657.29_1', 'transcript_id': 'ENST00000589042.5_1', 'gene_type': 'protein_coding', 'gene_name': 'TTN', 'transcript_type': 'protein_coding', 'transcript_name': 'TTN-214', 'exon_number': '26', 'exon_id': 'ENSE00003811446.1', 'level': '1', 'protein_id': 'ENSP00000467141.1', 'transcript_support_level': '5', 'hgnc_id': 'HGNC:12403', 'tag': 'inferred_exon_combination,non_submitted_evidence,basic,Ensembl_canonical,MANE_Select,appris_principal_1,exp_conf,CCDS', 'ccdsid': 'CCDS59435.1', 'havana_gene': 'OTTHUMG00000154448.23_1', 'havana_transcript': 'OTTHUMT00000450680.3_1', 'remap_original_location': 'chr2:-:178777420-178777584', 'remap_status': 'full_contig165', 'feature': 'CDS', 'feature_coordinates': 'chr2:179642147-179642311', 'probegroup': 'TTN', 'offset_coordinates': 'chr2:179642121-179642336', 'five_prime_bases': 2527, 'three_prime_bases': 423, 'region_id': 'chr2:179639620-179642734'}","{'GRAPES2': None, 'CNVKIT': None, 'DECON': '2.65', 'GATK_GCNV': None}",False,2.65,,,,,0.8612480367027172,False
189853291,189854200,chr2,DEL,RB38579,2,1,0,0,0,28.68131868131868,1.0,909,"{'ID': 'CDS:ENST00000304636.9', 'Parent': 'ENST00000304636.9', 'gene_id': 'ENSG00000168542.16_1', 'transcript_id': 'ENST00000304636.9_1', 'gene_type': 'protein_coding', 'gene_name': 'COL3A1', 'transcript_type': 'protein_coding', 'transcript_name': 'COL3A1-201', 'exon_number': '7', 'exon_id': 'ENSE00001419814.1', 'level': '2', 'protein_id': 'ENSP00000304408.4', 'transcript_support_level': '1', 'hgnc_id': 'HGNC:2201', 'tag': 'CAGE_supported_TSS,basic,Ensembl_canonical,MANE_Select,appris_principal_1,CCDS', 'ccdsid': 'CCDS2297.1', 'havana_gene': 'OTTHUMG00000132648.7_1', 'havana_transcript': 'OTTHUMT00000255899.4_1', 'remap_original_location': 'chr2:+:188988590-188988643', 'remap_status': 'full_contig54', 'feature': 'CDS', 'feature_coordinates': 'chr2:189853316-189853369', 'probegroup': 'COL3A1', 'offset_coordinates': 'chr2:189853290-189853394', 'five_prime_bases': 82, 'three_prime_bases': 81, 'region_id': 'chr2:189853234-189853450'}","{'GRAPES2': None, 'CNVKIT': None, 'DECON': '6.5', 'GATK_GCNV': None}",False,6.5,,,,,0.8612480367027172,False
189855008,189856282,chr2,DEL,RB38579,3,1,0,0,0,28.07843137254902,1.0,1274,"{'ID': 'CDS:ENST00000304636.9', 'Parent': 'ENST00000304636.9', 'gene_id': 'ENSG00000168542.16_1', 'transcript_id': 'ENST00000304636.9_1', 'gene_type': 'protein_coding', 'gene_name': 'COL3A1', 'transcript_type': 'protein_coding', 'transcript_name': 'COL3A1-201', 'exon_number': '10', 'exon_id': 'ENSE00001130145.1', 'level': '2', 'protein_id': 'ENSP00000304408.4', 'transcript_support_level': '1', 'hgnc_id': 'HGNC:2201', 'tag': 'CAGE_supported_TSS,basic,Ensembl_canonical,MANE_Select,appris_principal_1,CCDS', 'ccdsid': 'CCDS2297.1', 'havana_gene': 'OTTHUMG00000132648.7_1', 'havana_transcript': 'OTTHUMT00000255899.4_1', 'remap_original_location': 'chr2:+:188990307-188990360', 'remap_status': 'full_contig54', 'feature': 'CDS', 'feature_coordinates': 'chr2:189855033-189855086', 'probegroup': 'COL3A1', 'offset_coordinates': 'chr2:189855007-189855111', 'five_prime_bases': 293, 'three_prime_bases': 81, 'region_id': 'chr2:189854740-189855167'}","{'GRAPES2': None, 'CNVKIT': None, 'DECON': '4.43', 'GATK_GCNV': None}",False,4.43,,,,,0.8612480367027172,False
37337895,37338045,chr5,DEL,RB38579,1,1,0,0,0,32.450331125827816,1.0,150,"{'ID': 'CDS:ENST00000231498.8', 'Parent': 'ENST00000231498.8', 'gene_id': 'ENSG00000113569.16_1', 'transcript_id': 'ENST00000231498.8_1', 'gene_type': 'protein_coding', 'gene_name': 'NUP155', 'transcript_type': 'protein_coding', 'transcript_name': 'NUP155-201', 'exon_number': '12', 'exon_id': 'ENSE00001006244.1', 'level': '2', 'protein_id': 'ENSP00000231498.3', 'transcript_support_level': '1', 'hgnc_id': 'HGNC:8063', 'tag': 'basic,Ensembl_canonical,MANE_Select,appris_principal_1,CCDS', 'ccdsid': 'CCDS3921.1', 'havana_gene': 'OTTHUMG00000090803.4_1', 'havana_transcript': 'OTTHUMT00000207593.3_1', 'remap_original_location': 'chr5:-:37337818-37337918', 'remap_status': 'full_contig101', 'feature': 'CDS', 'feature_coordinates': 'chr5:37337920-37338020', 'probegroup': 'NUP155', 'offset_coordinates': 'chr5:37337894-37338045', 'five_prime_bases': 83, 'three_prime_bases': 81, 'region_id': 'chr5:37337837-37338101'}","{'GRAPES2': None, 'CNVKIT': None, 'DECON': '2.99', 'GATK_GCNV': None}",False,2.99,,,,,0.8612480367027172,False
75848011,75848081,chr6,DEL,RB38579,1,1,0,0,0,29.577464788732392,1.0,70,"{'ID': 'CDS:ENST00000322507.13', 'Parent': 'ENST00000322507.13', 'gene_id': 'ENSG00000111799.22_1', 'transcript_id': 'ENST00000322507.13_1', 'gene_type': 'protein_coding', 'gene_name': 'COL12A1', 'transcript_type': 'protein_coding', 'transcript_name': 'COL12A1-201', 'exon_number': '30', 'exon_id': 'ENSE00002226533.1', 'level': '2', 'protein_id': 'ENSP00000325146.8', 'transcript_support_level': '1', 'hgnc_id': 'HGNC:2188', 'tag': 'basic,Ensembl_canonical,MANE_Select,appris_principal_2,CCDS', 'ccdsid': 'CCDS43482.1', 'havana_gene': 'OTTHUMG00000015051.8_1', 'havana_transcript': 'OTTHUMT00000041249.4_1', 'remap_original_location': 'chr6:-:75138320-75138340', 'remap_status': 'full_contig21', 'feature': 'CDS', 'feature_coordinates': 'chr6:75848036-75848056', 'probegroup': 'COL12A1', 'offset_coordinates': 'chr6:75848010-75848081', 'five_prime_bases': 75, 'three_prime_bases': 695, 'region_id': 'chr6:75847961-75848751'}","{'GRAPES2': None, 'CNVKIT': None, 'DECON': '4.23', 'GATK_GCNV': None}",False,4.23,,,,,0.8612480367027172,False
123703237,123714847,chr6,DEL,RB38579,3,1,0,0,1,33.606063215915945,1.0,11610,"{'ID': 'CDS:ENST00000334268.9', 'Parent': 'ENST00000334268.9', 'gene_id': 'ENSG00000186439.14_1', 'transcript_id': 'ENST00000334268.9_1', 'gene_type': 'protein_coding', 'gene_name': 'TRDN', 'transcript_type': 'protein_coding', 'transcript_name': 'TRDN-201', 'exon_number': '15', 'exon_id': 'ENSE00001006431.1', 'level': '2', 'protein_id': 'ENSP00000333984.5', 'transcript_support_level': '1', 'hgnc_id': 'HGNC:12261', 'tag': 'CAGE_supported_TSS,basic,Ensembl_canonical,MANE_Select,appris_principal_3,CCDS', 'ccdsid': 'CCDS55053.1', 'havana_gene': 'OTTHUMG00000015497.4_1', 'havana_transcript': 'OTTHUMT00000042050.3_1', 'remap_original_location': 'chr6:-:123382118-123382147', 'remap_status': 'full_contig30', 'feature': 'CDS', 'feature_coordinates': 'chr6:123703263-123703292', 'probegroup': 'TRDN', 'offset_coordinates': 'chr6:123703237-123703317', 'five_prime_bases': 82, 'three_prime_bases': 81, 'region_id': 'chr6:123703181-123703373'}","{'GRAPES2': '0.808', 'CNVKIT': None, 'DECON': '13.2', 'GATK_GCNV': None}",False,13.2,,,0.808,,0.8612480367027172,False
81601068,81603893,chr7,DEL,RB38579,2,1,0,0,0,28.768577494692142,1.0,2825,"{'ID': 'CDS:ENST00000356860.8', 'Parent': 'ENST00000356860.8', 'gene_id': 'ENSG00000153956.16_1', 'transcript_id': 'ENST00000356860.8_1', 'gene_type': 'protein_coding', 'gene_name': 'CACNA2D1', 'transcript_type': 'protein_coding', 'transcript_name': 'CACNA2D1-202', 'exon_number': '26', 'exon_id': 'ENSE00001591708.1', 'level': '2', 'protein_id': 'ENSP00000349320.3', 'transcript_support_level': '1', 'hgnc_id': 'HGNC:1399', 'tag': 'basic,Ensembl_canonical,MANE_Select,CCDS', 'ccdsid': 'CCDS5598.1', 'havana_gene': 'OTTHUMG00000023622.11_1', 'havana_transcript': 'OTTHUMT00000253340.5_1', 'remap_original_location': 'chr7:-:81971777-81971864', 'remap_status': 'full_contig88', 'feature': 'CDS', 'feature_coordinates': 'chr7:81601093-81601180', 'probegroup': 'CACNA2D1', 'offset_coordinates': 'chr7:81601067-81601205', 'five_prime_bases': 77, 'three_prime_bases': 76, 'region_id': 'chr7:81601016-81601256'}","{'GRAPES2': None, 'CNVKIT': None, 'DECON': '2.86', 'GATK_GCNV': None}",False,2.86,,,,,0.8612480367027172,False
81643692,81643820,chr7,DEL,RB38579,1,1,0,0,0,35.65891472868217,1.0,128,"{'ID': 'CDS:ENST00000356860.8', 'Parent': 'ENST00000356860.8', 'gene_id': 'ENSG00000153956.16_1', 'transcript_id': 'ENST00000356860.8_1', 'gene_type': 'protein_coding', 'gene_name': 'CACNA2D1', 'transcript_type': 'protein_coding', 'transcript_name': 'CACNA2D1-202', 'exon_number': '13', 'exon_id': 'ENSE00003651871.1', 'level': '2', 'protein_id': 'ENSP00000349320.3', 'transcript_support_level': '1', 'hgnc_id': 'HGNC:1399', 'tag': 'basic,Ensembl_canonical,MANE_Select,CCDS', 'ccdsid': 'CCDS5598.1', 'havana_gene': 'OTTHUMG00000023622.11_1', 'havana_transcript': 'OTTHUMT00000253340.5_1', 'remap_original_location': 'chr7:-:82014401-82014479', 'remap_status': 'full_contig79', 'feature': 'CDS', 'feature_coordinates': 'chr7:81643717-81643795', 'probegroup': 'CACNA2D1', 'offset_coordinates': 'chr7:81643691-81643820', 'five_prime_bases': 82, 'three_prime_bases': 80, 'region_id': 'chr7:81643635-81643875'}","{'GRAPES2': None, 'CNVKIT': None, 'DECON': '4.01', 'GATK_GCNV': None}",False,4.01,,,,,0.8612480367027172,False
91713929,91714042,chr7,DEL,RB38579,1,1,0,0,0,34.21052631578947,1.0,113,"{'ID': 'CDS:ENST00000356239.8', 'Parent': 'ENST00000356239.8', 'gene_id': 'ENSG00000127914.19_1', 'transcript_id': 'ENST00000356239.8_1', 'gene_type': 'protein_coding', 'gene_name': 'AKAP9', 'transcript_type': 'protein_coding', 'transcript_name': 'AKAP9-201', 'exon_number': '34', 'exon_id': 'ENSE00001615779.1', 'level': '2', 'protein_id': 'ENSP00000348573.3', 'transcript_support_level': '1', 'hgnc_id': 'HGNC:379', 'tag': 'CAGE_supported_TSS,basic,Ensembl_canonical,MANE_Select,appris_principal_2,CCDS', 'ccdsid': 'CCDS5622.1', 'havana_gene': 'OTTHUMG00000131127.6_1', 'havana_transcript': 'OTTHUMT00000253808.3_1', 'remap_original_location': 'chr7:+:92084640-92084703', 'remap_status': 'full_contig64', 'feature': 'CDS', 'feature_coordinates': 'chr7:91713954-91714017', 'probegroup': 'AKAP9', 'offset_coordinates': 'chr7:91713928-91714042', 'five_prime_bases': 77, 'three_prime_bases': 320, 'region_id': 'chr7:91713877-91714337'}","{'GRAPES2': None, 'CNVKIT': None, 'DECON': '2.64', 'GATK_GCNV': None}",False,2.64,,,,,0.8612480367027172,False
91737783,91737972,chr7,DUP,RB38579,1,1,0,0,0,43.15789473684211,1.0,189,"{'ID': 'CDS:ENST00000356239.8', 'Parent': 'ENST00000356239.8', 'gene_id': 'ENSG00000127914.19_1', 'transcript_id': 'ENST00000356239.8_1', 'gene_type': 'protein_coding', 'gene_name': 'AKAP9', 'transcript_type': 'protein_coding', 'transcript_name': 'AKAP9-201', 'exon_number': '49', 'exon_id': 'ENSE00003666256.1', 'level': '2', 'protein_id': 'ENSP00000348573.3', 'transcript_support_level': '1', 'hgnc_id': 'HGNC:379', 'tag': 'CAGE_supported_TSS,basic,Ensembl_canonical,MANE_Select,appris_principal_2,CCDS', 'ccdsid': 'CCDS5622.1', 'havana_gene': 'OTTHUMG00000131127.6_1', 'havana_transcript': 'OTTHUMT00000253808.3_1', 'remap_original_location': 'chr7:+:92108494-92108633', 'remap_status': 'full_contig140', 'feature': 'CDS', 'feature_coordinates': 'chr7:91737808-91737947', 'probegroup': 'AKAP9', 'offset_coordinates': 'chr7:91737782-91737972', 'five_prime_bases': 75, 'three_prime_bases': 74, 'region_id': 'chr7:91737733-91738021'}","{'GRAPES2': None, 'CNVKIT': None, 'DECON': '2.91', 'GATK_GCNV': None}",False,2.91,,,,,0.8612480367027172,False
21148617,21148780,chr10,DEL,RB38579,1,1,0,0,0,30.48780487804878,1.0,163,"{'ID': 'CDS:ENST00000377122.9', 'Parent': 'ENST00000377122.9', 'gene_id': 'ENSG00000078114.19_1', 'transcript_id': 'ENST00000377122.9_1', 'gene_type': 'protein_coding', 'gene_name': 'NEBL', 'transcript_type': 'protein_coding', 'transcript_name': 'NEBL-202', 'exon_number': '8', 'exon_id': 'ENSE00001181368.1', 'level': '2', 'protein_id': 'ENSP00000366326.4', 'transcript_support_level': '1', 'hgnc_id': 'HGNC:16932', 'tag': 'basic,Ensembl_canonical,MANE_Select,CCDS', 'ccdsid': 'CCDS7134.1', 'havana_gene': 'OTTHUMG00000017786.5_1', 'havana_transcript': 'OTTHUMT00000047113.1_1', 'remap_original_location': 'chr10:-:20859713-20859826', 'remap_status': 'full_contig114', 'feature': 'CDS', 'feature_coordinates': 'chr10:21148642-21148755', 'probegroup': 'NEBL', 'offset_coordinates': 'chr10:21148616-21148780', 'five_prime_bases': 76, 'three_prime_bases': 75, 'region_id': 'chr10:21148566-21148830'}","{'GRAPES2': None, 'CNVKIT': None, 'DECON': '2.92', 'GATK_GCNV': None}",False,2.92,,,,,0.8612480367027172,False
21962761,21962914,chr12,DEL,RB38579,1,1,0,0,0,35.714285714285715,1.0,153,"{'ID': 'CDS:ENST00000261200.9', 'Parent': 'ENST00000261200.9', 'gene_id': 'ENSG00000069431.14_1', 'transcript_id': 'ENST00000261200.9_1', 'gene_type': 'protein_coding', 'gene_name': 'ABCC9', 'transcript_type': 'protein_coding', 'transcript_name': 'ABCC9-201', 'exon_number': '37', 'exon_id': 'ENSE00000822283.1', 'level': '2', 'protein_id': 'ENSP00000261200.4', 'transcript_support_level': '5', 'hgnc_id': 'HGNC:60', 'tag': 'CAGE_supported_TSS,basic,Ensembl_canonical,MANE_Select,appris_principal_5,CCDS', 'ccdsid': 'CCDS8693.1', 'havana_gene': 'OTTHUMG00000169094.4_1', 'havana_transcript': 'OTTHUMT00000402228.2_1', 'remap_original_location': 'chr12:-:21809852-21809955', 'remap_status': 'full_contig104', 'feature': 'CDS', 'feature_coordinates': 'chr12:21962786-21962889', 'probegroup': 'ABCC9', 'offset_coordinates': 'chr12:21962760-21962914', 'five_prime_bases': 81, 'three_prime_bases': 80, 'region_id': 'chr12:21962705-21962969'}","{'GRAPES2': None, 'CNVKIT': None, 'DECON': '2.96', 'GATK_GCNV': None}",False,2.96,,,,,0.8612480367027172,False
67457208,67477227,chr15,DUP,RB38579,6,1,0,0,0,51.723276723276726,0.3471725913207547,20019,"{'ID': 'CDS:ENST00000327367.9', 'Parent': 'ENST00000327367.9', 'gene_id': 'ENSG00000166949.17_1', 'transcript_id': 'ENST00000327367.9_1', 'gene_type': 'protein_coding', 'gene_name': 'SMAD3', 'transcript_type': 'protein_coding', 'transcript_name': 'SMAD3-201', 'exon_number': '2', 'exon_id': 'ENSE00003553543.1', 'level': '2', 'protein_id': 'ENSP00000332973.4', 'transcript_support_level': '1', 'hgnc_id': 'HGNC:6769', 'tag': 'basic,Ensembl_canonical,MANE_Select,appris_principal_1,CCDS', 'ccdsid': 'CCDS10222.1', 'havana_gene': 'OTTHUMG00000133230.6_1', 'havana_transcript': 'OTTHUMT00000256967.3_1', 'remap_original_location': 'chr15:+:67164895-67165088', 'remap_status': 'full_contig194', 'feature': 'CDS', 'feature_coordinates': 'chr15:67457233-67457426', 'probegroup': 'SMAD3', 'offset_coordinates': 'chr15:67457207-67457451', 'five_prime_bases': 36, 'three_prime_bases': 374, 'region_id': 'chr15:67457197-67457800'}","{'GRAPES2': None, 'CNVKIT': None, 'DECON': '14.5', 'GATK_GCNV': None}",False,14.5,,,,,0.8612480367027172,False
73614797,73636174,chr15,DEL,RB38579,7,1,0,0,0,56.35232481990832,0.8333333333333334,21377,"{'ID': 'CDS:ENST00000261917.4', 'Parent': 'ENST00000261917.4', 'gene_id': 'ENSG00000138622.4_1', 'transcript_id': 'ENST00000261917.4_1', 'gene_type': 'protein_coding', 'gene_name': 'HCN4', 'transcript_type': 'protein_coding', 'transcript_name': 'HCN4-201', 'exon_number': '8', 'exon_id': 'ENSE00000885626.5', 'level': '2', 'protein_id': 'ENSP00000261917.3', 'transcript_support_level': '1', 'hgnc_id': 'HGNC:16882', 'tag': 'CAGE_supported_TSS,basic,Ensembl_canonical,MANE_Select,appris_principal_1,CCDS', 'ccdsid': 'CCDS10248.1', 'havana_gene': 'OTTHUMG00000137563.3_1', 'havana_transcript': 'OTTHUMT00000268900.3_1', 'remap_original_location': 'chr15:-:73322481-73323949', 'remap_status': 'full_contig1469', 'feature': 'CDS', 'feature_coordinates': 'chr15:73614822-73616290', 'probegroup': 'HCN4', 'offset_coordinates': 'chr15:73614796-73616315', 'five_prime_bases': 35, 'three_prime_bases': 377, 'region_id': 'chr15:73614787-73616667'}","{'GRAPES2': None, 'CNVKIT': None, 'DECON': '8.96', 'GATK_GCNV': None}",False,8.96,,,,,0.8612480367027172,False
119590481,119590649,chrX,DEL,RB38579,1,1,0,0,0,29.585798816568047,1.0,168,"{'ID': 'CDS:ENST00000200639.9', 'Parent': 'ENST00000200639.9', 'gene_id': 'ENSG00000005893.16_1', 'transcript_id': 'ENST00000200639.9_1', 'gene_type': 'protein_coding', 'gene_name': 'LAMP2', 'transcript_type': 'protein_coding', 'transcript_name': 'LAMP2-201', 'exon_number': '2', 'exon_id': 'ENSE00003615412.1', 'level': '2', 'protein_id': 'ENSP00000200639.4', 'transcript_support_level': '1', 'hgnc_id': 'HGNC:6501', 'tag': 'basic,Ensembl_canonical,MANE_Select,appris_principal_5,CCDS', 'ccdsid': 'CCDS14599.1', 'havana_gene': 'OTTHUMG00000022301.5_1', 'havana_transcript': 'OTTHUMT00000058099.2_1', 'remap_original_location': 'chrX:-:120456651-120456769', 'remap_status': 'full_contig119', 'feature': 'CDS', 'feature_coordinates': 'chrX:119590506-119590624', 'probegroup': 'LAMP2', 'offset_coordinates': 'chrX:119590480-119590649', 'five_prime_bases': 86, 'three_prime_bases': 84, 'region_id': 'chrX:119590420-119590708'}","{'GRAPES2': None, 'CNVKIT': None, 'DECON': '3.61', 'GATK_GCNV': None}",False,3.61,,,,,0.8612480367027172,False
141326494,141326627,chr3,DEL,RB38579,1,0,0,0,1,26.865671641791046,1.0,133,"{'ID': 'CDS:ENST00000286364.9', 'Parent': 'ENST00000286364.9', 'gene_id': 'ENSG00000155903.14_1', 'transcript_id': 'ENST00000286364.9_1', 'gene_type': 'protein_coding', 'gene_name': 'RASA2', 'transcript_type': 'protein_coding', 'transcript_name': 'RASA2-201', 'exon_number': '20', 'exon_id': 'ENSE00003619180.1', 'level': '2', 'protein_id': 'ENSP00000286364.3', 'transcript_support_level': '1', 'hgnc_id': 'HGNC:9872', 'tag': 'basic,Ensembl_canonical,MANE_Select,appris_principal_1,CCDS', 'ccdsid': 'CCDS3117.1', 'havana_gene': 'OTTHUMG00000160221.5_1', 'havana_transcript': 'OTTHUMT00000359711.4_1', 'remap_original_location': 'chr3:+:141607678-141607760', 'remap_status': 'full_contig83', 'feature': 'CDS', 'feature_coordinates': 'chr3:141326520-141326602', 'probegroup': 'RASA2', 'offset_coordinates': 'chr3:141326494-141326627', 'five_prime_bases': 99, 'three_prime_bases': 83, 'region_id': 'chr3:141326421-141326685'}","{'GRAPES2': '0.0', 'CNVKIT': None, 'DECON': None, 'GATK_GCNV': None}",False,,,,0.0,,0.8612480367027172,False
151267231,151269820,chr7,DUP,RB38579,2,0,0,0,1,39.84555984555985,0.40505190952380954,2589,"{'ID': 'CDS:ENST00000287878.9', 'Parent': 'ENST00000287878.9', 'gene_id': 'ENSG00000106617.15_1', 'transcript_id': 'ENST00000287878.9_1', 'gene_type': 'protein_coding', 'gene_name': 'PRKAG2', 'transcript_type': 'protein_coding', 'transcript_name': 'PRKAG2-201', 'exon_number': '10', 'exon_id': 'ENSE00003490630.1', 'level': '2', 'protein_id': 'ENSP00000287878.3', 'transcript_support_level': '1', 'hgnc_id': 'HGNC:9386', 'tag': 'CAGE_supported_TSS,basic,Ensembl_canonical,MANE_Select,appris_principal_3,CCDS', 'ccdsid': 'CCDS5928.1', 'havana_gene': 'OTTHUMG00000157324.26_1', 'havana_transcript': 'OTTHUMT00000348440.4_1', 'remap_original_location': 'chr7:-:151570171-151570225', 'remap_status': 'full_contig55', 'feature': 'CDS', 'feature_coordinates': 'chr7:151267257-151267311', 'probegroup': 'PRKAG2', 'offset_coordinates': 'chr7:151267231-151267336', 'five_prime_bases': 82, 'three_prime_bases': 80, 'region_id': 'chr7:151267175-151267391'}","{'GRAPES2': '1.0', 'CNVKIT': None, 'DECON': None, 'GATK_GCNV': None}",False,,,,1.0,,0.8612480367027172,False
116754456,116754763,chr6,DEL,RB38153,1,0,1,0,0,43.83116883116883,1.0,307,"{'ID': 'CDS:ENST00000644252.3', 'Parent': 'ENST00000644252.3', 'gene_id': 'ENSG00000111817.19_1', 'transcript_id': 'ENST00000644252.3_1', 'gene_type': 'protein_coding', 'gene_name': 'DSE', 'transcript_type': 'protein_coding', 'transcript_name': 'DSE-213', 'exon_number': '5', 'exon_id': 'ENSE00000762640.1', 'level': '2', 'protein_id': 'ENSP00000494147.2', 'hgnc_id': 'HGNC:21144', 'tag': 'basic,Ensembl_canonical,MANE_Select,appris_principal_1,CCDS', 'ccdsid': 'CCDS5107.1', 'havana_gene': 'OTTHUMG00000015434.16_1', 'havana_transcript': 'OTTHUMT00000497107.2_1', 'remap_original_location': 'chr6:+:116433343-116433550', 'remap_status': 'full_contig208', 'feature': 'CDS', 'feature_coordinates': 'chr6:116754506-116754713', 'probegroup': 'DSE', 'offset_coordinates': 'chr6:116754480-116754738', 'five_prime_bases': 29, 'three_prime_bases': 28, 'region_id': 'chr6:116754477-116754741'}","{'GRAPES2': None, 'CNVKIT': None, 'DECON': None, 'GATK_GCNV': '44.68'}",False,,44.68,,,,0.7902080919020648,False
45291115,45300458,chr17,DUP,RB38153,5,1,1,0,1,46.0402397260274,0.5800243420833333,9343,"{'ID': 'CDS:ENST00000393450.5', 'Parent': 'ENST00000393450.5', 'gene_id': 'ENSG00000198336.9_1', 'transcript_id': 'ENST00000393450.5_1', 'gene_type': 'protein_coding', 'gene_name': 'MYL4', 'transcript_type': 'protein_coding', 'transcript_name': 'MYL4-202', 'exon_number': '2', 'exon_id': 'ENSE00001110506.1', 'level': '2', 'protein_id': 'ENSP00000377096.1', 'transcript_support_level': '1', 'hgnc_id': 'HGNC:7585', 'tag': 'basic,Ensembl_canonical,MANE_Select,appris_principal_1,CCDS', 'ccdsid': 'CCDS11510.1', 'havana_gene': 'OTTHUMG00000178232.2_1', 'havana_transcript': 'OTTHUMT00000441064.1_1', 'remap_original_location': 'chr17:+:47213799-47213826', 'remap_status': 'full_contig28', 'feature': 'CDS', 'feature_coordinates': 'chr17:45291165-45291192', 'probegroup': 'MYL4', 'offset_coordinates': 'chr17:45291139-45291217', 'five_prime_bases': 83, 'three_prime_bases': 82, 'region_id': 'chr17:45291082-45291274'}","{'GRAPES2': '1.0', 'CNVKIT': None, 'DECON': '103', 'GATK_GCNV': '99.16'}",True,103,99.16,,1.0,in_silico,0.7902080919020648,False
21340080,21340236,chr22,DEL,RB38153,1,1,1,0,1,59.23566878980891,1.0,156,"{'ID': 'CDS:ENST00000646124.2', 'Parent': 'ENST00000646124.2', 'gene_id': 'ENSG00000099949.21_1', 'transcript_id': 'ENST00000646124.2_1', 'gene_type': 'protein_coding', 'gene_name': 'LZTR1', 'transcript_type': 'protein_coding', 'transcript_name': 'LZTR1-221', 'exon_number': '3', 'exon_id': 'ENSE00003508485.1', 'level': '2', 'protein_id': 'ENSP00000496779.1', 'hgnc_id': 'HGNC:6742', 'tag': 'CAGE_supported_TSS,basic,Ensembl_canonical,MANE_Select,appris_principal_1,CCDS', 'ccdsid': 'CCDS33606.1', 'havana_gene': 'OTTHUMG00000150878.7_1', 'havana_transcript': 'OTTHUMT00000497424.2_1', 'remap_original_location': 'chr22:+:20985841-20985897', 'remap_status': 'full_contig57', 'feature': 'CDS', 'feature_coordinates': 'chr22:21340130-21340186', 'probegroup': 'LZTR1', 'offset_coordinates': 'chr22:21340104-21340211', 'five_prime_bases': 81, 'three_prime_bases': 79, 'region_id': 'chr22:21340049-21340265'}","{'GRAPES2': '0.713', 'CNVKIT': None, 'DECON': '18.3', 'GATK_GCNV': '33.51'}",False,18.3,33.51,,0.713,,0.7902080919020648,False
179526844,179527368,chr2,DUP,RB38153,3,1,0,0,0,40.57142857142857,0.4166665,524,"{'ID': 'CDS:ENST00000589042.5', 'Parent': 'ENST00000589042.5', 'gene_id': 'ENSG00000155657.29_1', 'transcript_id': 'ENST00000589042.5_1', 'gene_type': 'protein_coding', 'gene_name': 'TTN', 'transcript_type': 'protein_coding', 'transcript_name': 'TTN-214', 'exon_number': '178', 'exon_id': 'ENSE00002852676.1', 'level': '1', 'protein_id': 'ENSP00000467141.1', 'transcript_support_level': '5', 'hgnc_id': 'HGNC:12403', 'tag': 'inferred_exon_combination,non_submitted_evidence,basic,Ensembl_canonical,MANE_Select,appris_principal_1,exp_conf,CCDS', 'ccdsid': 'CCDS59435.1', 'havana_gene': 'OTTHUMG00000154448.23_1', 'havana_transcript': 'OTTHUMT00000450680.3_1', 'remap_original_location': 'chr2:-:178662142-178662222', 'remap_status': 'full_contig81', 'feature': 'CDS', 'feature_coordinates': 'chr2:179526869-179526949', 'probegroup': 'TTN', 'offset_coordinates': 'chr2:179526843-179526974', 'five_prime_bases': 462, 'three_prime_bases': 1954, 'region_id': 'chr2:179526407-179528903'}","{'GRAPES2': None, 'CNVKIT': None, 'DECON': '5.92', 'GATK_GCNV': None}",False,5.92,,,,,0.7902080919020648,False
57898860,57902829,chr3,DEL,RB38153,2,1,0,0,0,39.1183879093199,0.46774720666666664,3969,"{'ID': 'CDS:ENST00000671191.1', 'Parent': 'ENST00000671191.1', 'gene_id': 'ENSG00000163681.16_1', 'transcript_id': 'ENST00000671191.1_1', 'gene_type': 'protein_coding', 'gene_name': 'SLMAP', 'transcript_type': 'protein_coding', 'transcript_name': 'SLMAP-230', 'exon_number': '21', 'exon_id': 'ENSE00003644964.1', 'level': '2', 'protein_id': 'ENSP00000499458.1', 'hgnc_id': 'HGNC:16643', 'tag': 'CAGE_supported_TSS,RNA_Seq_supported_only,basic,Ensembl_canonical,MANE_Select,appris_alternative_1', 'havana_gene': 'OTTHUMG00000133764.5_1', 'havana_transcript': 'OTTHUMT00000504658.2_1', 'remap_original_location': 'chr3:+:57913158-57913275', 'remap_status': 'full_contig118', 'feature': 'CDS', 'feature_coordinates': 'chr3:57898885-57899002', 'probegroup': 'SLMAP', 'offset_coordinates': 'chr3:57898859-57899027', 'five_prime_bases': 74, 'three_prime_bases': 73, 'region_id': 'chr3:57898811-57899075'}","{'GRAPES2': None, 'CNVKIT': None, 'DECON': '5.65', 'GATK_GCNV': None}",False,5.65,,,,,0.7902080919020648,False
127673663,127673839,chr5,DUP,RB38153,1,1,0,0,1,50.847457627118644,1.0,176,"{'ID': 'CDS:ENST00000262464.9', 'Parent': 'ENST00000262464.9', 'gene_id': 'ENSG00000138829.12_1', 'transcript_id': 'ENST00000262464.9_1', 'gene_type': 'protein_coding', 'gene_name': 'FBN2', 'transcript_type': 'protein_coding', 'transcript_name': 'FBN2-201', 'exon_number': '27', 'exon_id': 'ENSE00003889041.1', 'level': '2', 'protein_id': 'ENSP00000262464.4', 'transcript_support_level': '1', 'hgnc_id': 'HGNC:3604', 'tag': 'basic,Ensembl_canonical,MANE_Select,appris_principal_1,CCDS', 'ccdsid': 'CCDS34222.1', 'havana_gene': 'OTTHUMG00000163082.4_1', 'havana_transcript': 'OTTHUMT00000504447.2_1', 'remap_original_location': 'chr5:-:128337997-128338122', 'remap_status': 'full_contig126', 'feature': 'CDS', 'feature_coordinates': 'chr5:127673689-127673814', 'probegroup': 'FBN2', 'offset_coordinates': 'chr5:127673663-127673839', 'five_prime_bases': 82, 'three_prime_bases': 81, 'region_id': 'chr5:127673607-127673895'}","{'GRAPES2': '0.538', 'CNVKIT': None, 'DECON': '23.8', 'GATK_GCNV': None}",False,23.8,,,0.538,,0.7902080919020648,False
116754480,116758533,chr6,DEL,RB38153,2,1,0,0,1,38.89985199802664,0.7692307692307693,4053,"{'ID': 'CDS:ENST00000644252.3', 'Parent': 'ENST00000644252.3', 'gene_id': 'ENSG00000111817.19_1', 'transcript_id': 'ENST00000644252.3_1', 'gene_type': 'protein_coding', 'gene_name': 'DSE', 'transcript_type': 'protein_coding', 'transcript_name': 'DSE-213', 'exon_number': '5', 'exon_id': 'ENSE00000762640.1', 'level': '2', 'protein_id': 'ENSP00000494147.2', 'hgnc_id': 'HGNC:21144', 'tag': 'basic,Ensembl_canonical,MANE_Select,appris_principal_1,CCDS', 'ccdsid': 'CCDS5107.1', 'havana_gene': 'OTTHUMG00000015434.16_1', 'havana_transcript': 'OTTHUMT00000497107.2_1', 'remap_original_location': 'chr6:+:116433343-116433550', 'remap_status': 'full_contig208', 'feature': 'CDS', 'feature_coordinates': 'chr6:116754506-116754713', 'probegroup': 'DSE', 'offset_coordinates': 'chr6:116754480-116754738', 'five_prime_bases': 29, 'three_prime_bases': 28, 'region_id': 'chr6:116754477-116754741'}","{'GRAPES2': '1.0', 'CNVKIT': None, 'DECON': '46.5', 'GATK_GCNV': None}",True,46.5,,,1.0,in_silico,0.7902080919020648,False
92678597,92679050,chr10,DUP,RB38153,2,1,0,0,0,35.02202643171806,1.0,453,"{'ID': 'CDS:ENST00000371697.4', 'Parent': 'ENST00000371697.4', 'gene_id': 'ENSG00000148677.7_1', 'transcript_id': 'ENST00000371697.4_1', 'gene_type': 'protein_coding', 'gene_name': 'ANKRD1', 'transcript_type': 'protein_coding', 'transcript_name': 'ANKRD1-201', 'exon_number': '4', 'exon_id': 'ENSE00000986569.1', 'level': '2', 'protein_id': 'ENSP00000360762.3', 'transcript_support_level': '1', 'hgnc_id': 'HGNC:15819', 'tag': 'CAGE_supported_TSS,basic,Ensembl_canonical,MANE_Select,appris_principal_1,CCDS', 'ccdsid': 'CCDS7412.1', 'havana_gene': 'OTTHUMG00000018734.1_1', 'havana_transcript': 'OTTHUMT00000049357.1_1', 'remap_original_location': 'chr10:-:90918865-90918972', 'remap_status': 'full_contig108', 'feature': 'CDS', 'feature_coordinates': 'chr10:92678622-92678729', 'probegroup': 'ANKRD1', 'offset_coordinates': 'chr10:92678596-92678754', 'five_prime_bases': 79, 'three_prime_bases': 371, 'region_id': 'chr10:92678543-92679100'}","{'GRAPES2': None, 'CNVKIT': None, 'DECON': '9.55', 'GATK_GCNV': None}",False,9.55,,,,,0.7902080919020648,False
2152037,2152282,chr16,DEL,RB38153,1,1,0,0,0,65.4471544715447,0.2166668,245,"{'ID': 'CDS:ENST00000262304.9', 'Parent': 'ENST00000262304.9', 'gene_id': 'ENSG00000008710.20_1', 'transcript_id': 'ENST00000262304.9_1', 'gene_type': 'protein_coding', 'gene_name': 'PKD1', 'transcript_type': 'protein_coding', 'transcript_name': 'PKD1-201', 'exon_number': '26', 'exon_id': 'ENSE00003665951.1', 'level': '2', 'protein_id': 'ENSP00000262304.4', 'transcript_support_level': '1', 'hgnc_id': 'HGNC:9008', 'tag': 'basic,Ensembl_canonical,MANE_Select,appris_principal_3,CCDS', 'ccdsid': 'CCDS32369.1', 'havana_gene': 'OTTHUMG00000155795.6_1', 'havana_transcript': 'OTTHUMT00000341688.2_1', 'remap_original_location': 'chr16:-:2102061-2102256', 'remap_status': 'full_contig196', 'feature': 'CDS', 'feature_coordinates': 'chr16:2152062-2152257', 'probegroup': 'PKD1', 'offset_coordinates': 'chr16:2152036-2152282', 'five_prime_bases': 35, 'three_prime_bases': 791, 'region_id': 'chr16:2152027-2153048'}","{'GRAPES2': None, 'CNVKIT': None, 'DECON': '7.94', 'GATK_GCNV': None}",False,7.94,,,,,0.7902080919020648,False
2155298,2155500,chr16,DEL,RB38153,1,1,0,0,0,65.51724137931035,0.5833335,202,"{'ID': 'CDS:ENST00000262304.9', 'Parent': 'ENST00000262304.9', 'gene_id': 'ENSG00000008710.20_1', 'transcript_id': 'ENST00000262304.9_1', 'gene_type': 'protein_coding', 'gene_name': 'PKD1', 'transcript_type': 'protein_coding', 'transcript_name': 'PKD1-201', 'exon_number': '21', 'exon_id': 'ENSE00003607637.1', 'level': '2', 'protein_id': 'ENSP00000262304.4', 'transcript_support_level': '1', 'hgnc_id': 'HGNC:9008', 'tag': 'basic,Ensembl_canonical,MANE_Select,appris_principal_3,CCDS', 'ccdsid': 'CCDS32369.1', 'havana_gene': 'OTTHUMG00000155795.6_1', 'havana_transcript': 'OTTHUMT00000341688.2_1', 'remap_original_location': 'chr16:-:2105322-2105474', 'remap_status': 'full_contig153', 'feature': 'CDS', 'feature_coordinates': 'chr16:2155323-2155475', 'probegroup': 'PKD1', 'offset_coordinates': 'chr16:2155297-2155500', 'five_prime_bases': 81, 'three_prime_bases': 79, 'region_id': 'chr16:2155242-2155554'}","{'GRAPES2': None, 'CNVKIT': None, 'DECON': '6.03', 'GATK_GCNV': None}",False,6.03,,,,,0.7902080919020648,False
2156781,2156974,chr16,DEL,RB38153,1,1,0,0,0,64.43298969072166,0.277778,193,"{'ID': 'CDS:ENST00000262304.9', 'Parent': 'ENST00000262304.9', 'gene_id': 'ENSG00000008710.20_1', 'transcript_id': 'ENST00000262304.9_1', 'gene_type': 'protein_coding', 'gene_name': 'PKD1', 'transcript_type': 'protein_coding', 'transcript_name': 'PKD1-201', 'exon_number': '17', 'exon_id': 'ENSE00003647173.1', 'level': '2', 'protein_id': 'ENSP00000262304.4', 'transcript_support_level': '1', 'hgnc_id': 'HGNC:9008', 'tag': 'basic,Ensembl_canonical,MANE_Select,appris_principal_3,CCDS', 'ccdsid': 'CCDS32369.1', 'havana_gene': 'OTTHUMG00000155795.6_1', 'havana_transcript': 'OTTHUMT00000341688.2_1', 'remap_original_location': 'chr16:-:2106805-2106948', 'remap_status': 'full_contig144', 'feature': 'CDS', 'feature_coordinates': 'chr16:2156806-2156949', 'probegroup': 'PKD1', 'offset_coordinates': 'chr16:2156780-2156974', 'five_prime_bases': 1017, 'three_prime_bases': 84, 'region_id': 'chr16:2155789-2157033'}","{'GRAPES2': None, 'CNVKIT': None, 'DECON': '3.29', 'GATK_GCNV': None}",False,3.29,,,,,0.7902080919020648,False
34229254,34273411,chr18,DUP,RB38153,7,1,0,0,0,40.216948231351054,0.6833333333333332,44157,"{'ID': 'CDS:ENST00000590592.6', 'Parent': 'ENST00000590592.6', 'gene_id': 'ENSG00000134775.16_1', 'transcript_id': 'ENST00000590592.6_1', 'gene_type': 'protein_coding', 'gene_name': 'FHOD3', 'transcript_type': 'protein_coding', 'transcript_name': 'FHOD3-206', 'exon_number': '11', 'exon_id': 'ENSE00002954260.1', 'level': '1', 'protein_id': 'ENSP00000466937.1', 'transcript_support_level': '1', 'hgnc_id': 'HGNC:26178', 'tag': 'basic,Ensembl_canonical,MANE_Select,exp_conf,CCDS', 'ccdsid': 'CCDS62418.1', 'havana_gene': 'OTTHUMG00000182381.5_1', 'havana_transcript': 'OTTHUMT00000460883.2_1', 'remap_original_location': 'chr18:+:36649316-36649405', 'remap_status': 'full_contig90', 'feature': 'CDS', 'feature_coordinates': 'chr18:34229279-34229368', 'probegroup': 'FHOD3', 'offset_coordinates': 'chr18:34229253-34229393', 'five_prime_bases': 76, 'three_prime_bases': 75, 'region_id': 'chr18:34229203-34229443'}","{'GRAPES2': None, 'CNVKIT': None, 'DECON': '13.1', 'GATK_GCNV': None}",False,13.1,,,,,0.7902080919020648,False
237823235,237823424,chr1,DUP,RB38592,1,1,1,0,1,27.368421052631582,1.0,189,"{'ID': 'CDS:ENST00000366574.7', 'Parent': 'ENST00000366574.7', 'gene_id': 'ENSG00000198626.18_1', 'transcript_id': 'ENST00000366574.7_1', 'gene_type': 'protein_coding', 'gene_name': 'RYR2', 'transcript_type': 'protein_coding', 'transcript_name': 'RYR2-201', 'exon_number': '55', 'exon_id': 'ENSE00000908169.1', 'level': '2', 'protein_id': 'ENSP00000355533.2', 'transcript_support_level': '1', 'hgnc_id': 'HGNC:10484', 'tag': 'non_canonical_conserved,basic,Ensembl_canonical,MANE_Select,appris_principal_1,CCDS', 'ccdsid': 'CCDS55691.1', 'havana_gene': 'OTTHUMG00000039543.5_1', 'havana_transcript': 'OTTHUMT00000095402.3_1', 'remap_original_location': 'chr1:+:237659985-237660074', 'remap_status': 'full_contig90', 'feature': 'CDS', 'feature_coordinates': 'chr1:237823285-237823374', 'probegroup': 'RYR2', 'offset_coordinates': 'chr1:237823259-237823399', 'five_prime_bases': 76, 'three_prime_bases': 75, 'region_id': 'chr1:237823209-237823449'}","{'GRAPES2': '0.996', 'CNVKIT': None, 'DECON': '4.63', 'GATK_GCNV': '6.12'}",False,4.63,6.12,,0.996,,0.8869728838377681,False
237862215,237862375,chr1,DEL,RB38592,1,1,1,0,0,31.67701863354037,1.0,160,"{'ID': 'CDS:ENST00000366574.7', 'Parent': 'ENST00000366574.7', 'gene_id': 'ENSG00000198626.18_1', 'transcript_id': 'ENST00000366574.7_1', 'gene_type': 'protein_coding', 'gene_name': 'RYR2', 'transcript_type': 'protein_coding', 'transcript_name': 'RYR2-201', 'exon_number': '64', 'exon_id': 'ENSE00003645048.1', 'level': '2', 'protein_id': 'ENSP00000355533.2', 'transcript_support_level': '1', 'hgnc_id': 'HGNC:10484', 'tag': 'non_canonical_conserved,basic,Ensembl_canonical,MANE_Select,appris_principal_1,CCDS', 'ccdsid': 'CCDS55691.1', 'havana_gene': 'OTTHUMG00000039543.5_1', 'havana_transcript': 'OTTHUMT00000095402.3_1', 'remap_original_location': 'chr1:+:237698965-237699025', 'remap_status': 'full_contig61', 'feature': 'CDS', 'feature_coordinates': 'chr1:237862265-237862325', 'probegroup': 'RYR2', 'offset_coordinates': 'chr1:237862239-237862350', 'five_prime_bases': 79, 'three_prime_bases': 77, 'region_id': 'chr1:237862186-237862402'}","{'GRAPES2': None, 'CNVKIT': None, 'DECON': '5.25', 'GATK_GCNV': '11.45'}",False,5.25,11.45,,,,0.8869728838377681,False
179563520,179563691,chr2,DUP,RB38592,1,1,1,0,0,29.651162790697676,1.0,171,"{'ID': 'CDS:ENST00000589042.5', 'Parent': 'ENST00000589042.5', 'gene_id': 'ENSG00000155657.29_1', 'transcript_id': 'ENST00000589042.5_1', 'gene_type': 'protein_coding', 'gene_name': 'TTN', 'transcript_type': 'protein_coding', 'transcript_name': 'TTN-214', 'exon_number': '112', 'exon_id': 'ENSE00003804844.1', 'level': '1', 'protein_id': 'ENSP00000467141.1', 'transcript_support_level': '5', 'hgnc_id': 'HGNC:12403', 'tag': 'inferred_exon_combination,non_submitted_evidence,basic,Ensembl_canonical,MANE_Select,appris_principal_1,exp_conf,CCDS', 'ccdsid': 'CCDS59435.1', 'havana_gene': 'OTTHUMG00000154448.23_1', 'havana_transcript': 'OTTHUMT00000450680.3_1', 'remap_original_location': 'chr2:-:178698843-178698914', 'remap_status': 'full_contig72', 'feature': 'CDS', 'feature_coordinates': 'chr2:179563570-179563641', 'probegroup': 'TTN', 'offset_coordinates': 'chr2:179563544-179563666', 'five_prime_bases': 85, 'three_prime_bases': 84, 'region_id': 'chr2:179563485-179563725'}","{'GRAPES2': None, 'CNVKIT': None, 'DECON': '5.08', 'GATK_GCNV': '11'}",False,5.08,11,,,,0.8869728838377681,False
189870026,189870233,chr2,DUP,RB38592,1,0,1,0,0,43.75,1.0,207,"{'ID': 'CDS:ENST00000304636.9', 'Parent': 'ENST00000304636.9', 'gene_id': 'ENSG00000168542.16_1', 'transcript_id': 'ENST00000304636.9_1', 'gene_type': 'protein_coding', 'gene_name': 'COL3A1', 'transcript_type': 'protein_coding', 'transcript_name': 'COL3A1-201', 'exon_number': '41', 'exon_id': 'ENSE00001129978.1', 'level': '2', 'protein_id': 'ENSP00000304408.4', 'transcript_support_level': '1', 'hgnc_id': 'HGNC:2201', 'tag': 'CAGE_supported_TSS,basic,Ensembl_canonical,MANE_Select,appris_principal_1,CCDS', 'ccdsid': 'CCDS2297.1', 'havana_gene': 'OTTHUMG00000132648.7_1', 'havana_transcript': 'OTTHUMT00000255899.4_1', 'remap_original_location': 'chr2:+:189005350-189005457', 'remap_status': 'full_contig108', 'feature': 'CDS', 'feature_coordinates': 'chr2:189870076-189870183', 'probegroup': 'COL3A1', 'offset_coordinates': 'chr2:189870050-189870208', 'five_prime_bases': 79, 'three_prime_bases': 78, 'region_id': 'chr2:189869997-189870261'}","{'GRAPES2': None, 'CNVKIT': None, 'DECON': None, 'GATK_GCNV': '11.06'}",False,,11.06,,,,0.8869728838377681,False
76425480,76438111,chr14,DEL,RB38592,6,1,1,0,1,47.625079164027866,0.6485713999999999,12631,"{'ID': 'CDS:ENST00000238682.8', 'Parent': 'ENST00000238682.8', 'gene_id': 'ENSG00000119699.8_1', 'transcript_id': 'ENST00000238682.8_1', 'gene_type': 'protein_coding', 'gene_name': 'TGFB3', 'transcript_type': 'protein_coding', 'transcript_name': 'TGFB3-201', 'exon_number': '7', 'exon_id': 'ENSE00002526160.2', 'level': '2', 'protein_id': 'ENSP00000238682.3', 'transcript_support_level': '1', 'hgnc_id': 'HGNC:11769', 'tag': 'CAGE_supported_TSS,basic,Ensembl_canonical,MANE_Select,appris_principal_1,CCDS', 'ccdsid': 'CCDS9846.1', 'havana_gene': 'OTTHUMG00000171489.1_1', 'havana_transcript': 'OTTHUMT00000413685.1_1', 'remap_original_location': 'chr14:-:75959187-75959345', 'remap_status': 'full_contig159', 'feature': 'CDS', 'feature_coordinates': 'chr14:76425530-76425688', 'probegroup': 'TGFB3', 'offset_coordinates': 'chr14:76425504-76425713', 'five_prime_bases': 78, 'three_prime_bases': 76, 'region_id': 'chr14:76425452-76425764'}","{'GRAPES2': '1.0', 'CNVKIT': None, 'DECON': '40.6', 'GATK_GCNV': '596.16'}",True,40.6,596.16,,1.0,in_silico,0.8869728838377681,False
3187428,3215271,chr18,DUP,RB38592,4,1,1,0,1,38.91682229564718,0.41582537314285717,27843,"{'ID': 'CDS:ENST00000356443.9', 'Parent': 'ENST00000356443.9', 'gene_id': 'ENSG00000101605.14_1', 'transcript_id': 'ENST00000356443.9_1', 'gene_type': 'protein_coding', 'gene_name': 'MYOM1', 'transcript_type': 'protein_coding', 'transcript_name': 'MYOM1-202', 'exon_number': '5', 'exon_id': 'ENSE00001240622.1', 'level': '2', 'protein_id': 'ENSP00000348821.4', 'transcript_support_level': '1', 'hgnc_id': 'HGNC:7613', 'tag': 'CAGE_supported_TSS,basic,Ensembl_canonical,MANE_Select,appris_principal_4,CCDS', 'ccdsid': 'CCDS45824.1', 'havana_gene': 'OTTHUMG00000178209.7_1', 'havana_transcript': 'OTTHUMT00000441037.3_1', 'remap_original_location': 'chr18:-:3187480-3187637', 'remap_status': 'full_contig158', 'feature': 'CDS', 'feature_coordinates': 'chr18:3187478-3187635', 'probegroup': 'MYOM1', 'offset_coordinates': 'chr18:3187452-3187660', 'five_prime_bases': 78, 'three_prime_bases': 77, 'region_id': 'chr18:3187400-3187712'}","{'GRAPES2': '1.0', 'CNVKIT': None, 'DECON': '25.9', 'GATK_GCNV': '51.05'}",True,25.9,51.05,,1.0,in_silico,0.8869728838377681,False
16011028,16011138,chr1,DUP,RB38592,1,1,0,0,1,71.17117117117117,1.0,110,"{'ID': 'CDS:ENST00000375799.8', 'Parent': 'ENST00000375799.8', 'gene_id': 'ENSG00000116786.13_1', 'transcript_id': 'ENST00000375799.8_1', 'gene_type': 'protein_coding', 'gene_name': 'PLEKHM2', 'transcript_type': 'protein_coding', 'transcript_name': 'PLEKHM2-202', 'exon_number': '1', 'exon_id': 'ENSE00001326988.3', 'level': '2', 'protein_id': 'ENSP00000364956.3', 'transcript_support_level': '1', 'hgnc_id': 'HGNC:29131', 'tag': 'basic,Ensembl_canonical,MANE_Select,appris_principal_2,CCDS', 'ccdsid': 'CCDS44063.1', 'havana_gene': 'OTTHUMG00000003062.3_1', 'havana_transcript': 'OTTHUMT00000008463.2_1', 'remap_original_location': 'chr1:+:15684559-15684618', 'remap_status': 'full_contig60', 'feature': 'CDS', 'feature_coordinates': 'chr1:16011054-16011113', 'probegroup': 'PLEKHM2', 'offset_coordinates': 'chr1:16011028-16011138', 'five_prime_bases': 79, 'three_prime_bases': 78, 'region_id': 'chr1:16010975-16011191'}","{'GRAPES2': '0.043', 'CNVKIT': None, 'DECON': '4.42', 'GATK_GCNV': None}",False,4.42,,,0.043,,0.8869728838377681,False
78401483,78407918,chr1,DUP,RB38592,2,1,0,0,0,38.735239279055314,0.2755201118181818,6435,"{'ID': 'CDS:ENST00000334785.12', 'Parent': 'ENST00000334785.12', 'gene_id': 'ENSG00000162614.19_1', 'transcript_id': 'ENST00000334785.12_1', 'gene_type': 'protein_coding', 'gene_name': 'NEXN', 'transcript_type': 'protein_coding', 'transcript_name': 'NEXN-202', 'exon_number': '11', 'exon_id': 'ENSE00003593345.1', 'level': '2', 'protein_id': 'ENSP00000333938.7', 'transcript_support_level': '1', 'hgnc_id': 'HGNC:29557', 'tag': 'basic,Ensembl_canonical,MANE_Select,appris_principal_3,CCDS', 'ccdsid': 'CCDS41351.1', 'havana_gene': 'OTTHUMG00000040533.4_1', 'havana_transcript': 'OTTHUMT00000097549.1_1', 'remap_original_location': 'chr1:+:77935823-77936044', 'remap_status': 'full_contig222', 'feature': 'CDS', 'feature_coordinates': 'chr1:78401508-78401729', 'probegroup': 'NEXN', 'offset_coordinates': 'chr1:78401482-78401754', 'five_prime_bases': 34, 'three_prime_bases': 33, 'region_id': 'chr1:78401474-78401762'}","{'GRAPES2': None, 'CNVKIT': None, 'DECON': '3.69', 'GATK_GCNV': None}",False,3.69,,,,,0.8869728838377681,False
92163621,92163712,chr1,DUP,RB38592,1,1,0,0,0,33.69565217391305,1.0,91,"{'ID': 'CDS:ENST00000212355.9', 'Parent': 'ENST00000212355.9', 'gene_id': 'ENSG00000069702.11_1', 'transcript_id': 'ENST00000212355.9_1', 'gene_type': 'protein_coding', 'gene_name': 'TGFBR3', 'transcript_type': 'protein_coding', 'transcript_name': 'TGFBR3-201', 'exon_number': '15', 'exon_id': 'ENSE00003680560.1', 'level': '2', 'protein_id': 'ENSP00000212355.4', 'transcript_support_level': '1', 'hgnc_id': 'HGNC:11774', 'tag': 'basic,Ensembl_canonical,MANE_Select,appris_principal_3,CCDS', 'ccdsid': 'CCDS30770.1', 'havana_gene': 'OTTHUMG00000010097.7_1', 'havana_transcript': 'OTTHUMT00000504230.2_1', 'remap_original_location': 'chr1:-:91698089-91698130', 'remap_status': 'full_contig42', 'feature': 'CDS', 'feature_coordinates': 'chr1:92163646-92163687', 'probegroup': 'TGFBR3', 'offset_coordinates': 'chr1:92163620-92163712', 'five_prime_bases': 76, 'three_prime_bases': 75, 'region_id': 'chr1:92163570-92163762'}","{'GRAPES2': None, 'CNVKIT': None, 'DECON': '2.67', 'GATK_GCNV': None}",False,2.67,,,,,0.8869728838377681,False
237958564,237958656,chr1,DEL,RB38592,1,1,0,0,0,31.182795698924732,1.0,92,"{'ID': 'CDS:ENST00000366574.7', 'Parent': 'ENST00000366574.7', 'gene_id': 'ENSG00000198626.18_1', 'transcript_id': 'ENST00000366574.7_1', 'gene_type': 'protein_coding', 'gene_name': 'RYR2', 'transcript_type': 'protein_coding', 'transcript_name': 'RYR2-201', 'exon_number': '96', 'exon_id': 'ENSE00002242722.1', 'level': '2', 'protein_id': 'ENSP00000355533.2', 'transcript_support_level': '1', 'hgnc_id': 'HGNC:10484', 'tag': 'non_canonical_conserved,basic,Ensembl_canonical,MANE_Select,appris_principal_1,CCDS', 'ccdsid': 'CCDS55691.1', 'havana_gene': 'OTTHUMG00000039543.5_1', 'havana_transcript': 'OTTHUMT00000095402.3_1', 'remap_original_location': 'chr1:+:237795289-237795331', 'remap_status': 'full_contig43', 'feature': 'CDS', 'feature_coordinates': 'chr1:237958589-237958631', 'probegroup': 'RYR2', 'offset_coordinates': 'chr1:237958563-237958656', 'five_prime_bases': 76, 'three_prime_bases': 74, 'region_id': 'chr1:237958513-237958705'}","{'GRAPES2': None, 'CNVKIT': None, 'DECON': '2.66', 'GATK_GCNV': None}",False,2.66,,,,,0.8869728838377681,False
47387890,47387968,chr2,DUP,RB38592,1,1,0,0,0,31.645569620253166,1.0,78,"{'ID': 'CDS:ENST00000272298.12', 'Parent': 'ENST00000272298.12', 'gene_id': 'ENSG00000143933.20_1', 'transcript_id': 'ENST00000272298.12_1', 'gene_type': 'protein_coding', 'gene_name': 'CALM2', 'transcript_type': 'protein_coding', 'transcript_name': 'CALM2-201', 'exon_number': '6', 'exon_id': 'ENSE00001844794.2', 'level': '2', 'protein_id': 'ENSP00000272298.7', 'transcript_support_level': '1', 'hgnc_id': 'HGNC:1445', 'tag': 'basic,Ensembl_canonical,MANE_Select,appris_principal_1,CCDS', 'ccdsid': 'CCDS1832.1', 'havana_gene': 'OTTHUMG00000128850.11_1', 'havana_transcript': 'OTTHUMT00000250789.4_1', 'remap_original_location': 'chr2:-:47160776-47160804', 'remap_status': 'full_contig29', 'feature': 'CDS', 'feature_coordinates': 'chr2:47387915-47387943', 'probegroup': 'CALM2', 'offset_coordinates': 'chr2:47387889-47387968', 'five_prime_bases': 83, 'three_prime_bases': 81, 'region_id': 'chr2:47387832-47388024'}","{'GRAPES2': None, 'CNVKIT': None, 'DECON': '3.29', 'GATK_GCNV': None}",False,3.29,,,,,0.8869728838377681,False
14166669,14166730,chr3,DUP,RB38592,1,1,0,0,0,75.80645161290323,1.0,61,"{'ID': 'CDS:ENST00000306077.5', 'Parent': 'ENST00000306077.5', 'gene_id': 'ENSG00000170876.8_1', 'transcript_id': 'ENST00000306077.5_1', 'gene_type': 'protein_coding', 'gene_name': 'TMEM43', 'transcript_type': 'protein_coding', 'transcript_name': 'TMEM43-201', 'exon_number': '1', 'exon_id': 'ENSE00001806353.2', 'level': '2', 'protein_id': 'ENSP00000303992.5', 'transcript_support_level': '1', 'hgnc_id': 'HGNC:28472', 'tag': 'basic,Ensembl_canonical,MANE_Select,appris_principal_1,CCDS', 'ccdsid': 'CCDS2618.1', 'havana_gene': 'OTTHUMG00000129802.4_1', 'havana_transcript': 'OTTHUMT00000252030.2_1', 'remap_original_location': 'chr3:+:14125194-14125205', 'remap_status': 'full_contig12', 'feature': 'CDS', 'feature_coordinates': 'chr3:14166694-14166705', 'probegroup': 'TMEM43', 'offset_coordinates': 'chr3:14166668-14166730', 'five_prime_bases': 79, 'three_prime_bases': 78, 'region_id': 'chr3:14166615-14166783'}","{'GRAPES2': None, 'CNVKIT': None, 'DECON': '2.97', 'GATK_GCNV': None}",False,2.97,,,,,0.8869728838377681,False
38755423,38755596,chr3,DUP,RB38592,1,1,0,0,1,51.14942528735632,1.0,173,"{'ID': 'CDS:ENST00000449082.3', 'Parent': 'ENST00000449082.3', 'gene_id': 'ENSG00000185313.9_1', 'transcript_id': 'ENST00000449082.3_1', 'gene_type': 'protein_coding', 'gene_name': 'SCN10A', 'transcript_type': 'protein_coding', 'transcript_name': 'SCN10A-201', 'exon_number': '22', 'exon_id': 'ENSE00001315747.1', 'level': '2', 'protein_id': 'ENSP00000390600.2', 'transcript_support_level': '1', 'hgnc_id': 'HGNC:10582', 'tag': 'non_canonical_U12,non_canonical_conserved,not_organism_supported,basic,Ensembl_canonical,MANE_Select,appris_principal_3,CCDS', 'ccdsid': 'CCDS33736.1', 'havana_gene': 'OTTHUMG00000048245.6_1', 'havana_transcript': 'OTTHUMT00000109745.4_1', 'remap_original_location': 'chr3:-:38713958-38714080', 'remap_status': 'full_contig123', 'feature': 'CDS', 'feature_coordinates': 'chr3:38755449-38755571', 'probegroup': 'SCN10A', 'offset_coordinates': 'chr3:38755423-38755596', 'five_prime_bases': 84, 'three_prime_bases': 82, 'region_id': 'chr3:38755365-38755653'}","{'GRAPES2': '0.27', 'CNVKIT': None, 'DECON': '7.28', 'GATK_GCNV': None}",False,7.28,,,0.27,,0.8869728838377681,False
141205900,141206083,chr3,DUP,RB38592,1,1,0,0,1,73.91304347826086,1.0,183,"{'ID': 'CDS:ENST00000286364.9', 'Parent': 'ENST00000286364.9', 'gene_id': 'ENSG00000155903.14_1', 'transcript_id': 'ENST00000286364.9_1', 'gene_type': 'protein_coding', 'gene_name': 'RASA2', 'transcript_type': 'protein_coding', 'transcript_name': 'RASA2-201', 'exon_number': '1', 'exon_id': 'ENSE00002701007.2', 'level': '2', 'protein_id': 'ENSP00000286364.3', 'transcript_support_level': '1', 'hgnc_id': 'HGNC:9872', 'tag': 'basic,Ensembl_canonical,MANE_Select,appris_principal_1,CCDS', 'ccdsid': 'CCDS3117.1', 'havana_gene': 'OTTHUMG00000160221.5_1', 'havana_transcript': 'OTTHUMT00000359711.4_1', 'remap_original_location': 'chr3:+:141487084-141487216', 'remap_status': 'full_contig133', 'feature': 'CDS', 'feature_coordinates': 'chr3:141205926-141206058', 'probegroup': 'RASA2', 'offset_coordinates': 'chr3:141205900-141206083', 'five_prime_bases': 79, 'three_prime_bases': 77, 'region_id': 'chr3:141205847-141206135'}","{'GRAPES2': '0.107', 'CNVKIT': None, 'DECON': '4.19', 'GATK_GCNV': None}",False,4.19,,,0.107,,0.8869728838377681,False
30065902,30066149,chr7,DUP,RB38592,1,1,0,0,1,45.96774193548387,1.0,247,"{'ID': 'CDS:ENST00000222803.10', 'Parent': 'ENST00000222803.10', 'gene_id': 'ENSG00000106080.11_1', 'transcript_id': 'ENST00000222803.10_1', 'gene_type': 'protein_coding', 'gene_name': 'FKBP14', 'transcript_type': 'protein_coding', 'transcript_name': 'FKBP14-201', 'exon_number': '1', 'exon_id': 'ENSE00001138183.10', 'level': '2', 'protein_id': 'ENSP00000222803.5', 'transcript_support_level': '1', 'hgnc_id': 'HGNC:18625', 'tag': 'basic,Ensembl_canonical,MANE_Select,appris_principal_1,CCDS', 'ccdsid': 'CCDS5423.1', 'havana_gene': 'OTTHUMG00000023442.4_1', 'havana_transcript': 'OTTHUMT00000214229.2_1', 'remap_original_location': 'chr7:-:30026312-30026508', 'remap_status': 'full_contig197', 'feature': 'CDS', 'feature_coordinates': 'chr7:30065928-30066124', 'probegroup': 'FKBP14', 'offset_coordinates': 'chr7:30065902-30066149', 'five_prime_bases': 35, 'three_prime_bases': 33, 'region_id': 'chr7:30065893-30066157'}","{'GRAPES2': '0.878', 'CNVKIT': None, 'DECON': '2.55', 'GATK_GCNV': None}",False,2.55,,,0.878,,0.8869728838377681,False
81765926,81766017,chr7,DEL,RB38592,1,1,0,0,0,30.434782608695656,1.0,91,"{'ID': 'CDS:ENST00000356860.8', 'Parent': 'ENST00000356860.8', 'gene_id': 'ENSG00000153956.16_1', 'transcript_id': 'ENST00000356860.8_1', 'gene_type': 'protein_coding', 'gene_name': 'CACNA2D1', 'transcript_type': 'protein_coding', 'transcript_name': 'CACNA2D1-202', 'exon_number': '5', 'exon_id': 'ENSE00003472969.1', 'level': '2', 'protein_id': 'ENSP00000349320.3', 'transcript_support_level': '1', 'hgnc_id': 'HGNC:1399', 'tag': 'basic,Ensembl_canonical,MANE_Select,CCDS', 'ccdsid': 'CCDS5598.1', 'havana_gene': 'OTTHUMG00000023622.11_1', 'havana_transcript': 'OTTHUMT00000253340.5_1', 'remap_original_location': 'chr7:-:82136635-82136676', 'remap_status': 'full_contig42', 'feature': 'CDS', 'feature_coordinates': 'chr7:81765951-81765992', 'probegroup': 'CACNA2D1', 'offset_coordinates': 'chr7:81765925-81766017', 'five_prime_bases': 76, 'three_prime_bases': 75, 'region_id': 'chr7:81765875-81766067'}","{'GRAPES2': None, 'CNVKIT': None, 'DECON': '2.47', 'GATK_GCNV': None}",False,2.47,,,,,0.8869728838377681,False
140624341,140624528,chr7,DUP,RB38592,1,1,0,0,0,75.53191489361703,1.0,187,"{'ID': 'CDS:ENST00000646891.1', 'Parent': 'ENST00000646891.1', 'gene_id': 'ENSG00000157764.14_1', 'transcript_id': 'ENST00000646891.1_1', 'gene_type': 'protein_coding', 'gene_name': 'BRAF', 'transcript_type': 'protein_coding', 'transcript_name': 'BRAF-220', 'exon_number': '1', 'exon_id': 'ENSE00003824367.1', 'level': '2', 'protein_id': 'ENSP00000493543.1', 'hgnc_id': 'HGNC:1097', 'tag': 'basic,appris_principal_3,CCDS', 'ccdsid': 'CCDS5863.1', 'havana_gene': 'OTTHUMG00000157457.6_1', 'havana_transcript': 'OTTHUMT00000348886.2_1', 'remap_original_location': 'chr7:-:140924566-140924703', 'remap_status': 'full_contig138', 'feature': 'CDS', 'feature_coordinates': 'chr7:140624366-140624503', 'probegroup': 'BRAF', 'offset_coordinates': 'chr7:140624340-140624528', 'five_prime_bases': 76, 'three_prime_bases': 75, 'region_id': 'chr7:140624290-140624578'}","{'GRAPES2': None, 'CNVKIT': None, 'DECON': '2.66', 'GATK_GCNV': None}",False,2.66,,,,,0.8869728838377681,False
103667768,103667854,chr8,DUP,RB38592,1,1,0,0,1,63.2183908045977,1.0,86,"{'ID': 'CDS:ENST00000285407.11', 'Parent': 'ENST00000285407.11', 'gene_id': 'ENSG00000155090.15_1', 'transcript_id': 'ENST00000285407.11_1', 'gene_type': 'protein_coding', 'gene_name': 'KLF10', 'transcript_type': 'protein_coding', 'transcript_name': 'KLF10-201', 'exon_number': '1', 'exon_id': 'ENSE00001192585.7', 'level': '2', 'protein_id': 'ENSP00000285407.6', 'transcript_support_level': '1', 'hgnc_id': 'HGNC:11810', 'tag': 'basic,Ensembl_canonical,MANE_Select,appris_principal_1,CCDS', 'ccdsid': 'CCDS6294.1', 'havana_gene': 'OTTHUMG00000164735.2_1', 'havana_transcript': 'OTTHUMT00000379967.2_1', 'remap_original_location': 'chr8:-:102655566-102655601', 'remap_status': 'full_contig36', 'feature': 'CDS', 'feature_coordinates': 'chr8:103667794-103667829', 'probegroup': 'KLF10', 'offset_coordinates': 'chr8:103667768-103667854', 'five_prime_bases': 79, 'three_prime_bases': 78, 'region_id': 'chr8:103667715-103667907'}","{'GRAPES2': '0.951', 'CNVKIT': None, 'DECON': '2.62', 'GATK_GCNV': None}",False,2.62,,,0.951,,0.8869728838377681,False
139440153,139440263,chr9,DUP,RB38592,1,1,0,0,0,79.27927927927928,1.0,110,"{'ID': 'CDS:ENST00000651671.1', 'Parent': 'ENST00000651671.1', 'gene_id': 'ENSG00000148400.13_1', 'transcript_id': 'ENST00000651671.1_1', 'gene_type': 'protein_coding', 'gene_name': 'NOTCH1', 'transcript_type': 'protein_coding', 'transcript_name': 'NOTCH1-204', 'exon_number': '1', 'exon_id': 'ENSE00003850181.1', 'level': '2', 'protein_id': 'ENSP00000498587.1', 'hgnc_id': 'HGNC:7881', 'tag': 'basic,Ensembl_canonical,MANE_Select,appris_principal_1,CCDS', 'ccdsid': 'CCDS43905.1', 'havana_gene': 'OTTHUMG00000020935.3_1', 'havana_transcript': 'OTTHUMT00000055087.3_1', 'remap_original_location': 'chr9:-:136545726-136545786', 'remap_status': 'full_contig61', 'feature': 'CDS', 'feature_coordinates': 'chr9:139440178-139440238', 'probegroup': 'NOTCH1', 'offset_coordinates': 'chr9:139440152-139440263', 'five_prime_bases': 79, 'three_prime_bases': 77, 'region_id': 'chr9:139440099-139440315'}","{'GRAPES2': None, 'CNVKIT': None, 'DECON': '2.46', 'GATK_GCNV': None}",False,2.46,,,,,0.8869728838377681,False
90694955,90695148,chr10,DUP,RB38592,1,1,0,0,0,51.03092783505154,1.0,193,"{'ID': 'CDS:ENST00000224784.10', 'Parent': 'ENST00000224784.10', 'gene_id': 'ENSG00000107796.13_1', 'transcript_id': 'ENST00000224784.10_1', 'gene_type': 'protein_coding', 'gene_name': 'ACTA2', 'transcript_type': 'protein_coding', 'transcript_name': 'ACTA2-201', 'exon_number': '9', 'exon_id': 'ENSE00001902221.1', 'level': '2', 'protein_id': 'ENSP00000224784.6', 'transcript_support_level': '1', 'hgnc_id': 'HGNC:130', 'tag': 'basic,Ensembl_canonical,MANE_Select,appris_principal_1,CCDS', 'ccdsid': 'CCDS7392.1', 'havana_gene': 'OTTHUMG00000018700.2_1', 'havana_transcript': 'OTTHUMT00000049264.1_1', 'remap_original_location': 'chr10:-:88935223-88935366', 'remap_status': 'full_contig144', 'feature': 'CDS', 'feature_coordinates': 'chr10:90694980-90695123', 'probegroup': 'ACTA2', 'offset_coordinates': 'chr10:90694954-90695148', 'five_prime_bases': 85, 'three_prime_bases': 84, 'region_id': 'chr10:90694895-90695207'}","{'GRAPES2': None, 'CNVKIT': None, 'DECON': '3.25', 'GATK_GCNV': None}",False,3.25,,,,,0.8869728838377681,False
112583213,112583397,chr10,DUP,RB38592,1,1,0,0,0,45.40540540540541,1.0,184,"{'ID': 'CDS:ENST00000369519.4', 'Parent': 'ENST00000369519.4', 'gene_id': 'ENSG00000203867.8_1', 'transcript_id': 'ENST00000369519.4_1', 'gene_type': 'protein_coding', 'gene_name': 'RBM20', 'transcript_type': 'protein_coding', 'transcript_name': 'RBM20-201', 'exon_number': '12', 'exon_id': 'ENSE00002449242.1', 'level': '2', 'protein_id': 'ENSP00000358532.3', 'transcript_support_level': '1', 'hgnc_id': 'HGNC:27424', 'tag': 'basic,Ensembl_canonical,MANE_Select,appris_principal_1,CCDS', 'ccdsid': 'CCDS44477.1', 'havana_gene': 'OTTHUMG00000019043.6_1', 'havana_transcript': 'OTTHUMT00000050339.4_1', 'remap_original_location': 'chr10:+:110823480-110823614', 'remap_status': 'full_contig135', 'feature': 'CDS', 'feature_coordinates': 'chr10:112583238-112583372', 'probegroup': 'RBM20', 'offset_coordinates': 'chr10:112583212-112583397', 'five_prime_bases': 78, 'three_prime_bases': 76, 'region_id': 'chr10:112583160-112583448'}","{'GRAPES2': None, 'CNVKIT': None, 'DECON': '2.91', 'GATK_GCNV': None}",False,2.91,,,,,0.8869728838377681,False
112856891,112856954,chr12,DUP,RB38592,1,1,0,0,0,76.5625,1.0,63,"{'ID': 'CDS:ENST00000351677.7', 'Parent': 'ENST00000351677.7', 'gene_id': 'ENSG00000179295.19_1', 'transcript_id': 'ENST00000351677.7_1', 'gene_type': 'protein_coding', 'gene_name': 'PTPN11', 'transcript_type': 'protein_coding', 'transcript_name': 'PTPN11-201', 'exon_number': '1', 'exon_id': 'ENSE00001202658.5', 'level': '2', 'protein_id': 'ENSP00000340944.3', 'transcript_support_level': '1', 'hgnc_id': 'HGNC:9644', 'tag': 'basic,Ensembl_canonical,MANE_Select,appris_principal_3,CCDS', 'ccdsid': 'CCDS9163.1', 'havana_gene': 'OTTHUMG00000134334.4_1', 'havana_transcript': 'OTTHUMT00000259496.2_1', 'remap_original_location': 'chr12:+:112419112-112419125', 'remap_status': 'full_contig14', 'feature': 'CDS', 'feature_coordinates': 'chr12:112856916-112856929', 'probegroup': 'PTPN11', 'offset_coordinates': 'chr12:112856890-112856954', 'five_prime_bases': 78, 'three_prime_bases': 77, 'region_id': 'chr12:112856838-112857006'}","{'GRAPES2': None, 'CNVKIT': None, 'DECON': '2.92', 'GATK_GCNV': None}",False,2.92,,,,,0.8869728838377681,False
90863549,90866464,chr14,DUP,RB38592,2,1,0,0,1,54.93827160493827,1.0,2915,"{'ID': 'CDS:ENST00000356978.9', 'Parent': 'ENST00000356978.9', 'gene_id': 'ENSG00000198668.14_1', 'transcript_id': 'ENST00000356978.9_1', 'gene_type': 'protein_coding', 'gene_name': 'CALM1', 'transcript_type': 'protein_coding', 'transcript_name': 'CALM1-201', 'exon_number': '1', 'exon_id': 'ENSE00001405603.3', 'level': '2', 'protein_id': 'ENSP00000349467.4', 'transcript_support_level': '1', 'hgnc_id': 'HGNC:1442', 'tag': 'basic,Ensembl_canonical,MANE_Select,appris_principal_1,CCDS', 'ccdsid': 'CCDS9892.1', 'havana_gene': 'OTTHUMG00000171044.4_1', 'havana_transcript': 'OTTHUMT00000411346.2_1', 'remap_original_location': 'chr14:+:90397231-90397233', 'remap_status': 'full_contig3', 'feature': 'CDS', 'feature_coordinates': 'chr14:90863575-90863577', 'probegroup': 'CALM1', 'offset_coordinates': 'chr14:90863549-90863602', 'five_prime_bases': 84, 'three_prime_bases': 82, 'region_id': 'chr14:90863491-90863659'}","{'GRAPES2': '0.812', 'CNVKIT': None, 'DECON': '5.8', 'GATK_GCNV': None}",False,5.8,,,0.812,,0.8869728838377681,False
30114180,30114256,chr15,DUP,RB38592,1,1,0,0,0,74.02597402597402,1.0,76,"{'ID': 'CDS:ENST00000614355.5', 'Parent': 'ENST00000614355.5', 'gene_id': 'ENSG00000104067.17_1', 'transcript_id': 'ENST00000614355.5_1', 'gene_type': 'protein_coding', 'gene_name': 'TJP1', 'transcript_type': 'protein_coding', 'transcript_name': 'TJP1-211', 'exon_number': '1', 'exon_id': 'ENSE00003718880.2', 'level': '2', 'protein_id': 'ENSP00000483470.2', 'transcript_support_level': '5', 'hgnc_id': 'HGNC:11827', 'tag': 'CAGE_supported_TSS,basic,Ensembl_canonical,MANE_Select,appris_alternative_2,CCDS', 'ccdsid': 'CCDS81858.1', 'havana_gene': 'OTTHUMG00000137397.7_1', 'havana_transcript': 'OTTHUMT00000417263.1_1', 'remap_original_location': 'chr15:-:29822002-29822028', 'remap_status': 'full_contig27', 'feature': 'CDS', 'feature_coordinates': 'chr15:30114205-30114231', 'probegroup': 'TJP1', 'offset_coordinates': 'chr15:30114179-30114256', 'five_prime_bases': 84, 'three_prime_bases': 82, 'region_id': 'chr15:30114121-30114313'}","{'GRAPES2': None, 'CNVKIT': None, 'DECON': '2.54', 'GATK_GCNV': None}",False,2.54,,,,,0.8869728838377681,False
66679661,66679790,chr15,DUP,RB38592,1,1,0,0,0,63.84615384615384,1.0,129,"{'ID': 'CDS:ENST00000307102.10', 'Parent': 'ENST00000307102.10', 'gene_id': 'ENSG00000169032.11_1', 'transcript_id': 'ENST00000307102.10_1', 'gene_type': 'protein_coding', 'gene_name': 'MAP2K1', 'transcript_type': 'protein_coding', 'transcript_name': 'MAP2K1-201', 'exon_number': '1', 'exon_id': 'ENSE00001257104.5', 'level': '2', 'protein_id': 'ENSP00000302486.5', 'transcript_support_level': '1', 'hgnc_id': 'HGNC:6840', 'tag': 'basic,Ensembl_canonical,MANE_Select,appris_principal_1,CCDS', 'ccdsid': 'CCDS10216.1', 'havana_gene': 'OTTHUMG00000133196.5_1', 'havana_transcript': 'OTTHUMT00000256906.4_1', 'remap_original_location': 'chr15:+:66387348-66387427', 'remap_status': 'full_contig80', 'feature': 'CDS', 'feature_coordinates': 'chr15:66679686-66679765', 'probegroup': 'MAP2K1', 'offset_coordinates': 'chr15:66679660-66679790', 'five_prime_bases': 81, 'three_prime_bases': 80, 'region_id': 'chr15:66679605-66679845'}","{'GRAPES2': None, 'CNVKIT': None, 'DECON': '2.44', 'GATK_GCNV': None}",False,2.44,,,,,0.8869728838377681,False
66779541,66782978,chr15,DUP,RB38592,4,1,0,0,0,48.25479930191972,0.8,3437,"{'ID': 'CDS:ENST00000307102.10', 'Parent': 'ENST00000307102.10', 'gene_id': 'ENSG00000169032.11_1', 'transcript_id': 'ENST00000307102.10_1', 'gene_type': 'protein_coding', 'gene_name': 'MAP2K1', 'transcript_type': 'protein_coding', 'transcript_name': 'MAP2K1-201', 'exon_number': '8', 'exon_id': 'ENSE00001199379.1', 'level': '2', 'protein_id': 'ENSP00000302486.5', 'transcript_support_level': '1', 'hgnc_id': 'HGNC:6840', 'tag': 'basic,Ensembl_canonical,MANE_Select,appris_principal_1,CCDS', 'ccdsid': 'CCDS10216.1', 'havana_gene': 'OTTHUMG00000133196.5_1', 'havana_transcript': 'OTTHUMT00000256906.4_1', 'remap_original_location': 'chr15:+:66487228-66487292', 'remap_status': 'full_contig65', 'feature': 'CDS', 'feature_coordinates': 'chr15:66779566-66779630', 'probegroup': 'MAP2K1', 'offset_coordinates': 'chr15:66779540-66779655', 'five_prime_bases': 77, 'three_prime_bases': 75, 'region_id': 'chr15:66779489-66779705'}","{'GRAPES2': None, 'CNVKIT': None, 'DECON': '9.39', 'GATK_GCNV': None}",False,9.39,,,,,0.8869728838377681,False
3151666,3151916,chr18,DUP,RB38592,1,1,0,0,1,47.410358565737056,1.0,250,"{'ID': 'CDS:ENST00000356443.9', 'Parent': 'ENST00000356443.9', 'gene_id': 'ENSG00000101605.14_1', 'transcript_id': 'ENST00000356443.9_1', 'gene_type': 'protein_coding', 'gene_name': 'MYOM1', 'transcript_type': 'protein_coding', 'transcript_name': 'MYOM1-202', 'exon_number': '12', 'exon_id': 'ENSE00001240590.1', 'level': '2', 'protein_id': 'ENSP00000348821.4', 'transcript_support_level': '1', 'hgnc_id': 'HGNC:7613', 'tag': 'CAGE_supported_TSS,basic,Ensembl_canonical,MANE_Select,appris_principal_4,CCDS', 'ccdsid': 'CCDS45824.1', 'havana_gene': 'OTTHUMG00000178209.7_1', 'havana_transcript': 'OTTHUMT00000441037.3_1', 'remap_original_location': 'chr18:-:3151694-3151893', 'remap_status': 'full_contig200', 'feature': 'CDS', 'feature_coordinates': 'chr18:3151692-3151891', 'probegroup': 'MYOM1', 'offset_coordinates': 'chr18:3151666-3151916', 'five_prime_bases': 33, 'three_prime_bases': 32, 'region_id': 'chr18:3151659-3151923'}","{'GRAPES2': '0.892', 'CNVKIT': None, 'DECON': '2.96', 'GATK_GCNV': None}",False,2.96,,,0.892,,0.8869728838377681,False
119602936,119603049,chrX,DUP,RB38592,1,1,0,0,0,66.66666666666666,1.0,113,"{'ID': 'CDS:ENST00000200639.9', 'Parent': 'ENST00000200639.9', 'gene_id': 'ENSG00000005893.16_1', 'transcript_id': 'ENST00000200639.9_1', 'gene_type': 'protein_coding', 'gene_name': 'LAMP2', 'transcript_type': 'protein_coding', 'transcript_name': 'LAMP2-201', 'exon_number': '1', 'exon_id': 'ENSE00003896841.1', 'level': '2', 'protein_id': 'ENSP00000200639.4', 'transcript_support_level': '1', 'hgnc_id': 'HGNC:6501', 'tag': 'basic,Ensembl_canonical,MANE_Select,appris_principal_5,CCDS', 'ccdsid': 'CCDS14599.1', 'havana_gene': 'OTTHUMG00000022301.5_1', 'havana_transcript': 'OTTHUMT00000058099.2_1', 'remap_original_location': 'chrX:-:120469106-120469169', 'remap_status': 'full_contig64', 'feature': 'CDS', 'feature_coordinates': 'chrX:119602961-119603024', 'probegroup': 'LAMP2', 'offset_coordinates': 'chrX:119602935-119603049', 'five_prime_bases': 77, 'three_prime_bases': 76, 'region_id': 'chrX:119602884-119603100'}","{'GRAPES2': None, 'CNVKIT': None, 'DECON': '2.55', 'GATK_GCNV': None}",False,2.55,,,,,0.8869728838377681,False
153607819,153608404,chrX,DUP,RB38592,3,1,0,0,1,65.35836177474403,1.0,585,"{'ID': 'CDS:ENST00000369842.9', 'Parent': 'ENST00000369842.9', 'gene_id': 'ENSG00000102119.12_1', 'transcript_id': 'ENST00000369842.9_1', 'gene_type': 'protein_coding', 'gene_name': 'EMD', 'transcript_type': 'protein_coding', 'transcript_name': 'EMD-202', 'exon_number': '1', 'exon_id': 'ENSE00001925261.2', 'level': '2', 'protein_id': 'ENSP00000358857.4', 'transcript_support_level': '1', 'hgnc_id': 'HGNC:3331', 'tag': 'basic,Ensembl_canonical,MANE_Select,appris_principal_1,CCDS', 'ccdsid': 'CCDS14745.1', 'havana_gene': 'OTTHUMG00000033186.6_1', 'havana_transcript': 'OTTHUMT00000080921.2_1', 'remap_original_location': 'chrX:+:154379485-154379566', 'remap_status': 'full_contig82', 'feature': 'CDS', 'feature_coordinates': 'chrX:153607845-153607926', 'probegroup': 'EMD', 'offset_coordinates': 'chrX:153607819-153607951', 'five_prime_bases': 80, 'three_prime_bases': 878, 'region_id': 'chrX:153607765-153608804'}","{'GRAPES2': '0.999', 'CNVKIT': None, 'DECON': '4.82', 'GATK_GCNV': None}",False,4.82,,,0.999,,0.8869728838377681,False
156084684,156100589,chr1,DUP,RB38592,2,0,0,0,1,53.57097950458947,0.5717261785714286,15905,"{'ID': 'CDS:ENST00000368300.9', 'Parent': 'ENST00000368300.9', 'gene_id': 'ENSG00000160789.24_1', 'transcript_id': 'ENST00000368300.9_1', 'gene_type': 'protein_coding', 'gene_name': 'LMNA', 'transcript_type': 'protein_coding', 'transcript_name': 'LMNA-205', 'exon_number': '1', 'exon_id': 'ENSE00001169671.4', 'level': '2', 'protein_id': 'ENSP00000357283.4', 'transcript_support_level': '1', 'hgnc_id': 'HGNC:6636', 'tag': 'basic,Ensembl_canonical,MANE_Select,appris_principal_1,CCDS', 'ccdsid': 'CCDS1129.1', 'havana_gene': 'OTTHUMG00000013961.6_1', 'havana_transcript': 'OTTHUMT00000039200.3_1', 'remap_original_location': 'chr1:+:156114919-156115274', 'remap_status': 'full_contig356', 'feature': 'CDS', 'feature_coordinates': 'chr1:156084710-156085065', 'probegroup': 'LMNA', 'offset_coordinates': 'chr1:156084684-156085090', 'five_prime_bases': 27, 'three_prime_bases': 26, 'region_id': 'chr1:156084683-156085091'}","{'GRAPES2': '0.973', 'CNVKIT': None, 'DECON': None, 'GATK_GCNV': None}",False,,,,0.973,,0.8869728838377681,False
47403554,85766526,chr2,DUP,RB38592,2,0,0,0,1,39.315912768283106,0.1977060584743098,38362972,"{'ID': 'CDS:ENST00000272298.12', 'Parent': 'ENST00000272298.12', 'gene_id': 'ENSG00000143933.20_1', 'transcript_id': 'ENST00000272298.12_1', 'gene_type': 'protein_coding', 'gene_name': 'CALM2', 'transcript_type': 'protein_coding', 'transcript_name': 'CALM2-201', 'exon_number': '1', 'exon_id': 'ENSE00003845248.1', 'level': '2', 'protein_id': 'ENSP00000272298.7', 'transcript_support_level': '1', 'hgnc_id': 'HGNC:1445', 'tag': 'basic,Ensembl_canonical,MANE_Select,appris_principal_1,CCDS', 'ccdsid': 'CCDS1832.1', 'havana_gene': 'OTTHUMG00000128850.11_1', 'havana_transcript': 'OTTHUMT00000250789.4_1', 'remap_original_location': 'chr2:-:47176441-47176443', 'remap_status': 'full_contig3', 'feature': 'CDS', 'feature_coordinates': 'chr2:47403580-47403582', 'probegroup': 'CALM2', 'offset_coordinates': 'chr2:47403554-47403607', 'five_prime_bases': 83, 'three_prime_bases': 179, 'region_id': 'chr2:47403497-47403761'}","{'GRAPES2': '0.993', 'CNVKIT': None, 'DECON': None, 'GATK_GCNV': None}",False,,,,0.993,,0.8869728838377681,False
30648350,30648494,chr3,DUP,RB38592,1,0,0,0,1,68.27586206896552,1.0,144,"{'ID': 'CDS:ENST00000295754.10', 'Parent': 'ENST00000295754.10', 'gene_id': 'ENSG00000163513.19_1', 'transcript_id': 'ENST00000295754.10_1', 'gene_type': 'protein_coding', 'gene_name': 'TGFBR2', 'transcript_type': 'protein_coding', 'transcript_name': 'TGFBR2-201', 'exon_number': '1', 'exon_id': 'ENSE00002704195.1', 'level': '2', 'protein_id': 'ENSP00000295754.5', 'transcript_support_level': '1', 'hgnc_id': 'HGNC:11773', 'tag': 'CAGE_supported_TSS,basic,Ensembl_canonical,MANE_Select,appris_principal_1,CCDS', 'ccdsid': 'CCDS2648.1', 'havana_gene': 'OTTHUMG00000130569.8_1', 'havana_transcript': 'OTTHUMT00000252994.3_1', 'remap_original_location': 'chr3:+:30606884-30606977', 'remap_status': 'full_contig94', 'feature': 'CDS', 'feature_coordinates': 'chr3:30648376-30648469', 'probegroup': 'TGFBR2', 'offset_coordinates': 'chr3:30648350-30648494', 'five_prime_bases': 74, 'three_prime_bases': 73, 'region_id': 'chr3:30648302-30648542'}","{'GRAPES2': '0.561', 'CNVKIT': None, 'DECON': None, 'GATK_GCNV': None}",False,,,,0.561,,0.8869728838377681,False
123637576,123637665,chr6,DUP,RB38592,1,0,0,0,1,33.33333333333333,1.0,89,"{'ID': 'CDS:ENST00000334268.9', 'Parent': 'ENST00000334268.9', 'gene_id': 'ENSG00000186439.14_1', 'transcript_id': 'ENST00000334268.9_1', 'gene_type': 'protein_coding', 'gene_name': 'TRDN', 'transcript_type': 'protein_coding', 'transcript_name': 'TRDN-201', 'exon_number': '24', 'exon_id': 'ENSE00001006454.1', 'level': '2', 'protein_id': 'ENSP00000333984.5', 'transcript_support_level': '1', 'hgnc_id': 'HGNC:12261', 'tag': 'CAGE_supported_TSS,basic,Ensembl_canonical,MANE_Select,appris_principal_3,CCDS', 'ccdsid': 'CCDS55053.1', 'havana_gene': 'OTTHUMG00000015497.4_1', 'havana_transcript': 'OTTHUMT00000042050.3_1', 'remap_original_location': 'chr6:-:123316457-123316495', 'remap_status': 'full_contig39', 'feature': 'CDS', 'feature_coordinates': 'chr6:123637602-123637640', 'probegroup': 'TRDN', 'offset_coordinates': 'chr6:123637576-123637665', 'five_prime_bases': 78, 'three_prime_bases': 76, 'region_id': 'chr6:123637524-123637716'}","{'GRAPES2': '0.335', 'CNVKIT': None, 'DECON': None, 'GATK_GCNV': None}",False,,,,0.335,,0.8869728838377681,False
151273431,151329249,chr7,DUP,RB38592,3,0,0,0,1,45.39672871244559,0.29888052478260874,55818,"{'ID': 'CDS:ENST00000287878.9', 'Parent': 'ENST00000287878.9', 'gene_id': 'ENSG00000106617.15_1', 'transcript_id': 'ENST00000287878.9_1', 'gene_type': 'protein_coding', 'gene_name': 'PRKAG2', 'transcript_type': 'protein_coding', 'transcript_name': 'PRKAG2-201', 'exon_number': '7', 'exon_id': 'ENSE00003608615.1', 'level': '2', 'protein_id': 'ENSP00000287878.3', 'transcript_support_level': '1', 'hgnc_id': 'HGNC:9386', 'tag': 'CAGE_supported_TSS,basic,Ensembl_canonical,MANE_Select,appris_principal_3,CCDS', 'ccdsid': 'CCDS5928.1', 'havana_gene': 'OTTHUMG00000157324.26_1', 'havana_transcript': 'OTTHUMT00000348440.4_1', 'remap_original_location': 'chr7:-:151576371-151576452', 'remap_status': 'full_contig82', 'feature': 'CDS', 'feature_coordinates': 'chr7:151273457-151273538', 'probegroup': 'PRKAG2', 'offset_coordinates': 'chr7:151273431-151273563', 'five_prime_bases': 80, 'three_prime_bases': 79, 'region_id': 'chr7:151273377-151273617'}","{'GRAPES2': '0.946', 'CNVKIT': None, 'DECON': None, 'GATK_GCNV': None}",False,,,,0.946,,0.8869728838377681,False
75757940,75758158,chr10,DUP,RB38592,1,0,0,0,1,69.86301369863014,1.0,218,"{'ID': 'CDS:ENST00000211998.10', 'Parent': 'ENST00000211998.10', 'gene_id': 'ENSG00000035403.18_1', 'transcript_id': 'ENST00000211998.10_1', 'gene_type': 'protein_coding', 'gene_name': 'VCL', 'transcript_type': 'protein_coding', 'transcript_name': 'VCL-201', 'exon_number': '1', 'exon_id': 'ENSE00000000338.2', 'level': '2', 'protein_id': 'ENSP00000211998.5', 'transcript_support_level': '1', 'hgnc_id': 'HGNC:12665', 'tag': 'basic,Ensembl_canonical,MANE_Select,appris_principal_1,CCDS', 'ccdsid': 'CCDS7341.1', 'havana_gene': 'OTTHUMG00000018498.4_1', 'havana_transcript': 'OTTHUMT00000048752.3_1', 'remap_original_location': 'chr10:+:73998208-73998375', 'remap_status': 'full_contig168', 'feature': 'CDS', 'feature_coordinates': 'chr10:75757966-75758133', 'probegroup': 'VCL', 'offset_coordinates': 'chr10:75757940-75758158', 'five_prime_bases': 37, 'three_prime_bases': 36, 'region_id': 'chr10:75757929-75758169'}","{'GRAPES2': '0.63', 'CNVKIT': None, 'DECON': None, 'GATK_GCNV': None}",False,,,,0.63,,0.8869728838377681,False
50697889,50698026,chr14,DUP,RB38592,1,0,0,0,1,68.84057971014492,1.0,137,"{'ID': 'CDS:ENST00000216373.10', 'Parent': 'ENST00000216373.10', 'gene_id': 'ENSG00000100485.12_1', 'transcript_id': 'ENST00000216373.10_1', 'gene_type': 'protein_coding', 'gene_name': 'SOS2', 'transcript_type': 'protein_coding', 'transcript_name': 'SOS2-201', 'exon_number': '1', 'exon_id': 'ENSE00002525812.2', 'level': '2', 'protein_id': 'ENSP00000216373.5', 'transcript_support_level': '1', 'hgnc_id': 'HGNC:11188', 'tag': 'basic,Ensembl_canonical,MANE_Select,appris_principal_1,CCDS', 'ccdsid': 'CCDS9697.1', 'havana_gene': 'OTTHUMG00000140292.5_1', 'havana_transcript': 'OTTHUMT00000276878.4_1', 'remap_original_location': 'chr14:-:50231197-50231283', 'remap_status': 'full_contig87', 'feature': 'CDS', 'feature_coordinates': 'chr14:50697915-50698001', 'probegroup': 'SOS2', 'offset_coordinates': 'chr14:50697889-50698026', 'five_prime_bases': 78, 'three_prime_bases': 76, 'region_id': 'chr14:50697837-50698077'}","{'GRAPES2': '0.707', 'CNVKIT': None, 'DECON': None, 'GATK_GCNV': None}",False,,,,0.707,,0.8869728838377681,False
52471939,52472101,chr15,DUP,RB38592,1,0,0,0,1,69.93865030674846,1.0,162,"{'ID': 'CDS:ENST00000261837.12', 'Parent': 'ENST00000261837.12', 'gene_id': 'ENSG00000069966.19_1', 'transcript_id': 'ENST00000261837.12_1', 'gene_type': 'protein_coding', 'gene_name': 'GNB5', 'transcript_type': 'protein_coding', 'transcript_name': 'GNB5-201', 'exon_number': '3', 'exon_id': 'ENSE00003467009.1', 'level': '2', 'protein_id': 'ENSP00000261837.7', 'transcript_support_level': '5', 'hgnc_id': 'HGNC:4401', 'tag': 'basic,Ensembl_canonical,MANE_Select,appris_principal_3,CCDS', 'ccdsid': 'CCDS10149.1', 'havana_gene': 'OTTHUMG00000131892.4_1', 'havana_transcript': 'OTTHUMT00000254842.2_1', 'remap_original_location': 'chr15:-:52179768-52179879', 'remap_status': 'full_contig112', 'feature': 'CDS', 'feature_coordinates': 'chr15:52471965-52472076', 'probegroup': 'GNB5', 'offset_coordinates': 'chr15:52471939-52472101', 'five_prime_bases': 77, 'three_prime_bases': 76, 'region_id': 'chr15:52471888-52472152'}","{'GRAPES2': '0.863', 'CNVKIT': None, 'DECON': None, 'GATK_GCNV': None}",False,,,,0.863,,0.8869728838377681,False
67358467,67358723,chr15,DUP,RB38592,1,0,0,0,1,65.36964980544747,1.0,256,"{'ID': 'CDS:ENST00000327367.9', 'Parent': 'ENST00000327367.9', 'gene_id': 'ENSG00000166949.17_1', 'transcript_id': 'ENST00000327367.9_1', 'gene_type': 'protein_coding', 'gene_name': 'SMAD3', 'transcript_type': 'protein_coding', 'transcript_name': 'SMAD3-201', 'exon_number': '1', 'exon_id': 'ENSE00001346645.4', 'level': '2', 'protein_id': 'ENSP00000332973.4', 'transcript_support_level': '1', 'hgnc_id': 'HGNC:6769', 'tag': 'basic,Ensembl_canonical,MANE_Select,appris_principal_1,CCDS', 'ccdsid': 'CCDS10222.1', 'havana_gene': 'OTTHUMG00000133230.6_1', 'havana_transcript': 'OTTHUMT00000256967.3_1', 'remap_original_location': 'chr15:+:67066155-67066360', 'remap_status': 'full_contig206', 'feature': 'CDS', 'feature_coordinates': 'chr15:67358493-67358698', 'probegroup': 'SMAD3', 'offset_coordinates': 'chr15:67358467-67358723', 'five_prime_bases': 30, 'three_prime_bases': 29, 'region_id': 'chr15:67358463-67358727'}","{'GRAPES2': '0.688', 'CNVKIT': None, 'DECON': None, 'GATK_GCNV': None}",False,,,,0.688,,0.8869728838377681,False
72766955,72767380,chr15,DUP,RB38592,1,0,0,0,1,71.12676056338029,1.0,425,"{'ID': 'CDS:ENST00000379887.9', 'Parent': 'ENST00000379887.9', 'gene_id': 'ENSG00000166233.15_1', 'transcript_id': 'ENST00000379887.9_1', 'gene_type': 'protein_coding', 'gene_name': 'ARIH1', 'transcript_type': 'protein_coding', 'transcript_name': 'ARIH1-201', 'exon_number': '1', 'exon_id': 'ENSE00001179017.6', 'level': '2', 'protein_id': 'ENSP00000369217.4', 'transcript_support_level': '1', 'hgnc_id': 'HGNC:689', 'tag': 'RNA_Seq_supported_partial,basic,Ensembl_canonical,MANE_Select,appris_principal_1,CCDS', 'ccdsid': 'CCDS10244.1', 'havana_gene': 'OTTHUMG00000133474.5_1', 'havana_transcript': 'OTTHUMT00000257350.3_1', 'remap_original_location': 'chr15:+:72474640-72475014', 'remap_status': 'full_contig375', 'feature': 'CDS', 'feature_coordinates': 'chr15:72766981-72767355', 'probegroup': 'ARIH1', 'offset_coordinates': 'chr15:72766955-72767380', 'five_prime_bases': 30, 'three_prime_bases': 28, 'region_id': 'chr15:72766951-72767383'}","{'GRAPES2': '0.495', 'CNVKIT': None, 'DECON': None, 'GATK_GCNV': None}",False,,,,0.495,,0.8869728838377681,False
50143177,50143380,chr19,DUP,RB38592,1,0,0,0,1,75.98039215686273,1.0,203,"{'ID': 'CDS:ENST00000246792.4', 'Parent': 'ENST00000246792.4', 'gene_id': 'ENSG00000126458.4_1', 'transcript_id': 'ENST00000246792.4_1', 'gene_type': 'protein_coding', 'gene_name': 'RRAS', 'transcript_type': 'protein_coding', 'transcript_name': 'RRAS-201', 'exon_number': '1', 'exon_id': 'ENSE00003052781.2', 'level': '2', 'protein_id': 'ENSP00000246792.2', 'transcript_support_level': '1', 'hgnc_id': 'HGNC:10447', 'tag': 'basic,Ensembl_canonical,MANE_Select,appris_principal_1,CCDS', 'ccdsid': 'CCDS12774.1', 'havana_gene': 'OTTHUMG00000183247.2_1', 'havana_transcript': 'OTTHUMT00000465791.2_1', 'remap_original_location': 'chr19:-:49639946-49640098', 'remap_status': 'full_contig153', 'feature': 'CDS', 'feature_coordinates': 'chr19:50143203-50143355', 'probegroup': 'RRAS', 'offset_coordinates': 'chr19:50143177-50143380', 'five_prime_bases': 81, 'three_prime_bases': 79, 'region_id': 'chr19:50143122-50143434'}","{'GRAPES2': '0.326', 'CNVKIT': None, 'DECON': None, 'GATK_GCNV': None}",False,,,,0.326,,0.8869728838377681,False
31341689,31341800,chrX,DUP,RB38592,1,0,0,0,1,43.75,1.0,111,"{'ID': 'CDS:ENST00000357033.9', 'Parent': 'ENST00000357033.9', 'gene_id': 'ENSG00000198947.18_1', 'transcript_id': 'ENST00000357033.9_1', 'gene_type': 'protein_coding', 'gene_name': 'DMD', 'transcript_type': 'protein_coding', 'transcript_name': 'DMD-203', 'exon_number': '62', 'exon_id': 'ENSE00003693649.1', 'level': '2', 'protein_id': 'ENSP00000354923.3', 'transcript_support_level': '1', 'hgnc_id': 'HGNC:2928', 'tag': 'basic,Ensembl_canonical,MANE_Select,appris_principal_3,CCDS', 'ccdsid': 'CCDS14233.1', 'havana_gene': 'OTTHUMG00000021336.7_1', 'havana_transcript': 'OTTHUMT00000056182.2_1', 'remap_original_location': 'chrX:-:31323598-31323658', 'remap_status': 'full_contig61', 'feature': 'CDS', 'feature_coordinates': 'chrX:31341715-31341775', 'probegroup': 'DMD', 'offset_coordinates': 'chrX:31341689-31341800', 'five_prime_bases': 79, 'three_prime_bases': 77, 'region_id': 'chrX:31341636-31341852'}","{'GRAPES2': '1.0', 'CNVKIT': None, 'DECON': None, 'GATK_GCNV': None}",False,,,,1.0,,0.8869728838377681,False
100662672,100662916,chrX,DUP,RB38592,1,0,0,0,1,57.14285714285714,1.0,244,"{'ID': 'CDS:ENST00000218516.4', 'Parent': 'ENST00000218516.4', 'gene_id': 'ENSG00000102393.14_1', 'transcript_id': 'ENST00000218516.4_1', 'gene_type': 'protein_coding', 'gene_name': 'GLA', 'transcript_type': 'protein_coding', 'transcript_name': 'GLA-201', 'exon_number': '1', 'exon_id': 'ENSE00000674005.4', 'level': '2', 'protein_id': 'ENSP00000218516.4', 'transcript_support_level': '1', 'hgnc_id': 'HGNC:4296', 'tag': 'basic,Ensembl_canonical,MANE_Select,appris_principal_1,CCDS', 'ccdsid': 'CCDS14484.1', 'havana_gene': 'OTTHUMG00000022026.6_1', 'havana_transcript': 'OTTHUMT00000057540.2_1', 'remap_original_location': 'chrX:-:101407710-101407903', 'remap_status': 'full_contig194', 'feature': 'CDS', 'feature_coordinates': 'chrX:100662698-100662891', 'probegroup': 'GLA', 'offset_coordinates': 'chrX:100662672-100662916', 'five_prime_bases': 36, 'three_prime_bases': 35, 'region_id': 'chrX:100662662-100662926'}","{'GRAPES2': '0.776', 'CNVKIT': None, 'DECON': None, 'GATK_GCNV': None}",False,,,,0.776,,0.8869728838377681,False
107827688,107827780,chrX,DUP,RB38592,1,0,0,0,1,41.935483870967744,1.0,92,"{'ID': 'CDS:ENST00000328300.11', 'Parent': 'ENST00000328300.11', 'gene_id': 'ENSG00000188153.14_1', 'transcript_id': 'ENST00000328300.11_1', 'gene_type': 'protein_coding', 'gene_name': 'COL4A5', 'transcript_type': 'protein_coding', 'transcript_name': 'COL4A5-201', 'exon_number': '18', 'exon_id': 'ENSE00003683504.1', 'level': '2', 'protein_id': 'ENSP00000331902.7', 'transcript_support_level': '1', 'hgnc_id': 'HGNC:2207', 'tag': 'dotter_confirmed,basic,Ensembl_canonical,MANE_Select,appris_alternative_1,CCDS', 'ccdsid': 'CCDS35366.1', 'havana_gene': 'OTTHUMG00000022182.6_1', 'havana_transcript': 'OTTHUMT00000360023.1_1', 'remap_original_location': 'chrX:+:108584484-108584525', 'remap_status': 'full_contig42', 'feature': 'CDS', 'feature_coordinates': 'chrX:107827714-107827755', 'probegroup': 'COL4A5', 'offset_coordinates': 'chrX:107827688-107827780', 'five_prime_bases': 76, 'three_prime_bases': 75, 'region_id': 'chrX:107827638-107827830'}","{'GRAPES2': '0.907', 'CNVKIT': None, 'DECON': None, 'GATK_GCNV': None}",False,,,,0.907,,0.8869728838377681,False
1167609,1168698,chr1,DUP,RB38127,1,1,1,0,1,76.23853211009174,1.0,1089,"{'ID': 'CDS:ENST00000379198.5', 'Parent': 'ENST00000379198.5', 'gene_id': 'ENSG00000176022.7_1', 'transcript_id': 'ENST00000379198.5_1', 'gene_type': 'protein_coding', 'gene_name': 'B3GALT6', 'transcript_type': 'protein_coding', 'transcript_name': 'B3GALT6-201', 'exon_number': '1', 'exon_id': 'ENSE00001480062.5', 'level': '2', 'protein_id': 'ENSP00000368496.2', 'transcript_support_level': 'NA', 'hgnc_id': 'HGNC:17978', 'tag': 'CAGE_supported_TSS,basic,Ensembl_canonical,MANE_Select,appris_principal_1,CCDS', 'ccdsid': 'CCDS13.1', 'havana_gene': 'OTTHUMG00000001813.3_1', 'havana_transcript': 'OTTHUMT00000005071.3_1', 'remap_original_location': 'chr1:+:1232279-1233268', 'remap_status': 'full_contig990', 'feature': 'CDS', 'feature_coordinates': 'chr1:1167659-1168648', 'probegroup': 'B3GALT6', 'offset_coordinates': 'chr1:1167633-1168673', 'five_prime_bases': 34, 'three_prime_bases': 33, 'region_id': 'chr1:1167625-1168681'}","{'GRAPES2': '0.743', 'CNVKIT': None, 'DECON': '18.1', 'GATK_GCNV': '54.21'}",True,18.1,54.21,,0.743,in_silico,0.9277822115041516,False
101483663,101491856,chr10,DUP,RB38127,5,1,1,0,1,42.360263607517695,0.2224411406060606,8193,"{'ID': 'CDS:ENST00000016171.6', 'Parent': 'ENST00000016171.6', 'gene_id': 'ENSG00000014919.13_1', 'transcript_id': 'ENST00000016171.6_1', 'gene_type': 'protein_coding', 'gene_name': 'COX15', 'transcript_type': 'protein_coding', 'transcript_name': 'COX15-201', 'exon_number': '5', 'exon_id': 'ENSE00003264063.1', 'level': '2', 'protein_id': 'ENSP00000016171.6', 'transcript_support_level': '1', 'hgnc_id': 'HGNC:2263', 'tag': 'basic,Ensembl_canonical,MANE_Select,appris_principal_1,CCDS', 'ccdsid': 'CCDS7482.1', 'havana_gene': 'OTTHUMG00000018893.3_1', 'havana_transcript': 'OTTHUMT00000049818.1_1', 'remap_original_location': 'chr10:-:99723956-99724123', 'remap_status': 'full_contig168', 'feature': 'CDS', 'feature_coordinates': 'chr10:101483713-101483880', 'probegroup': 'COX15', 'offset_coordinates': 'chr10:101483687-101483905', 'five_prime_bases': 37, 'three_prime_bases': 36, 'region_id': 'chr10:101483676-101483916'}","{'GRAPES2': '1.0', 'CNVKIT': None, 'DECON': '86.2', 'GATK_GCNV': '378.17'}",True,86.2,378.17,,1.0,in_silico,0.9277822115041516,False
22068552,22068894,chr12,DEL,RB38127,1,1,1,0,1,37.02623906705539,1.0,342,"{'ID': 'CDS:ENST00000261200.9', 'Parent': 'ENST00000261200.9', 'gene_id': 'ENSG00000069431.14_1', 'transcript_id': 'ENST00000261200.9_1', 'gene_type': 'protein_coding', 'gene_name': 'ABCC9', 'transcript_type': 'protein_coding', 'transcript_name': 'ABCC9-201', 'exon_number': '7', 'exon_id': 'ENSE00000822339.1', 'level': '2', 'protein_id': 'ENSP00000261200.4', 'transcript_support_level': '5', 'hgnc_id': 'HGNC:60', 'tag': 'CAGE_supported_TSS,basic,Ensembl_canonical,MANE_Select,appris_principal_5,CCDS', 'ccdsid': 'CCDS8693.1', 'havana_gene': 'OTTHUMG00000169094.4_1', 'havana_transcript': 'OTTHUMT00000402228.2_1', 'remap_original_location': 'chr12:-:21915668-21915910', 'remap_status': 'full_contig243', 'feature': 'CDS', 'feature_coordinates': 'chr12:22068602-22068844', 'probegroup': 'ABCC9', 'offset_coordinates': 'chr12:22068576-22068869', 'five_prime_bases': 36, 'three_prime_bases': 34, 'region_id': 'chr12:22068566-22068878'}","{'GRAPES2': '0.56', 'CNVKIT': None, 'DECON': '17.8', 'GATK_GCNV': '204.15'}",True,17.8,204.15,,0.56,in_silico,0.9277822115041516,False
30910686,30910904,chr16,DEL,RB38127,1,0,1,0,1,59.3607305936073,1.0,218,"{'ID': 'CDS:ENST00000279804.3', 'Parent': 'ENST00000279804.3', 'gene_id': 'ENSG00000150281.7_1', 'transcript_id': 'ENST00000279804.3_1', 'gene_type': 'protein_coding', 'gene_name': 'CTF1', 'transcript_type': 'protein_coding', 'transcript_name': 'CTF1-201', 'exon_number': '2', 'exon_id': 'ENSE00001174773.1', 'level': '2', 'protein_id': 'ENSP00000279804.2', 'transcript_support_level': '1', 'hgnc_id': 'HGNC:2499', 'tag': 'basic,Ensembl_canonical,MANE_Select,appris_principal_3,CCDS', 'ccdsid': 'CCDS10694.1', 'havana_gene': 'OTTHUMG00000132413.2_1', 'havana_transcript': 'OTTHUMT00000255550.1_1', 'remap_original_location': 'chr16:+:30899415-30899533', 'remap_status': 'full_contig119', 'feature': 'CDS', 'feature_coordinates': 'chr16:30910736-30910854', 'probegroup': 'CTF1', 'offset_coordinates': 'chr16:30910710-30910879', 'five_prime_bases': 86, 'three_prime_bases': 84, 'region_id': 'chr16:30910650-30910938'}","{'GRAPES2': '0.459', 'CNVKIT': None, 'DECON': None, 'GATK_GCNV': '164.81'}",False,,164.81,,0.459,,0.9277822115041516,False
16011029,16011138,chr1,DEL,RB38127,1,1,0,0,0,70.9090909090909,1.0,109,"{'ID': 'CDS:ENST00000375799.8', 'Parent': 'ENST00000375799.8', 'gene_id': 'ENSG00000116786.13_1', 'transcript_id': 'ENST00000375799.8_1', 'gene_type': 'protein_coding', 'gene_name': 'PLEKHM2', 'transcript_type': 'protein_coding', 'transcript_name': 'PLEKHM2-202', 'exon_number': '1', 'exon_id': 'ENSE00001326988.3', 'level': '2', 'protein_id': 'ENSP00000364956.3', 'transcript_support_level': '1', 'hgnc_id': 'HGNC:29131', 'tag': 'basic,Ensembl_canonical,MANE_Select,appris_principal_2,CCDS', 'ccdsid': 'CCDS44063.1', 'havana_gene': 'OTTHUMG00000003062.3_1', 'havana_transcript': 'OTTHUMT00000008463.2_1', 'remap_original_location': 'chr1:+:15684559-15684618', 'remap_status': 'full_contig60', 'feature': 'CDS', 'feature_coordinates': 'chr1:16011054-16011113', 'probegroup': 'PLEKHM2', 'offset_coordinates': 'chr1:16011028-16011138', 'five_prime_bases': 79, 'three_prime_bases': 78, 'region_id': 'chr1:16010975-16011191'}","{'GRAPES2': None, 'CNVKIT': None, 'DECON': '5.48', 'GATK_GCNV': None}",False,5.48,,,,,0.9277822115041516,False
179522200,179524007,chr2,DUP,RB38127,9,1,0,0,0,40.099557522123895,0.4027776666666667,1807,"{'ID': 'CDS:ENST00000589042.5', 'Parent': 'ENST00000589042.5', 'gene_id': 'ENSG00000155657.29_1', 'transcript_id': 'ENST00000589042.5_1', 'gene_type': 'protein_coding', 'gene_name': 'TTN', 'transcript_type': 'protein_coding', 'transcript_name': 'TTN-214', 'exon_number': '189', 'exon_id': 'ENSE00002949545.1', 'level': '1', 'protein_id': 'ENSP00000467141.1', 'transcript_support_level': '5', 'hgnc_id': 'HGNC:12403', 'tag': 'inferred_exon_combination,non_submitted_evidence,basic,Ensembl_canonical,MANE_Select,appris_principal_1,exp_conf,CCDS', 'ccdsid': 'CCDS59435.1', 'havana_gene': 'OTTHUMG00000154448.23_1', 'havana_transcript': 'OTTHUMT00000450680.3_1', 'remap_original_location': 'chr2:-:178657498-178657581', 'remap_status': 'full_contig84', 'feature': 'CDS', 'feature_coordinates': 'chr2:179522225-179522308', 'probegroup': 'TTN', 'offset_coordinates': 'chr2:179522199-179522333', 'five_prime_bases': 79, 'three_prime_bases': 1752, 'region_id': 'chr2:179522146-179524060'}","{'GRAPES2': None, 'CNVKIT': None, 'DECON': '41.1', 'GATK_GCNV': None}",False,41.1,,,,,0.9277822115041516,False
179526844,179527368,chr2,DUP,RB38127,3,1,0,0,0,40.57142857142857,0.4166665,524,"{'ID': 'CDS:ENST00000589042.5', 'Parent': 'ENST00000589042.5', 'gene_id': 'ENSG00000155657.29_1', 'transcript_id': 'ENST00000589042.5_1', 'gene_type': 'protein_coding', 'gene_name': 'TTN', 'transcript_type': 'protein_coding', 'transcript_name': 'TTN-214', 'exon_number': '178', 'exon_id': 'ENSE00002852676.1', 'level': '1', 'protein_id': 'ENSP00000467141.1', 'transcript_support_level': '5', 'hgnc_id': 'HGNC:12403', 'tag': 'inferred_exon_combination,non_submitted_evidence,basic,Ensembl_canonical,MANE_Select,appris_principal_1,exp_conf,CCDS', 'ccdsid': 'CCDS59435.1', 'havana_gene': 'OTTHUMG00000154448.23_1', 'havana_transcript': 'OTTHUMT00000450680.3_1', 'remap_original_location': 'chr2:-:178662142-178662222', 'remap_status': 'full_contig81', 'feature': 'CDS', 'feature_coordinates': 'chr2:179526869-179526949', 'probegroup': 'TTN', 'offset_coordinates': 'chr2:179526843-179526974', 'five_prime_bases': 462, 'three_prime_bases': 1954, 'region_id': 'chr2:179526407-179528903'}","{'GRAPES2': None, 'CNVKIT': None, 'DECON': '5.55', 'GATK_GCNV': None}",False,5.55,,,,,0.9277822115041516,False
12641165,12641939,chr3,DEL,RB38127,3,1,0,0,0,40.774193548387096,1.0,774,"{'ID': 'CDS:ENST00000251849.9', 'Parent': 'ENST00000251849.9', 'gene_id': 'ENSG00000132155.14_1', 'transcript_id': 'ENST00000251849.9_1', 'gene_type': 'protein_coding', 'gene_name': 'RAF1', 'transcript_type': 'protein_coding', 'transcript_name': 'RAF1-201', 'exon_number': '10', 'exon_id': 'ENSE00003602339.1', 'level': '2', 'protein_id': 'ENSP00000251849.4', 'transcript_support_level': '1', 'hgnc_id': 'HGNC:9829', 'tag': 'basic,appris_principal_2,CCDS', 'ccdsid': 'CCDS2612.1', 'havana_gene': 'OTTHUMG00000129789.8_1', 'havana_transcript': 'OTTHUMT00000252015.2_1', 'remap_original_location': 'chr3:-:12599691-12599808', 'remap_status': 'full_contig118', 'feature': 'CDS', 'feature_coordinates': 'chr3:12641190-12641307', 'probegroup': 'RAF1', 'offset_coordinates': 'chr3:12641164-12641332', 'five_prime_bases': 74, 'three_prime_bases': 73, 'region_id': 'chr3:12641116-12641380'}","{'GRAPES2': None, 'CNVKIT': None, 'DECON': '4.73', 'GATK_GCNV': None}",False,4.73,,,,,0.9277822115041516,False
30648351,30648494,chr3,DEL,RB38127,1,1,0,0,0,68.05555555555556,1.0,143,"{'ID': 'CDS:ENST00000295754.10', 'Parent': 'ENST00000295754.10', 'gene_id': 'ENSG00000163513.19_1', 'transcript_id': 'ENST00000295754.10_1', 'gene_type': 'protein_coding', 'gene_name': 'TGFBR2', 'transcript_type': 'protein_coding', 'transcript_name': 'TGFBR2-201', 'exon_number': '1', 'exon_id': 'ENSE00002704195.1', 'level': '2', 'protein_id': 'ENSP00000295754.5', 'transcript_support_level': '1', 'hgnc_id': 'HGNC:11773', 'tag': 'CAGE_supported_TSS,basic,Ensembl_canonical,MANE_Select,appris_principal_1,CCDS', 'ccdsid': 'CCDS2648.1', 'havana_gene': 'OTTHUMG00000130569.8_1', 'havana_transcript': 'OTTHUMT00000252994.3_1', 'remap_original_location': 'chr3:+:30606884-30606977', 'remap_status': 'full_contig94', 'feature': 'CDS', 'feature_coordinates': 'chr3:30648376-30648469', 'probegroup': 'TGFBR2', 'offset_coordinates': 'chr3:30648350-30648494', 'five_prime_bases': 74, 'three_prime_bases': 73, 'region_id': 'chr3:30648302-30648542'}","{'GRAPES2': None, 'CNVKIT': None, 'DECON': '5.07', 'GATK_GCNV': None}",False,5.07,,,,,0.9277822115041516,False
57850250,57850609,chr3,DEL,RB38127,2,1,0,0,0,33.05555555555556,1.0,359,"{'ID': 'CDS:ENST00000671191.1', 'Parent': 'ENST00000671191.1', 'gene_id': 'ENSG00000163681.16_1', 'transcript_id': 'ENST00000671191.1_1', 'gene_type': 'protein_coding', 'gene_name': 'SLMAP', 'transcript_type': 'protein_coding', 'transcript_name': 'SLMAP-230', 'exon_number': '11', 'exon_id': 'ENSE00003458506.1', 'level': '2', 'protein_id': 'ENSP00000499458.1', 'hgnc_id': 'HGNC:16643', 'tag': 'CAGE_supported_TSS,RNA_Seq_supported_only,basic,Ensembl_canonical,MANE_Select,appris_alternative_1', 'havana_gene': 'OTTHUMG00000133764.5_1', 'havana_transcript': 'OTTHUMT00000504658.2_1', 'remap_original_location': 'chr3:+:57864548-57864716', 'remap_status': 'full_contig169', 'feature': 'CDS', 'feature_coordinates': 'chr3:57850275-57850443', 'probegroup': 'SLMAP', 'offset_coordinates': 'chr3:57850249-57850468', 'five_prime_bases': 37, 'three_prime_bases': 223, 'region_id': 'chr3:57850238-57850666'}","{'GRAPES2': None, 'CNVKIT': None, 'DECON': '3.49', 'GATK_GCNV': None}",False,3.49,,,,,0.9277822115041516,False
112407227,112413135,chr7,DUP,RB38127,2,1,0,0,0,33.085124386529024,1.0,5908,"{'ID': 'CDS:ENST00000312814.11', 'Parent': 'ENST00000312814.11', 'gene_id': 'ENSG00000146802.13_1', 'transcript_id': 'ENST00000312814.11_1', 'gene_type': 'protein_coding', 'gene_name': 'TMEM168', 'transcript_type': 'protein_coding', 'transcript_name': 'TMEM168-201', 'exon_number': '5', 'exon_id': 'ENSE00001150219.7', 'level': '2', 'protein_id': 'ENSP00000323068.4', 'transcript_support_level': '1', 'hgnc_id': 'HGNC:25826', 'tag': 'basic,Ensembl_canonical,MANE_Select,appris_principal_1,CCDS', 'ccdsid': 'CCDS5757.1', 'havana_gene': 'OTTHUMG00000155188.8_1', 'havana_transcript': 'OTTHUMT00000338696.5_1', 'remap_original_location': 'chr7:-:112767197-112767744', 'remap_status': 'full_contig548', 'feature': 'CDS', 'feature_coordinates': 'chr7:112407252-112407799', 'probegroup': 'TMEM168', 'offset_coordinates': 'chr7:112407226-112407824', 'five_prime_bases': 27, 'three_prime_bases': 26, 'region_id': 'chr7:112407225-112407825'}","{'GRAPES2': None, 'CNVKIT': None, 'DECON': '5.05', 'GATK_GCNV': None}",False,5.05,,,,,0.9277822115041516,False
151267232,151269820,chr7,DEL,RB38127,2,1,0,0,0,39.860950173812284,0.40505190952380954,2588,"{'ID': 'CDS:ENST00000287878.9', 'Parent': 'ENST00000287878.9', 'gene_id': 'ENSG00000106617.15_1', 'transcript_id': 'ENST00000287878.9_1', 'gene_type': 'protein_coding', 'gene_name': 'PRKAG2', 'transcript_type': 'protein_coding', 'transcript_name': 'PRKAG2-201', 'exon_number': '10', 'exon_id': 'ENSE00003490630.1', 'level': '2', 'protein_id': 'ENSP00000287878.3', 'transcript_support_level': '1', 'hgnc_id': 'HGNC:9386', 'tag': 'CAGE_supported_TSS,basic,Ensembl_canonical,MANE_Select,appris_principal_3,CCDS', 'ccdsid': 'CCDS5928.1', 'havana_gene': 'OTTHUMG00000157324.26_1', 'havana_transcript': 'OTTHUMT00000348440.4_1', 'remap_original_location': 'chr7:-:151570171-151570225', 'remap_status': 'full_contig55', 'feature': 'CDS', 'feature_coordinates': 'chr7:151267257-151267311', 'probegroup': 'PRKAG2', 'offset_coordinates': 'chr7:151267231-151267336', 'five_prime_bases': 82, 'three_prime_bases': 80, 'region_id': 'chr7:151267175-151267391'}","{'GRAPES2': None, 'CNVKIT': None, 'DECON': '3.18', 'GATK_GCNV': None}",False,3.18,,,,,0.9277822115041516,False
92678597,92678754,chr10,DEL,RB38127,1,1,0,0,0,39.24050632911392,1.0,157,"{'ID': 'CDS:ENST00000371697.4', 'Parent': 'ENST00000371697.4', 'gene_id': 'ENSG00000148677.7_1', 'transcript_id': 'ENST00000371697.4_1', 'gene_type': 'protein_coding', 'gene_name': 'ANKRD1', 'transcript_type': 'protein_coding', 'transcript_name': 'ANKRD1-201', 'exon_number': '4', 'exon_id': 'ENSE00000986569.1', 'level': '2', 'protein_id': 'ENSP00000360762.3', 'transcript_support_level': '1', 'hgnc_id': 'HGNC:15819', 'tag': 'CAGE_supported_TSS,basic,Ensembl_canonical,MANE_Select,appris_principal_1,CCDS', 'ccdsid': 'CCDS7412.1', 'havana_gene': 'OTTHUMG00000018734.1_1', 'havana_transcript': 'OTTHUMT00000049357.1_1', 'remap_original_location': 'chr10:-:90918865-90918972', 'remap_status': 'full_contig108', 'feature': 'CDS', 'feature_coordinates': 'chr10:92678622-92678729', 'probegroup': 'ANKRD1', 'offset_coordinates': 'chr10:92678596-92678754', 'five_prime_bases': 79, 'three_prime_bases': 371, 'region_id': 'chr10:92678543-92679100'}","{'GRAPES2': None, 'CNVKIT': None, 'DECON': '4.45', 'GATK_GCNV': None}",False,4.45,,,,,0.9277822115041516,False
30910711,30913885,chr16,DEL,RB38127,2,1,0,0,0,54.83464566929134,1.0,3174,"{'ID': 'CDS:ENST00000279804.3', 'Parent': 'ENST00000279804.3', 'gene_id': 'ENSG00000150281.7_1', 'transcript_id': 'ENST00000279804.3_1', 'gene_type': 'protein_coding', 'gene_name': 'CTF1', 'transcript_type': 'protein_coding', 'transcript_name': 'CTF1-201', 'exon_number': '2', 'exon_id': 'ENSE00001174773.1', 'level': '2', 'protein_id': 'ENSP00000279804.2', 'transcript_support_level': '1', 'hgnc_id': 'HGNC:2499', 'tag': 'basic,Ensembl_canonical,MANE_Select,appris_principal_3,CCDS', 'ccdsid': 'CCDS10694.1', 'havana_gene': 'OTTHUMG00000132413.2_1', 'havana_transcript': 'OTTHUMT00000255550.1_1', 'remap_original_location': 'chr16:+:30899415-30899533', 'remap_status': 'full_contig119', 'feature': 'CDS', 'feature_coordinates': 'chr16:30910736-30910854', 'probegroup': 'CTF1', 'offset_coordinates': 'chr16:30910710-30910879', 'five_prime_bases': 86, 'three_prime_bases': 84, 'region_id': 'chr16:30910650-30910938'}","{'GRAPES2': None, 'CNVKIT': None, 'DECON': '25.6', 'GATK_GCNV': None}",True,25.6,,,,in_silico,0.9277822115041516,False
25378498,25398368,chr12,DEL,RB38580,3,1,1,0,1,35.36309194303256,0.5902776666666667,19870,"{'ID': 'CDS:ENST00000311936.8', 'Parent': 'ENST00000311936.8', 'gene_id': 'ENSG00000133703.14_1', 'transcript_id': 'ENST00000311936.8_1', 'gene_type': 'protein_coding', 'gene_name': 'KRAS', 'transcript_type': 'protein_coding', 'transcript_name': 'KRAS-202', 'exon_number': '4', 'exon_id': 'ENSE00001644818.1', 'level': '2', 'protein_id': 'ENSP00000308495.3', 'transcript_support_level': '1', 'hgnc_id': 'HGNC:6407', 'tag': 'basic,Ensembl_canonical,MANE_Select,appris_alternative_1,CCDS', 'ccdsid': 'CCDS8702.1', 'havana_gene': 'OTTHUMG00000171193.4_1', 'havana_transcript': 'OTTHUMT00000412230.2_1', 'remap_original_location': 'chr12:-:25225614-25225773', 'remap_status': 'full_contig160', 'feature': 'CDS', 'feature_coordinates': 'chr12:25378548-25378707', 'probegroup': 'KRAS', 'offset_coordinates': 'chr12:25378522-25378732', 'five_prime_bases': 77, 'three_prime_bases': 76, 'region_id': 'chr12:25378471-25378783'}","{'GRAPES2': '1.0', 'CNVKIT': None, 'DECON': '68.6', 'GATK_GCNV': '1097.32'}",True,68.6,1097.32,,1.0,in_silico,0.9197574584894127,False
112884030,112888366,chr12,DUP,RB38580,2,1,1,0,1,43.3709937744985,0.566666625,4336,"{'ID': 'CDS:ENST00000351677.7', 'Parent': 'ENST00000351677.7', 'gene_id': 'ENSG00000179295.19_1', 'transcript_id': 'ENST00000351677.7_1', 'gene_type': 'protein_coding', 'gene_name': 'PTPN11', 'transcript_type': 'protein_coding', 'transcript_name': 'PTPN11-201', 'exon_number': '2', 'exon_id': 'ENSE00000834910.1', 'level': '2', 'protein_id': 'ENSP00000340944.3', 'transcript_support_level': '1', 'hgnc_id': 'HGNC:9644', 'tag': 'basic,Ensembl_canonical,MANE_Select,appris_principal_3,CCDS', 'ccdsid': 'CCDS9163.1', 'havana_gene': 'OTTHUMG00000134334.4_1', 'havana_transcript': 'OTTHUMT00000259496.2_1', 'remap_original_location': 'chr12:+:112446276-112446398', 'remap_status': 'full_contig123', 'feature': 'CDS', 'feature_coordinates': 'chr12:112884080-112884202', 'probegroup': 'PTPN11', 'offset_coordinates': 'chr12:112884054-112884227', 'five_prime_bases': 84, 'three_prime_bases': 82, 'region_id': 'chr12:112883996-112884284'}","{'GRAPES2': '0.931', 'CNVKIT': None, 'DECON': '66.9', 'GATK_GCNV': '111.98'}",True,66.9,111.98,,0.931,in_silico,0.9197574584894127,False
28666489,28666755,chr18,DUP,RB38580,1,1,1,0,1,43.445692883895134,1.0,266,"{'ID': 'CDS:ENST00000280904.11', 'Parent': 'ENST00000280904.11', 'gene_id': 'ENSG00000134755.18_1', 'transcript_id': 'ENST00000280904.11_1', 'gene_type': 'protein_coding', 'gene_name': 'DSC2', 'transcript_type': 'protein_coding', 'transcript_name': 'DSC2-202', 'exon_number': '7', 'exon_id': 'ENSE00000796884.1', 'level': '2', 'protein_id': 'ENSP00000280904.6', 'transcript_support_level': '1', 'hgnc_id': 'HGNC:3036', 'tag': 'basic,Ensembl_canonical,MANE_Select,appris_principal_1,CCDS', 'ccdsid': 'CCDS11892.1', 'havana_gene': 'OTTHUMG00000131981.8_1', 'havana_transcript': 'OTTHUMT00000254943.3_1', 'remap_original_location': 'chr18:-:31086576-31086742', 'remap_status': 'full_contig167', 'feature': 'CDS', 'feature_coordinates': 'chr18:28666539-28666705', 'probegroup': 'DSC2', 'offset_coordinates': 'chr18:28666513-28666730', 'five_prime_bases': 38, 'three_prime_bases': 36, 'region_id': 'chr18:28666501-28666741'}","{'GRAPES2': '0.499', 'CNVKIT': None, 'DECON': '27', 'GATK_GCNV': '76.25'}",True,27,76.25,,0.499,in_silico,0.9197574584894127,False
16593211,16593646,chr19,DEL,RB38580,2,1,1,0,1,48.853211009174316,1.0,435,"{'ID': 'CDS:ENST00000269881.8', 'Parent': 'ENST00000269881.8', 'gene_id': 'ENSG00000269058.6_1', 'transcript_id': 'ENST00000269881.8_1', 'gene_type': 'protein_coding', 'gene_name': 'CALR3', 'transcript_type': 'protein_coding', 'transcript_name': 'CALR3-201', 'exon_number': '7', 'exon_id': 'ENSE00003637161.1', 'level': '2', 'protein_id': 'ENSP00000269881.3', 'transcript_support_level': '1', 'hgnc_id': 'HGNC:20407', 'tag': 'basic,Ensembl_canonical,MANE_Select,appris_principal_1,CCDS', 'ccdsid': 'CCDS12344.1', 'havana_gene': 'OTTHUMG00000152571.4_1', 'havana_transcript': 'OTTHUMT00000461089.1_1', 'remap_original_location': 'chr19:-:16482450-16482581', 'remap_status': 'full_contig132', 'feature': 'CDS', 'feature_coordinates': 'chr19:16593261-16593392', 'probegroup': 'CALR3', 'offset_coordinates': 'chr19:16593235-16593417', 'five_prime_bases': 79, 'three_prime_bases': 282, 'region_id': 'chr19:16593182-16593674'}","{'GRAPES2': '1.0', 'CNVKIT': None, 'DECON': '34.8', 'GATK_GCNV': '401.67'}",True,34.8,401.67,,1.0,in_silico,0.9197574584894127,False
179519447,179519747,chr2,DUP,RB38580,2,1,0,0,0,42.19269102990033,0.361111,300,"{'ID': 'CDS:ENST00000589042.5', 'Parent': 'ENST00000589042.5', 'gene_id': 'ENSG00000155657.29_1', 'transcript_id': 'ENST00000589042.5_1', 'gene_type': 'protein_coding', 'gene_name': 'TTN', 'transcript_type': 'protein_coding', 'transcript_name': 'TTN-214', 'exon_number': '191', 'exon_id': 'ENSE00001744095.2', 'level': '1', 'protein_id': 'ENSP00000467141.1', 'transcript_support_level': '5', 'hgnc_id': 'HGNC:12403', 'tag': 'inferred_exon_combination,non_submitted_evidence,basic,Ensembl_canonical,MANE_Select,appris_principal_1,exp_conf,CCDS', 'ccdsid': 'CCDS59435.1', 'havana_gene': 'OTTHUMG00000154448.23_1', 'havana_transcript': 'OTTHUMT00000450680.3_1', 'remap_original_location': 'chr2:-:178654745-178654828', 'remap_status': 'full_contig84', 'feature': 'CDS', 'feature_coordinates': 'chr2:179519472-179519555', 'probegroup': 'TTN', 'offset_coordinates': 'chr2:179519446-179519580', 'five_prime_bases': 3584, 'three_prime_bases': 245, 'region_id': 'chr2:179515888-179519800'}","{'GRAPES2': None, 'CNVKIT': None, 'DECON': '4.99', 'GATK_GCNV': None}",False,4.99,,,,,0.9197574584894127,False
179519447,179524007,chr2,DEL,RB38580,11,1,0,0,0,40.03508002631002,0.10985166790638291,4560,"{'ID': 'CDS:ENST00000589042.5', 'Parent': 'ENST00000589042.5', 'gene_id': 'ENSG00000155657.29_1', 'transcript_id': 'ENST00000589042.5_1', 'gene_type': 'protein_coding', 'gene_name': 'TTN', 'transcript_type': 'protein_coding', 'transcript_name': 'TTN-214', 'exon_number': '191', 'exon_id': 'ENSE00001744095.2', 'level': '1', 'protein_id': 'ENSP00000467141.1', 'transcript_support_level': '5', 'hgnc_id': 'HGNC:12403', 'tag': 'inferred_exon_combination,non_submitted_evidence,basic,Ensembl_canonical,MANE_Select,appris_principal_1,exp_conf,CCDS', 'ccdsid': 'CCDS59435.1', 'havana_gene': 'OTTHUMG00000154448.23_1', 'havana_transcript': 'OTTHUMT00000450680.3_1', 'remap_original_location': 'chr2:-:178654745-178654828', 'remap_status': 'full_contig84', 'feature': 'CDS', 'feature_coordinates': 'chr2:179519472-179519555', 'probegroup': 'TTN', 'offset_coordinates': 'chr2:179519446-179519580', 'five_prime_bases': 3584, 'three_prime_bases': 245, 'region_id': 'chr2:179515888-179519800'}","{'GRAPES2': None, 'CNVKIT': None, 'DECON': '93.6', 'GATK_GCNV': None}",False,93.6,,,,,0.9197574584894127,False
92678597,92678754,chr10,DEL,RB38580,1,1,0,0,0,39.24050632911392,1.0,157,"{'ID': 'CDS:ENST00000371697.4', 'Parent': 'ENST00000371697.4', 'gene_id': 'ENSG00000148677.7_1', 'transcript_id': 'ENST00000371697.4_1', 'gene_type': 'protein_coding', 'gene_name': 'ANKRD1', 'transcript_type': 'protein_coding', 'transcript_name': 'ANKRD1-201', 'exon_number': '4', 'exon_id': 'ENSE00000986569.1', 'level': '2', 'protein_id': 'ENSP00000360762.3', 'transcript_support_level': '1', 'hgnc_id': 'HGNC:15819', 'tag': 'CAGE_supported_TSS,basic,Ensembl_canonical,MANE_Select,appris_principal_1,CCDS', 'ccdsid': 'CCDS7412.1', 'havana_gene': 'OTTHUMG00000018734.1_1', 'havana_transcript': 'OTTHUMT00000049357.1_1', 'remap_original_location': 'chr10:-:90918865-90918972', 'remap_status': 'full_contig108', 'feature': 'CDS', 'feature_coordinates': 'chr10:92678622-92678729', 'probegroup': 'ANKRD1', 'offset_coordinates': 'chr10:92678596-92678754', 'five_prime_bases': 79, 'three_prime_bases': 371, 'region_id': 'chr10:92678543-92679100'}","{'GRAPES2': None, 'CNVKIT': None, 'DECON': '7.79', 'GATK_GCNV': None}",False,7.79,,,,,0.9197574584894127,False
15892492,15892569,chr16,DUP,RB38580,1,1,0,0,0,42.30769230769231,1.0,77,"{'ID': 'CDS:ENST00000300036.6', 'Parent': 'ENST00000300036.6', 'gene_id': 'ENSG00000133392.18_1', 'transcript_id': 'ENST00000300036.6_1', 'gene_type': 'protein_coding', 'gene_name': 'MYH11', 'transcript_type': 'protein_coding', 'transcript_name': 'MYH11-201', 'exon_number': '4', 'exon_id': 'ENSE00003478662.1', 'level': '2', 'protein_id': 'ENSP00000300036.5', 'transcript_support_level': '1', 'hgnc_id': 'HGNC:7569', 'tag': 'CAGE_supported_TSS,basic,Ensembl_canonical,MANE_Select,CCDS', 'ccdsid': 'CCDS10565.1', 'havana_gene': 'OTTHUMG00000129935.9_1', 'havana_transcript': 'OTTHUMT00000252192.6_1', 'remap_original_location': 'chr16:-:15798660-15798687', 'remap_status': 'full_contig28', 'feature': 'CDS', 'feature_coordinates': 'chr16:15892517-15892544', 'probegroup': 'MYH11', 'offset_coordinates': 'chr16:15892491-15892569', 'five_prime_bases': 83, 'three_prime_bases': 82, 'region_id': 'chr16:15892434-15892626'}","{'GRAPES2': None, 'CNVKIT': None, 'DECON': '3.09', 'GATK_GCNV': None}",False,3.09,,,,,0.9197574584894127,False
155771449,155771737,chr5,DUP,RB38143,1,0,1,0,0,47.75086505190311,1.0,288,"{'ID': 'CDS:ENST00000337851.9', 'Parent': 'ENST00000337851.9', 'gene_id': 'ENSG00000170624.14_1', 'transcript_id': 'ENST00000337851.9_1', 'gene_type': 'protein_coding', 'gene_name': 'SGCD', 'transcript_type': 'protein_coding', 'transcript_name': 'SGCD-201', 'exon_number': '3', 'exon_id': 'ENSE00003757279.1', 'level': '2', 'protein_id': 'ENSP00000338343.4', 'transcript_support_level': '1', 'hgnc_id': 'HGNC:10807', 'tag': 'basic,Ensembl_canonical,MANE_Select,appris_principal_4,CCDS', 'ccdsid': 'CCDS47325.1', 'havana_gene': 'OTTHUMG00000163445.4_1', 'havana_transcript': 'OTTHUMT00000373470.2_1', 'remap_original_location': 'chr5:+:156344489-156344677', 'remap_status': 'full_contig189', 'feature': 'CDS', 'feature_coordinates': 'chr5:155771499-155771687', 'probegroup': 'SGCD', 'offset_coordinates': 'chr5:155771473-155771712', 'five_prime_bases': 27, 'three_prime_bases': 25, 'region_id': 'chr5:155771472-155771712'}","{'GRAPES2': None, 'CNVKIT': None, 'DECON': None, 'GATK_GCNV': '11.93'}",False,,11.93,,,,0.781010038217756,False
155771473,156186451,chr5,DUP,RB38143,7,1,1,0,1,38.97329744396704,0.16021108834131254,414978,"{'ID': 'CDS:ENST00000337851.9', 'Parent': 'ENST00000337851.9', 'gene_id': 'ENSG00000170624.14_1', 'transcript_id': 'ENST00000337851.9_1', 'gene_type': 'protein_coding', 'gene_name': 'SGCD', 'transcript_type': 'protein_coding', 'transcript_name': 'SGCD-201', 'exon_number': '3', 'exon_id': 'ENSE00003757279.1', 'level': '2', 'protein_id': 'ENSP00000338343.4', 'transcript_support_level': '1', 'hgnc_id': 'HGNC:10807', 'tag': 'basic,Ensembl_canonical,MANE_Select,appris_principal_4,CCDS', 'ccdsid': 'CCDS47325.1', 'havana_gene': 'OTTHUMG00000163445.4_1', 'havana_transcript': 'OTTHUMT00000373470.2_1', 'remap_original_location': 'chr5:+:156344489-156344677', 'remap_status': 'full_contig189', 'feature': 'CDS', 'feature_coordinates': 'chr5:155771499-155771687', 'probegroup': 'SGCD', 'offset_coordinates': 'chr5:155771473-155771712', 'five_prime_bases': 27, 'three_prime_bases': 25, 'region_id': 'chr5:155771472-155771712'}","{'GRAPES2': '0.994', 'CNVKIT': None, 'DECON': '46.2', 'GATK_GCNV': '88.52'}",True,46.2,88.52,,0.994,in_silico,0.781010038217756,False
114803920,114832748,chr12,DEL,RB38143,3,1,1,0,0,43.70599049568143,0.2243823041754385,28828,"{'ID': 'CDS:ENST00000405440.7', 'Parent': 'ENST00000405440.7', 'gene_id': 'ENSG00000089225.20_1', 'transcript_id': 'ENST00000405440.7_1', 'gene_type': 'protein_coding', 'gene_name': 'TBX5', 'transcript_type': 'protein_coding', 'transcript_name': 'TBX5-203', 'exon_number': '8', 'exon_id': 'ENSE00000835004.1', 'level': '1', 'protein_id': 'ENSP00000384152.3', 'transcript_support_level': '1', 'hgnc_id': 'HGNC:11604', 'tag': 'alternative_5_UTR,basic,Ensembl_canonical,MANE_Select,appris_principal_1,exp_conf,CCDS', 'ccdsid': 'CCDS9173.1', 'havana_gene': 'OTTHUMG00000166191.3_1', 'havana_transcript': 'OTTHUMT00000388295.1_1', 'remap_original_location': 'chr12:-:114366165-114366391', 'remap_status': 'full_contig227', 'feature': 'CDS', 'feature_coordinates': 'chr12:114803970-114804196', 'probegroup': 'TBX5', 'offset_coordinates': 'chr12:114803944-114804221', 'five_prime_bases': 102, 'three_prime_bases': 32, 'region_id': 'chr12:114803868-114804228'}","{'GRAPES2': None, 'CNVKIT': None, 'DECON': '15.2', 'GATK_GCNV': '227.66'}",True,15.2,227.66,,,in_silico,0.781010038217756,False
50625233,50625414,chr14,DEL,RB38143,1,1,1,0,1,30.21978021978022,1.0,181,"{'ID': 'CDS:ENST00000216373.10', 'Parent': 'ENST00000216373.10', 'gene_id': 'ENSG00000100485.12_1', 'transcript_id': 'ENST00000216373.10_1', 'gene_type': 'protein_coding', 'gene_name': 'SOS2', 'transcript_type': 'protein_coding', 'transcript_name': 'SOS2-201', 'exon_number': '11', 'exon_id': 'ENSE00003741626.1', 'level': '2', 'protein_id': 'ENSP00000216373.5', 'transcript_support_level': '1', 'hgnc_id': 'HGNC:11188', 'tag': 'basic,Ensembl_canonical,MANE_Select,appris_principal_1,CCDS', 'ccdsid': 'CCDS9697.1', 'havana_gene': 'OTTHUMG00000140292.5_1', 'havana_transcript': 'OTTHUMT00000276878.4_1', 'remap_original_location': 'chr14:-:50158565-50158646', 'remap_status': 'full_contig82', 'feature': 'CDS', 'feature_coordinates': 'chr14:50625283-50625364', 'probegroup': 'SOS2', 'offset_coordinates': 'chr14:50625257-50625389', 'five_prime_bases': 80, 'three_prime_bases': 79, 'region_id': 'chr14:50625203-50625443'}","{'GRAPES2': '0.864', 'CNVKIT': None, 'DECON': '7.85', 'GATK_GCNV': '84.80'}",False,7.85,84.80,,0.864,,0.781010038217756,False
78398942,78401754,chr1,DEL,RB38143,2,1,0,0,0,41.41485958051902,0.8,2812,"{'ID': 'CDS:ENST00000334785.12', 'Parent': 'ENST00000334785.12', 'gene_id': 'ENSG00000162614.19_1', 'transcript_id': 'ENST00000334785.12_1', 'gene_type': 'protein_coding', 'gene_name': 'NEXN', 'transcript_type': 'protein_coding', 'transcript_name': 'NEXN-202', 'exon_number': '10', 'exon_id': 'ENSE00003632010.1', 'level': '2', 'protein_id': 'ENSP00000333938.7', 'transcript_support_level': '1', 'hgnc_id': 'HGNC:29557', 'tag': 'basic,Ensembl_canonical,MANE_Select,appris_principal_3,CCDS', 'ccdsid': 'CCDS41351.1', 'havana_gene': 'OTTHUMG00000040533.4_1', 'havana_transcript': 'OTTHUMT00000097549.1_1', 'remap_original_location': 'chr1:+:77933282-77933479', 'remap_status': 'full_contig198', 'feature': 'CDS', 'feature_coordinates': 'chr1:78398967-78399164', 'probegroup': 'NEXN', 'offset_coordinates': 'chr1:78398941-78399189', 'five_prime_bases': 34, 'three_prime_bases': 33, 'region_id': 'chr1:78398933-78399197'}","{'GRAPES2': None, 'CNVKIT': None, 'DECON': '4.89', 'GATK_GCNV': None}",False,4.89,,,,,0.781010038217756,False
237655081,237655249,chr1,DEL,RB38143,1,1,0,0,0,29.585798816568047,1.0,168,"{'ID': 'CDS:ENST00000366574.7', 'Parent': 'ENST00000366574.7', 'gene_id': 'ENSG00000198626.18_1', 'transcript_id': 'ENST00000366574.7_1', 'gene_type': 'protein_coding', 'gene_name': 'RYR2', 'transcript_type': 'protein_coding', 'transcript_name': 'RYR2-201', 'exon_number': '18', 'exon_id': 'ENSE00001165684.1', 'level': '2', 'protein_id': 'ENSP00000355533.2', 'transcript_support_level': '1', 'hgnc_id': 'HGNC:10484', 'tag': 'non_canonical_conserved,basic,Ensembl_canonical,MANE_Select,appris_principal_1,CCDS', 'ccdsid': 'CCDS55691.1', 'havana_gene': 'OTTHUMG00000039543.5_1', 'havana_transcript': 'OTTHUMT00000095402.3_1', 'remap_original_location': 'chr1:+:237491806-237491924', 'remap_status': 'full_contig119', 'feature': 'CDS', 'feature_coordinates': 'chr1:237655106-237655224', 'probegroup': 'RYR2', 'offset_coordinates': 'chr1:237655080-237655249', 'five_prime_bases': 86, 'three_prime_bases': 84, 'region_id': 'chr1:237655020-237655308'}","{'GRAPES2': None, 'CNVKIT': None, 'DECON': '2.61', 'GATK_GCNV': None}",False,2.61,,,,,0.781010038217756,False
40401821,40402007,chr2,DEL,RB38143,2,1,0,0,0,26.737967914438503,1.0,186,"{'ID': 'CDS:ENST00000332839.8', 'Parent': 'ENST00000332839.8', 'gene_id': 'ENSG00000183023.18_1', 'transcript_id': 'ENST00000332839.8_1', 'gene_type': 'protein_coding', 'gene_name': 'SLC8A1', 'transcript_type': 'protein_coding', 'transcript_name': 'SLC8A1-201', 'exon_number': '5', 'exon_id': 'ENSE00002494453.1', 'level': '3', 'protein_id': 'ENSP00000332931.4', 'transcript_support_level': '1', 'hgnc_id': 'HGNC:11068', 'tag': 'basic,appris_principal_3,CCDS', 'ccdsid': 'CCDS1806.1', 'havana_gene': 'OTTHUMG00000102183.9_1', 'remap_original_location': 'chr2:-:40174706-40174720', 'remap_status': 'full_contig15', 'feature': 'CDS', 'feature_coordinates': 'chr2:40401846-40401860', 'probegroup': 'SLC8A1', 'offset_coordinates': 'chr2:40401820-40401885', 'five_prime_bases': 78, 'three_prime_bases': 197, 'region_id': 'chr2:40401768-40402057'}","{'GRAPES2': None, 'CNVKIT': None, 'DECON': '11.2', 'GATK_GCNV': None}",False,11.2,,,,,0.781010038217756,False
179519147,179519747,chr2,DEL,RB38143,3,1,0,0,0,39.10149750415973,0.361111,600,"{'ID': 'CDS:ENST00000589042.5', 'Parent': 'ENST00000589042.5', 'gene_id': 'ENSG00000155657.29_1', 'transcript_id': 'ENST00000589042.5_1', 'gene_type': 'protein_coding', 'gene_name': 'TTN', 'transcript_type': 'protein_coding', 'transcript_name': 'TTN-214', 'exon_number': '192', 'exon_id': 'ENSE00002836035.1', 'level': '1', 'protein_id': 'ENSP00000467141.1', 'transcript_support_level': '5', 'hgnc_id': 'HGNC:12403', 'tag': 'inferred_exon_combination,non_submitted_evidence,basic,Ensembl_canonical,MANE_Select,appris_principal_1,exp_conf,CCDS', 'ccdsid': 'CCDS59435.1', 'havana_gene': 'OTTHUMG00000154448.23_1', 'havana_transcript': 'OTTHUMT00000450680.3_1', 'remap_original_location': 'chr2:-:178654445-178654534', 'remap_status': 'full_contig90', 'feature': 'CDS', 'feature_coordinates': 'chr2:179519172-179519261', 'probegroup': 'TTN', 'offset_coordinates': 'chr2:179519146-179519286', 'five_prime_bases': 3284, 'three_prime_bases': 539, 'region_id': 'chr2:179515888-179519800'}","{'GRAPES2': None, 'CNVKIT': None, 'DECON': '17.7', 'GATK_GCNV': None}",False,17.7,,,,,0.781010038217756,False
179522974,179523303,chr2,DEL,RB38143,2,1,0,0,0,39.696969696969695,0.38888866666666666,329,"{'ID': 'CDS:ENST00000589042.5', 'Parent': 'ENST00000589042.5', 'gene_id': 'ENSG00000155657.29_1', 'transcript_id': 'ENST00000589042.5_1', 'gene_type': 'protein_coding', 'gene_name': 'TTN', 'transcript_type': 'protein_coding', 'transcript_name': 'TTN-214', 'exon_number': '185', 'exon_id': 'ENSE00002961719.1', 'level': '1', 'protein_id': 'ENSP00000467141.1', 'transcript_support_level': '5', 'hgnc_id': 'HGNC:12403', 'tag': 'inferred_exon_combination,non_submitted_evidence,basic,Ensembl_canonical,MANE_Select,appris_principal_1,exp_conf,CCDS', 'ccdsid': 'CCDS59435.1', 'havana_gene': 'OTTHUMG00000154448.23_1', 'havana_transcript': 'OTTHUMT00000450680.3_1', 'remap_original_location': 'chr2:-:178658272-178658355', 'remap_status': 'full_contig84', 'feature': 'CDS', 'feature_coordinates': 'chr2:179522999-179523082', 'probegroup': 'TTN', 'offset_coordinates': 'chr2:179522973-179523107', 'five_prime_bases': 853, 'three_prime_bases': 978, 'region_id': 'chr2:179522146-179524060'}","{'GRAPES2': None, 'CNVKIT': None, 'DECON': '4.51', 'GATK_GCNV': None}",False,4.51,,,,,0.781010038217756,False
179526844,179527368,chr2,DEL,RB38143,3,1,0,0,0,40.57142857142857,0.4166665,524,"{'ID': 'CDS:ENST00000589042.5', 'Parent': 'ENST00000589042.5', 'gene_id': 'ENSG00000155657.29_1', 'transcript_id': 'ENST00000589042.5_1', 'gene_type': 'protein_coding', 'gene_name': 'TTN', 'transcript_type': 'protein_coding', 'transcript_name': 'TTN-214', 'exon_number': '178', 'exon_id': 'ENSE00002852676.1', 'level': '1', 'protein_id': 'ENSP00000467141.1', 'transcript_support_level': '5', 'hgnc_id': 'HGNC:12403', 'tag': 'inferred_exon_combination,non_submitted_evidence,basic,Ensembl_canonical,MANE_Select,appris_principal_1,exp_conf,CCDS', 'ccdsid': 'CCDS59435.1', 'havana_gene': 'OTTHUMG00000154448.23_1', 'havana_transcript': 'OTTHUMT00000450680.3_1', 'remap_original_location': 'chr2:-:178662142-178662222', 'remap_status': 'full_contig81', 'feature': 'CDS', 'feature_coordinates': 'chr2:179526869-179526949', 'probegroup': 'TTN', 'offset_coordinates': 'chr2:179526843-179526974', 'five_prime_bases': 462, 'three_prime_bases': 1954, 'region_id': 'chr2:179526407-179528903'}","{'GRAPES2': None, 'CNVKIT': None, 'DECON': '21.7', 'GATK_GCNV': None}",False,21.7,,,,,0.781010038217756,False
179527968,179528101,chr2,DEL,RB38143,1,1,0,0,0,43.28358208955223,0.333333,133,"{'ID': 'CDS:ENST00000589042.5', 'Parent': 'ENST00000589042.5', 'gene_id': 'ENSG00000155657.29_1', 'transcript_id': 'ENST00000589042.5_1', 'gene_type': 'protein_coding', 'gene_name': 'TTN', 'transcript_type': 'protein_coding', 'transcript_name': 'TTN-214', 'exon_number': '173', 'exon_id': 'ENSE00002763838.1', 'level': '1', 'protein_id': 'ENSP00000467141.1', 'transcript_support_level': '5', 'hgnc_id': 'HGNC:12403', 'tag': 'inferred_exon_combination,non_submitted_evidence,basic,Ensembl_canonical,MANE_Select,appris_principal_1,exp_conf,CCDS', 'ccdsid': 'CCDS59435.1', 'havana_gene': 'OTTHUMG00000154448.23_1', 'havana_transcript': 'OTTHUMT00000450680.3_1', 'remap_original_location': 'chr2:-:178663266-178663349', 'remap_status': 'full_contig84', 'feature': 'CDS', 'feature_coordinates': 'chr2:179527993-179528076', 'probegroup': 'TTN', 'offset_coordinates': 'chr2:179527967-179528101', 'five_prime_bases': 1586, 'three_prime_bases': 827, 'region_id': 'chr2:179526407-179528903'}","{'GRAPES2': None, 'CNVKIT': None, 'DECON': '3.78', 'GATK_GCNV': None}",False,3.78,,,,,0.781010038217756,False
179561823,179561920,chr2,DEL,RB38143,1,1,0,0,0,30.612244897959183,1.0,97,"{'ID': 'CDS:ENST00000589042.5', 'Parent': 'ENST00000589042.5', 'gene_id': 'ENSG00000155657.29_1', 'transcript_id': 'ENST00000589042.5_1', 'gene_type': 'protein_coding', 'gene_name': 'TTN', 'transcript_type': 'protein_coding', 'transcript_name': 'TTN-214', 'exon_number': '113', 'exon_id': 'ENSE00003810688.1', 'level': '1', 'protein_id': 'ENSP00000467141.1', 'transcript_support_level': '5', 'hgnc_id': 'HGNC:12403', 'tag': 'inferred_exon_combination,non_submitted_evidence,basic,Ensembl_canonical,MANE_Select,appris_principal_1,exp_conf,CCDS', 'ccdsid': 'CCDS59435.1', 'havana_gene': 'OTTHUMG00000154448.23_1', 'havana_transcript': 'OTTHUMT00000450680.3_1', 'remap_original_location': 'chr2:-:178697121-178697168', 'remap_status': 'full_contig48', 'feature': 'CDS', 'feature_coordinates': 'chr2:179561848-179561895', 'probegroup': 'TTN', 'offset_coordinates': 'chr2:179561822-179561920', 'five_prime_bases': 85, 'three_prime_bases': 84, 'region_id': 'chr2:179561763-179561979'}","{'GRAPES2': None, 'CNVKIT': None, 'DECON': '2.93', 'GATK_GCNV': None}",False,2.93,,,,,0.781010038217756,False
141291964,141292088,chr3,DEL,RB38143,1,1,0,0,0,25.6,1.0,124,"{'ID': 'CDS:ENST00000286364.9', 'Parent': 'ENST00000286364.9', 'gene_id': 'ENSG00000155903.14_1', 'transcript_id': 'ENST00000286364.9_1', 'gene_type': 'protein_coding', 'gene_name': 'RASA2', 'transcript_type': 'protein_coding', 'transcript_name': 'RASA2-201', 'exon_number': '13', 'exon_id': 'ENSE00001023313.1', 'level': '2', 'protein_id': 'ENSP00000286364.3', 'transcript_support_level': '1', 'hgnc_id': 'HGNC:9872', 'tag': 'basic,Ensembl_canonical,MANE_Select,appris_principal_1,CCDS', 'ccdsid': 'CCDS3117.1', 'havana_gene': 'OTTHUMG00000160221.5_1', 'havana_transcript': 'OTTHUMT00000359711.4_1', 'remap_original_location': 'chr3:+:141573147-141573221', 'remap_status': 'full_contig75', 'feature': 'CDS', 'feature_coordinates': 'chr3:141291989-141292063', 'probegroup': 'RASA2', 'offset_coordinates': 'chr3:141291963-141292088', 'five_prime_bases': 84, 'three_prime_bases': 82, 'region_id': 'chr3:141291905-141292145'}","{'GRAPES2': None, 'CNVKIT': None, 'DECON': '3.8', 'GATK_GCNV': None}",False,3.8,,,,,0.781010038217756,False
141326495,141326627,chr3,DEL,RB38143,1,1,0,0,0,27.06766917293233,1.0,132,"{'ID': 'CDS:ENST00000286364.9', 'Parent': 'ENST00000286364.9', 'gene_id': 'ENSG00000155903.14_1', 'transcript_id': 'ENST00000286364.9_1', 'gene_type': 'protein_coding', 'gene_name': 'RASA2', 'transcript_type': 'protein_coding', 'transcript_name': 'RASA2-201', 'exon_number': '20', 'exon_id': 'ENSE00003619180.1', 'level': '2', 'protein_id': 'ENSP00000286364.3', 'transcript_support_level': '1', 'hgnc_id': 'HGNC:9872', 'tag': 'basic,Ensembl_canonical,MANE_Select,appris_principal_1,CCDS', 'ccdsid': 'CCDS3117.1', 'havana_gene': 'OTTHUMG00000160221.5_1', 'havana_transcript': 'OTTHUMT00000359711.4_1', 'remap_original_location': 'chr3:+:141607678-141607760', 'remap_status': 'full_contig83', 'feature': 'CDS', 'feature_coordinates': 'chr3:141326520-141326602', 'probegroup': 'RASA2', 'offset_coordinates': 'chr3:141326494-141326627', 'five_prime_bases': 99, 'three_prime_bases': 83, 'region_id': 'chr3:141326421-141326685'}","{'GRAPES2': None, 'CNVKIT': None, 'DECON': '2.66', 'GATK_GCNV': None}",False,2.66,,,,,0.781010038217756,False
65240865,65240966,chr4,DEL,RB38143,1,1,0,0,0,26.47058823529412,1.0,101,"{'ID': 'CDS:ENST00000381210.8', 'Parent': 'ENST00000381210.8', 'gene_id': 'ENSG00000205678.8_1', 'transcript_id': 'ENST00000381210.8_1', 'gene_type': 'protein_coding', 'gene_name': 'TECRL', 'transcript_type': 'protein_coding', 'transcript_name': 'TECRL-201', 'exon_number': '2', 'exon_id': 'ENSE00003549748.1', 'level': '2', 'protein_id': 'ENSP00000370607.3', 'transcript_support_level': '1', 'hgnc_id': 'HGNC:27365', 'tag': 'basic,Ensembl_canonical,MANE_Select,appris_principal_1,CCDS', 'ccdsid': 'CCDS33990.1', 'havana_gene': 'OTTHUMG00000160680.8_1', 'havana_transcript': 'OTTHUMT00000361705.5_1', 'remap_original_location': 'chr4:-:64375172-64375223', 'remap_status': 'full_contig52', 'feature': 'CDS', 'feature_coordinates': 'chr4:65240890-65240941', 'probegroup': 'TECRL', 'offset_coordinates': 'chr4:65240864-65240966', 'five_prime_bases': 83, 'three_prime_bases': 82, 'region_id': 'chr4:65240807-65241023'}","{'GRAPES2': None, 'CNVKIT': None, 'DECON': '2.69', 'GATK_GCNV': None}",False,2.69,,,,,0.781010038217756,False
86665604,86665742,chr5,DUP,RB38143,1,1,0,0,1,31.654676258992804,1.0,138,"{'ID': 'CDS:ENST00000274376.11', 'Parent': 'ENST00000274376.11', 'gene_id': 'ENSG00000145715.15_1', 'transcript_id': 'ENST00000274376.11_1', 'gene_type': 'protein_coding', 'gene_name': 'RASA1', 'transcript_type': 'protein_coding', 'transcript_name': 'RASA1-201', 'exon_number': '12', 'exon_id': 'ENSE00003510021.1', 'level': '2', 'protein_id': 'ENSP00000274376.6', 'transcript_support_level': '1', 'hgnc_id': 'HGNC:9871', 'tag': 'basic,Ensembl_canonical,MANE_Select,appris_principal_3,CCDS', 'ccdsid': 'CCDS34200.1', 'havana_gene': 'OTTHUMG00000162605.3_1', 'havana_transcript': 'OTTHUMT00000369729.2_1', 'remap_original_location': 'chr5:+:87369813-87369900', 'remap_status': 'full_contig88', 'feature': 'CDS', 'feature_coordinates': 'chr5:86665630-86665717', 'probegroup': 'RASA1', 'offset_coordinates': 'chr5:86665604-86665742', 'five_prime_bases': 77, 'three_prime_bases': 76, 'region_id': 'chr5:86665553-86665793'}","{'GRAPES2': '0.234', 'CNVKIT': None, 'DECON': '6.51', 'GATK_GCNV': None}",False,6.51,,,0.234,,0.781010038217756,False
121406164,121406309,chr5,DEL,RB38143,1,1,0,0,0,32.87671232876712,1.0,145,"{'ID': 'CDS:ENST00000231004.5', 'Parent': 'ENST00000231004.5', 'gene_id': 'ENSG00000113083.15_1', 'transcript_id': 'ENST00000231004.5_1', 'gene_type': 'protein_coding', 'gene_name': 'LOX', 'transcript_type': 'protein_coding', 'transcript_name': 'LOX-201', 'exon_number': '5', 'exon_id': 'ENSE00003693101.1', 'level': '2', 'protein_id': 'ENSP00000231004.4', 'transcript_support_level': '1', 'hgnc_id': 'HGNC:6664', 'tag': 'basic,Ensembl_canonical,MANE_Select,appris_principal_1,CCDS', 'ccdsid': 'CCDS4129.1', 'havana_gene': 'OTTHUMG00000128914.3_1', 'havana_transcript': 'OTTHUMT00000250887.3_1', 'remap_original_location': 'chr5:-:122070494-122070589', 'remap_status': 'full_contig96', 'feature': 'CDS', 'feature_coordinates': 'chr5:121406189-121406284', 'probegroup': 'LOX', 'offset_coordinates': 'chr5:121406163-121406309', 'five_prime_bases': 85, 'three_prime_bases': 84, 'region_id': 'chr5:121406104-121406368'}","{'GRAPES2': None, 'CNVKIT': None, 'DECON': '4.34', 'GATK_GCNV': None}",False,4.34,,,,,0.781010038217756,False
75848011,75848081,chr6,DEL,RB38143,1,1,0,0,0,29.577464788732392,1.0,70,"{'ID': 'CDS:ENST00000322507.13', 'Parent': 'ENST00000322507.13', 'gene_id': 'ENSG00000111799.22_1', 'transcript_id': 'ENST00000322507.13_1', 'gene_type': 'protein_coding', 'gene_name': 'COL12A1', 'transcript_type': 'protein_coding', 'transcript_name': 'COL12A1-201', 'exon_number': '30', 'exon_id': 'ENSE00002226533.1', 'level': '2', 'protein_id': 'ENSP00000325146.8', 'transcript_support_level': '1', 'hgnc_id': 'HGNC:2188', 'tag': 'basic,Ensembl_canonical,MANE_Select,appris_principal_2,CCDS', 'ccdsid': 'CCDS43482.1', 'havana_gene': 'OTTHUMG00000015051.8_1', 'havana_transcript': 'OTTHUMT00000041249.4_1', 'remap_original_location': 'chr6:-:75138320-75138340', 'remap_status': 'full_contig21', 'feature': 'CDS', 'feature_coordinates': 'chr6:75848036-75848056', 'probegroup': 'COL12A1', 'offset_coordinates': 'chr6:75848010-75848081', 'five_prime_bases': 75, 'three_prime_bases': 695, 'region_id': 'chr6:75847961-75848751'}","{'GRAPES2': None, 'CNVKIT': None, 'DECON': '3.88', 'GATK_GCNV': None}",False,3.88,,,,,0.781010038217756,False
123542607,123542692,chr6,DEL,RB38143,1,1,0,0,0,29.069767441860467,1.0,85,"{'ID': 'CDS:ENST00000334268.9', 'Parent': 'ENST00000334268.9', 'gene_id': 'ENSG00000186439.14_1', 'transcript_id': 'ENST00000334268.9_1', 'gene_type': 'protein_coding', 'gene_name': 'TRDN', 'transcript_type': 'protein_coding', 'transcript_name': 'TRDN-201', 'exon_number': '40', 'exon_id': 'ENSE00001403767.1', 'level': '2', 'protein_id': 'ENSP00000333984.5', 'transcript_support_level': '1', 'hgnc_id': 'HGNC:12261', 'tag': 'CAGE_supported_TSS,basic,Ensembl_canonical,MANE_Select,appris_principal_3,CCDS', 'ccdsid': 'CCDS55053.1', 'havana_gene': 'OTTHUMG00000015497.4_1', 'havana_transcript': 'OTTHUMT00000042050.3_1', 'remap_original_location': 'chr6:-:123221487-123221522', 'remap_status': 'full_contig36', 'feature': 'CDS', 'feature_coordinates': 'chr6:123542632-123542667', 'probegroup': 'TRDN', 'offset_coordinates': 'chr6:123542606-123542692', 'five_prime_bases': 79, 'three_prime_bases': 78, 'region_id': 'chr6:123542553-123542745'}","{'GRAPES2': None, 'CNVKIT': None, 'DECON': '2.82', 'GATK_GCNV': None}",False,2.82,,,,,0.781010038217756,False
123580744,123586508,chr6,DEL,RB38143,3,1,0,0,0,33.30442324371206,1.0,5764,"{'ID': 'CDS:ENST00000334268.9', 'Parent': 'ENST00000334268.9', 'gene_id': 'ENSG00000186439.14_1', 'transcript_id': 'ENST00000334268.9_1', 'gene_type': 'protein_coding', 'gene_name': 'TRDN', 'transcript_type': 'protein_coding', 'transcript_name': 'TRDN-201', 'exon_number': '35', 'exon_id': 'ENSE00001006458.1', 'level': '2', 'protein_id': 'ENSP00000333984.5', 'transcript_support_level': '1', 'hgnc_id': 'HGNC:12261', 'tag': 'CAGE_supported_TSS,basic,Ensembl_canonical,MANE_Select,appris_principal_3,CCDS', 'ccdsid': 'CCDS55053.1', 'havana_gene': 'OTTHUMG00000015497.4_1', 'havana_transcript': 'OTTHUMT00000042050.3_1', 'remap_original_location': 'chr6:-:123259624-123259662', 'remap_status': 'full_contig39', 'feature': 'CDS', 'feature_coordinates': 'chr6:123580769-123580807', 'probegroup': 'TRDN', 'offset_coordinates': 'chr6:123580743-123580832', 'five_prime_bases': 78, 'three_prime_bases': 76, 'region_id': 'chr6:123580691-123580883'}","{'GRAPES2': None, 'CNVKIT': None, 'DECON': '7.17', 'GATK_GCNV': None}",False,7.17,,,,,0.781010038217756,False
91706144,91706346,chr7,DEL,RB38143,1,1,0,0,0,26.60098522167488,1.0,202,"{'ID': 'CDS:ENST00000356239.8', 'Parent': 'ENST00000356239.8', 'gene_id': 'ENSG00000127914.19_1', 'transcript_id': 'ENST00000356239.8_1', 'gene_type': 'protein_coding', 'gene_name': 'AKAP9', 'transcript_type': 'protein_coding', 'transcript_name': 'AKAP9-201', 'exon_number': '29', 'exon_id': 'ENSE00002432222.1', 'level': '2', 'protein_id': 'ENSP00000348573.3', 'transcript_support_level': '1', 'hgnc_id': 'HGNC:379', 'tag': 'CAGE_supported_TSS,basic,Ensembl_canonical,MANE_Select,appris_principal_2,CCDS', 'ccdsid': 'CCDS5622.1', 'havana_gene': 'OTTHUMG00000131127.6_1', 'havana_transcript': 'OTTHUMT00000253808.3_1', 'remap_original_location': 'chr7:+:92076855-92077007', 'remap_status': 'full_contig153', 'feature': 'CDS', 'feature_coordinates': 'chr7:91706169-91706321', 'probegroup': 'AKAP9', 'offset_coordinates': 'chr7:91706143-91706346', 'five_prime_bases': 81, 'three_prime_bases': 79, 'region_id': 'chr7:91706088-91706400'}","{'GRAPES2': None, 'CNVKIT': None, 'DECON': '4.04', 'GATK_GCNV': None}",False,4.04,,,,,0.781010038217756,False
151267232,151267336,chr7,DEL,RB38143,1,1,0,0,0,26.666666666666668,1.0,104,"{'ID': 'CDS:ENST00000287878.9', 'Parent': 'ENST00000287878.9', 'gene_id': 'ENSG00000106617.15_1', 'transcript_id': 'ENST00000287878.9_1', 'gene_type': 'protein_coding', 'gene_name': 'PRKAG2', 'transcript_type': 'protein_coding', 'transcript_name': 'PRKAG2-201', 'exon_number': '10', 'exon_id': 'ENSE00003490630.1', 'level': '2', 'protein_id': 'ENSP00000287878.3', 'transcript_support_level': '1', 'hgnc_id': 'HGNC:9386', 'tag': 'CAGE_supported_TSS,basic,Ensembl_canonical,MANE_Select,appris_principal_3,CCDS', 'ccdsid': 'CCDS5928.1', 'havana_gene': 'OTTHUMG00000157324.26_1', 'havana_transcript': 'OTTHUMT00000348440.4_1', 'remap_original_location': 'chr7:-:151570171-151570225', 'remap_status': 'full_contig55', 'feature': 'CDS', 'feature_coordinates': 'chr7:151267257-151267311', 'probegroup': 'PRKAG2', 'offset_coordinates': 'chr7:151267231-151267336', 'five_prime_bases': 82, 'three_prime_bases': 80, 'region_id': 'chr7:151267175-151267391'}","{'GRAPES2': None, 'CNVKIT': None, 'DECON': '3.42', 'GATK_GCNV': None}",False,3.42,,,,,0.781010038217756,False
68940050,69366832,chr10,DUP,RB38143,5,1,0,0,0,36.88970741571244,0.16554979760901434,426782,"{'ID': 'CDS:ENST00000433211.7', 'Parent': 'ENST00000433211.7', 'gene_id': 'ENSG00000183230.18_1', 'transcript_id': 'ENST00000433211.7_1', 'gene_type': 'protein_coding', 'gene_name': 'CTNNA3', 'transcript_type': 'protein_coding', 'transcript_name': 'CTNNA3-203', 'exon_number': '7', 'exon_id': 'ENSE00001290145.1', 'level': '2', 'protein_id': 'ENSP00000389714.1', 'transcript_support_level': '1', 'hgnc_id': 'HGNC:2511', 'tag': 'basic,Ensembl_canonical,MANE_Select,appris_principal_1,CCDS', 'ccdsid': 'CCDS7269.1', 'havana_gene': 'OTTHUMG00000018334.8_1', 'havana_transcript': 'OTTHUMT00000048282.3_1', 'remap_original_location': 'chr10:-:67180317-67180520', 'remap_status': 'full_contig204', 'feature': 'CDS', 'feature_coordinates': 'chr10:68940075-68940278', 'probegroup': 'CTNNA3', 'offset_coordinates': 'chr10:68940049-68940303', 'five_prime_bases': 31, 'three_prime_bases': 30, 'region_id': 'chr10:68940044-68940308'}","{'GRAPES2': None, 'CNVKIT': None, 'DECON': '16.2', 'GATK_GCNV': None}",False,16.2,,,,,0.781010038217756,False
112884055,112893892,chr12,DEL,RB38143,5,1,0,0,0,41.9394185810124,0.4317476534482759,9837,"{'ID': 'CDS:ENST00000351677.7', 'Parent': 'ENST00000351677.7', 'gene_id': 'ENSG00000179295.19_1', 'transcript_id': 'ENST00000351677.7_1', 'gene_type': 'protein_coding', 'gene_name': 'PTPN11', 'transcript_type': 'protein_coding', 'transcript_name': 'PTPN11-201', 'exon_number': '2', 'exon_id': 'ENSE00000834910.1', 'level': '2', 'protein_id': 'ENSP00000340944.3', 'transcript_support_level': '1', 'hgnc_id': 'HGNC:9644', 'tag': 'basic,Ensembl_canonical,MANE_Select,appris_principal_3,CCDS', 'ccdsid': 'CCDS9163.1', 'havana_gene': 'OTTHUMG00000134334.4_1', 'havana_transcript': 'OTTHUMT00000259496.2_1', 'remap_original_location': 'chr12:+:112446276-112446398', 'remap_status': 'full_contig123', 'feature': 'CDS', 'feature_coordinates': 'chr12:112884080-112884202', 'probegroup': 'PTPN11', 'offset_coordinates': 'chr12:112884054-112884227', 'five_prime_bases': 84, 'three_prime_bases': 82, 'region_id': 'chr12:112883996-112884284'}","{'GRAPES2': None, 'CNVKIT': None, 'DECON': '6.54', 'GATK_GCNV': None}",False,6.54,,,,,0.781010038217756,False
15892492,15892569,chr16,DEL,RB38143,1,1,0,0,0,42.30769230769231,1.0,77,"{'ID': 'CDS:ENST00000300036.6', 'Parent': 'ENST00000300036.6', 'gene_id': 'ENSG00000133392.18_1', 'transcript_id': 'ENST00000300036.6_1', 'gene_type': 'protein_coding', 'gene_name': 'MYH11', 'transcript_type': 'protein_coding', 'transcript_name': 'MYH11-201', 'exon_number': '4', 'exon_id': 'ENSE00003478662.1', 'level': '2', 'protein_id': 'ENSP00000300036.5', 'transcript_support_level': '1', 'hgnc_id': 'HGNC:7569', 'tag': 'CAGE_supported_TSS,basic,Ensembl_canonical,MANE_Select,CCDS', 'ccdsid': 'CCDS10565.1', 'havana_gene': 'OTTHUMG00000129935.9_1', 'havana_transcript': 'OTTHUMT00000252192.6_1', 'remap_original_location': 'chr16:-:15798660-15798687', 'remap_status': 'full_contig28', 'feature': 'CDS', 'feature_coordinates': 'chr16:15892517-15892544', 'probegroup': 'MYH11', 'offset_coordinates': 'chr16:15892491-15892569', 'five_prime_bases': 83, 'three_prime_bases': 82, 'region_id': 'chr16:15892434-15892626'}","{'GRAPES2': None, 'CNVKIT': None, 'DECON': '2.78', 'GATK_GCNV': None}",False,2.78,,,,,0.781010038217756,False
30913374,30913885,chr16,DUP,RB38143,1,1,0,0,0,80.6640625,1.0,511,"{'ID': 'CDS:ENST00000279804.3', 'Parent': 'ENST00000279804.3', 'gene_id': 'ENSG00000150281.7_1', 'transcript_id': 'ENST00000279804.3_1', 'gene_type': 'protein_coding', 'gene_name': 'CTF1', 'transcript_type': 'protein_coding', 'transcript_name': 'CTF1-201', 'exon_number': '3', 'exon_id': 'ENSE00001241259.3', 'level': '2', 'protein_id': 'ENSP00000279804.2', 'transcript_support_level': '1', 'hgnc_id': 'HGNC:2499', 'tag': 'basic,Ensembl_canonical,MANE_Select,appris_principal_3,CCDS', 'ccdsid': 'CCDS10694.1', 'havana_gene': 'OTTHUMG00000132413.2_1', 'havana_transcript': 'OTTHUMT00000255550.1_1', 'remap_original_location': 'chr16:+:30902078-30902539', 'remap_status': 'full_contig462', 'feature': 'CDS', 'feature_coordinates': 'chr16:30913399-30913860', 'probegroup': 'CTF1', 'offset_coordinates': 'chr16:30913373-30913885', 'five_prime_bases': 34, 'three_prime_bases': 33, 'region_id': 'chr16:30913365-30913893'}","{'GRAPES2': None, 'CNVKIT': None, 'DECON': '3.08', 'GATK_GCNV': None}",False,3.08,,,,,0.781010038217756,False
25756902,25757011,chr18,DUP,RB38143,1,1,0,0,0,76.36363636363637,1.0,109,"{'ID': 'CDS:ENST00000269141.8', 'Parent': 'ENST00000269141.8', 'gene_id': 'ENSG00000170558.10_1', 'transcript_id': 'ENST00000269141.8_1', 'gene_type': 'protein_coding', 'gene_name': 'CDH2', 'transcript_type': 'protein_coding', 'transcript_name': 'CDH2-201', 'exon_number': '1', 'exon_id': 'ENSE00001235868.5', 'level': '2', 'protein_id': 'ENSP00000269141.3', 'transcript_support_level': '1', 'hgnc_id': 'HGNC:1759', 'tag': 'basic,Ensembl_canonical,MANE_Select,appris_principal_1,CCDS', 'ccdsid': 'CCDS11891.1', 'havana_gene': 'OTTHUMG00000059940.12_1', 'havana_transcript': 'OTTHUMT00000133246.4_1', 'remap_original_location': 'chr18:-:28176963-28177022', 'remap_status': 'full_contig60', 'feature': 'CDS', 'feature_coordinates': 'chr18:25756927-25756986', 'probegroup': 'CDH2', 'offset_coordinates': 'chr18:25756901-25757011', 'five_prime_bases': 79, 'three_prime_bases': 78, 'region_id': 'chr18:25756848-25757064'}","{'GRAPES2': None, 'CNVKIT': None, 'DECON': '2.41', 'GATK_GCNV': None}",False,2.41,,,,,0.781010038217756,False
237941940,237942095,chr1,DUP,RB38143,1,0,0,0,1,50.0,1.0,155,"{'ID': 'CDS:ENST00000366574.7', 'Parent': 'ENST00000366574.7', 'gene_id': 'ENSG00000198626.18_1', 'transcript_id': 'ENST00000366574.7_1', 'gene_type': 'protein_coding', 'gene_name': 'RYR2', 'transcript_type': 'protein_coding', 'transcript_name': 'RYR2-201', 'exon_number': '88', 'exon_id': 'ENSE00003582754.1', 'level': '2', 'protein_id': 'ENSP00000355533.2', 'transcript_support_level': '1', 'hgnc_id': 'HGNC:10484', 'tag': 'non_canonical_conserved,basic,Ensembl_canonical,MANE_Select,appris_principal_1,CCDS', 'ccdsid': 'CCDS55691.1', 'havana_gene': 'OTTHUMG00000039543.5_1', 'havana_transcript': 'OTTHUMT00000095402.3_1', 'remap_original_location': 'chr1:+:237778666-237778770', 'remap_status': 'full_contig105', 'feature': 'CDS', 'feature_coordinates': 'chr1:237941966-237942070', 'probegroup': 'RYR2', 'offset_coordinates': 'chr1:237941940-237942095', 'five_prime_bases': 81, 'three_prime_bases': 79, 'region_id': 'chr1:237941885-237942149'}","{'GRAPES2': '0.779', 'CNVKIT': None, 'DECON': None, 'GATK_GCNV': None}",False,,,,0.779,,0.781010038217756,False
119604160,119604768,chr2,DUP,RB38143,1,0,0,0,1,74.71264367816092,1.0,608,"{'ID': 'CDS:ENST00000295206.7', 'Parent': 'ENST00000295206.7', 'gene_id': 'ENSG00000163064.7_1', 'transcript_id': 'ENST00000295206.7_1', 'gene_type': 'protein_coding', 'gene_name': 'EN1', 'transcript_type': 'protein_coding', 'transcript_name': 'EN1-201', 'exon_number': '1', 'exon_id': 'ENSE00001071267.3', 'level': '2', 'protein_id': 'ENSP00000295206.5', 'transcript_support_level': '2', 'hgnc_id': 'HGNC:3342', 'tag': 'not_organism_supported,basic,Ensembl_canonical,MANE_Select,appris_principal_1,CCDS', 'ccdsid': 'CCDS2123.1', 'havana_gene': 'OTTHUMG00000131401.4_1', 'havana_transcript': 'OTTHUMT00000254191.4_1', 'remap_original_location': 'chr2:-:118846306-118847167', 'remap_status': 'full_contig862', 'feature': 'CDS', 'feature_coordinates': 'chr2:119603882-119604743', 'probegroup': 'EN1', 'offset_coordinates': 'chr2:119603856-119604768', 'five_prime_bases': 26, 'three_prime_bases': 25, 'region_id': 'chr2:119603856-119604768'}","{'GRAPES2': '0.959', 'CNVKIT': None, 'DECON': None, 'GATK_GCNV': None}",False,,,,0.959,,0.781010038217756,False
92678596,92679050,chr10,DUP,RB38143,2,0,0,0,1,34.94505494505494,1.0,454,"{'ID': 'CDS:ENST00000371697.4', 'Parent': 'ENST00000371697.4', 'gene_id': 'ENSG00000148677.7_1', 'transcript_id': 'ENST00000371697.4_1', 'gene_type': 'protein_coding', 'gene_name': 'ANKRD1', 'transcript_type': 'protein_coding', 'transcript_name': 'ANKRD1-201', 'exon_number': '4', 'exon_id': 'ENSE00000986569.1', 'level': '2', 'protein_id': 'ENSP00000360762.3', 'transcript_support_level': '1', 'hgnc_id': 'HGNC:15819', 'tag': 'CAGE_supported_TSS,basic,Ensembl_canonical,MANE_Select,appris_principal_1,CCDS', 'ccdsid': 'CCDS7412.1', 'havana_gene': 'OTTHUMG00000018734.1_1', 'havana_transcript': 'OTTHUMT00000049357.1_1', 'remap_original_location': 'chr10:-:90918865-90918972', 'remap_status': 'full_contig108', 'feature': 'CDS', 'feature_coordinates': 'chr10:92678622-92678729', 'probegroup': 'ANKRD1', 'offset_coordinates': 'chr10:92678596-92678754', 'five_prime_bases': 79, 'three_prime_bases': 371, 'region_id': 'chr10:92678543-92679100'}","{'GRAPES2': '0.908', 'CNVKIT': None, 'DECON': None, 'GATK_GCNV': None}",False,,,,0.908,,0.781010038217756,False
49703842,49705423,chr19,DUP,RB38143,2,0,0,0,1,47.59797724399494,0.53019231,1581,"{'ID': 'CDS:ENST00000252826.10', 'Parent': 'ENST00000252826.10', 'gene_id': 'ENSG00000130529.16_1', 'transcript_id': 'ENST00000252826.10_1', 'gene_type': 'protein_coding', 'gene_name': 'TRPM4', 'transcript_type': 'protein_coding', 'transcript_name': 'TRPM4-201', 'exon_number': '19', 'exon_id': 'ENSE00003601525.1', 'level': '2', 'protein_id': 'ENSP00000252826.4', 'transcript_support_level': '1', 'hgnc_id': 'HGNC:17993', 'tag': 'basic,Ensembl_canonical,MANE_Select,appris_principal_1,CCDS', 'ccdsid': 'CCDS33073.1', 'havana_gene': 'OTTHUMG00000183184.7_1', 'havana_transcript': 'OTTHUMT00000465543.3_1', 'remap_original_location': 'chr19:+:49200611-49200785', 'remap_status': 'full_contig175', 'feature': 'CDS', 'feature_coordinates': 'chr19:49703868-49704042', 'probegroup': 'TRPM4', 'offset_coordinates': 'chr19:49703842-49704067', 'five_prime_bases': 390, 'three_prime_bases': 32, 'region_id': 'chr19:49703478-49704074'}","{'GRAPES2': '0.98', 'CNVKIT': None, 'DECON': None, 'GATK_GCNV': None}",False,,,,0.98,,0.781010038217756,False
31366647,31366776,chrX,DUP,RB38143,1,0,0,0,1,50.0,1.0,129,"{'ID': 'CDS:ENST00000357033.9', 'Parent': 'ENST00000357033.9', 'gene_id': 'ENSG00000198947.18_1', 'transcript_id': 'ENST00000357033.9_1', 'gene_type': 'protein_coding', 'gene_name': 'DMD', 'transcript_type': 'protein_coding', 'transcript_name': 'DMD-203', 'exon_number': '61', 'exon_id': 'ENSE00003637702.1', 'level': '2', 'protein_id': 'ENSP00000354923.3', 'transcript_support_level': '1', 'hgnc_id': 'HGNC:2928', 'tag': 'basic,Ensembl_canonical,MANE_Select,appris_principal_3,CCDS', 'ccdsid': 'CCDS14233.1', 'havana_gene': 'OTTHUMG00000021336.7_1', 'havana_transcript': 'OTTHUMT00000056182.2_1', 'remap_original_location': 'chrX:-:31348556-31348634', 'remap_status': 'full_contig79', 'feature': 'CDS', 'feature_coordinates': 'chrX:31366673-31366751', 'probegroup': 'DMD', 'offset_coordinates': 'chrX:31366647-31366776', 'five_prime_bases': 82, 'three_prime_bases': 80, 'region_id': 'chrX:31366591-31366831'}","{'GRAPES2': '0.934', 'CNVKIT': None, 'DECON': None, 'GATK_GCNV': None}",False,,,,0.934,,0.781010038217756,False
29011474,29022219,chr2,DUP,RB38570,3,0,1,0,0,39.028475711892796,0.29676918292682924,10745,"{'ID': 'CDS:ENST00000395366.3', 'Parent': 'ENST00000395366.3', 'gene_id': 'ENSG00000213639.10_1', 'transcript_id': 'ENST00000395366.3_1', 'gene_type': 'protein_coding', 'gene_name': 'PPP1CB', 'transcript_type': 'protein_coding', 'transcript_name': 'PPP1CB-203', 'exon_number': '6', 'exon_id': 'ENSE00003565520.1', 'level': '2', 'protein_id': 'ENSP00000378769.2', 'transcript_support_level': '1', 'hgnc_id': 'HGNC:9282', 'tag': 'basic,Ensembl_canonical,MANE_Select,appris_principal_1,CCDS', 'ccdsid': 'CCDS33169.1', 'havana_gene': 'OTTHUMG00000152011.6_1', 'havana_transcript': 'OTTHUMT00000324841.2_1', 'remap_original_location': 'chr2:+:28788658-28788809', 'remap_status': 'full_contig152', 'feature': 'CDS', 'feature_coordinates': 'chr2:29011524-29011675', 'probegroup': 'PPP1CB', 'offset_coordinates': 'chr2:29011498-29011700', 'five_prime_bases': 81, 'three_prime_bases': 80, 'region_id': 'chr2:29011443-29011755'}","{'GRAPES2': None, 'CNVKIT': None, 'DECON': None, 'GATK_GCNV': '6.70'}",False,,6.70,,,,0.8209182712355211,False
120057631,120085599,chr4,DEL,RB38570,4,1,1,0,1,34.91722979012478,0.6509259444444445,27968,"{'ID': 'CDS:ENST00000307128.6', 'Parent': 'ENST00000307128.6', 'gene_id': 'ENSG00000172399.6_1', 'transcript_id': 'ENST00000307128.6_1', 'gene_type': 'protein_coding', 'gene_name': 'MYOZ2', 'transcript_type': 'protein_coding', 'transcript_name': 'MYOZ2-201', 'exon_number': '2', 'exon_id': 'ENSE00001205678.1', 'level': '2', 'protein_id': 'ENSP00000306997.6', 'transcript_support_level': '1', 'hgnc_id': 'HGNC:1330', 'tag': 'basic,Ensembl_canonical,MANE_Select,appris_principal_1,CCDS', 'ccdsid': 'CCDS3711.1', 'havana_gene': 'OTTHUMG00000132968.2_1', 'havana_transcript': 'OTTHUMT00000256526.2_1', 'remap_original_location': 'chr4:+:119136526-119136601', 'remap_status': 'full_contig76', 'feature': 'CDS', 'feature_coordinates': 'chr4:120057681-120057756', 'probegroup': 'MYOZ2', 'offset_coordinates': 'chr4:120057655-120057781', 'five_prime_bases': 83, 'three_prime_bases': 82, 'region_id': 'chr4:120057598-120057838'}","{'GRAPES2': '0.976', 'CNVKIT': None, 'DECON': '27.7', 'GATK_GCNV': '153.20'}",True,27.7,153.20,,0.976,in_silico,0.8209182712355211,False
30058562,30066174,chr7,DUP,RB38570,3,1,1,0,1,37.61986076448181,0.5441849357142857,7612,"{'ID': 'CDS:ENST00000222803.10', 'Parent': 'ENST00000222803.10', 'gene_id': 'ENSG00000106080.11_1', 'transcript_id': 'ENST00000222803.10_1', 'gene_type': 'protein_coding', 'gene_name': 'FKBP14', 'transcript_type': 'protein_coding', 'transcript_name': 'FKBP14-201', 'exon_number': '3', 'exon_id': 'ENSE00003659198.1', 'level': '2', 'protein_id': 'ENSP00000222803.5', 'transcript_support_level': '1', 'hgnc_id': 'HGNC:18625', 'tag': 'basic,Ensembl_canonical,MANE_Select,appris_principal_1,CCDS', 'ccdsid': 'CCDS5423.1', 'havana_gene': 'OTTHUMG00000023442.4_1', 'havana_transcript': 'OTTHUMT00000214229.2_1', 'remap_original_location': 'chr7:-:30018996-30019123', 'remap_status': 'full_contig128', 'feature': 'CDS', 'feature_coordinates': 'chr7:30058612-30058739', 'probegroup': 'FKBP14', 'offset_coordinates': 'chr7:30058586-30058764', 'five_prime_bases': 81, 'three_prime_bases': 80, 'region_id': 'chr7:30058531-30058819'}","{'GRAPES2': '1.0', 'CNVKIT': None, 'DECON': '20.5', 'GATK_GCNV': '13.76'}",True,20.5,13.76,,1.0,in_silico,0.8209182712355211,False
116287424,116311187,chr1,DUP,RB38570,2,1,0,0,0,42.36660494866184,0.8333333333333334,23763,"{'ID': 'CDS:ENST00000261448.6', 'Parent': 'ENST00000261448.6', 'gene_id': 'ENSG00000118729.12_1', 'transcript_id': 'ENST00000261448.6_1', 'gene_type': 'protein_coding', 'gene_name': 'CASQ2', 'transcript_type': 'protein_coding', 'transcript_name': 'CASQ2-201', 'exon_number': '2', 'exon_id': 'ENSE00000800546.1', 'level': '2', 'protein_id': 'ENSP00000261448.5', 'transcript_support_level': '1', 'hgnc_id': 'HGNC:1513', 'tag': 'basic,Ensembl_canonical,MANE_Select,appris_principal_1,CCDS', 'ccdsid': 'CCDS884.1', 'havana_gene': 'OTTHUMG00000011970.1_1', 'havana_transcript': 'OTTHUMT00000033091.1_1', 'remap_original_location': 'chr1:-:115744828-115744912', 'remap_status': 'full_contig85', 'feature': 'CDS', 'feature_coordinates': 'chr1:116287449-116287533', 'probegroup': 'CASQ2', 'offset_coordinates': 'chr1:116287423-116287558', 'five_prime_bases': 79, 'three_prime_bases': 77, 'region_id': 'chr1:116287370-116287610'}","{'GRAPES2': None, 'CNVKIT': None, 'DECON': '3.28', 'GATK_GCNV': None}",False,3.28,,,,,0.8209182712355211,False
179518323,179518649,chr2,DUP,RB38570,2,1,0,0,0,41.59021406727829,0.333333,326,"{'ID': 'CDS:ENST00000589042.5', 'Parent': 'ENST00000589042.5', 'gene_id': 'ENSG00000155657.29_1', 'transcript_id': 'ENST00000589042.5_1', 'gene_type': 'protein_coding', 'gene_name': 'TTN', 'transcript_type': 'protein_coding', 'transcript_name': 'TTN-214', 'exon_number': '196', 'exon_id': 'ENSE00002750222.1', 'level': '1', 'protein_id': 'ENSP00000467141.1', 'transcript_support_level': '5', 'hgnc_id': 'HGNC:12403', 'tag': 'inferred_exon_combination,non_submitted_evidence,basic,Ensembl_canonical,MANE_Select,appris_principal_1,exp_conf,CCDS', 'ccdsid': 'CCDS59435.1', 'havana_gene': 'OTTHUMG00000154448.23_1', 'havana_transcript': 'OTTHUMT00000450680.3_1', 'remap_original_location': 'chr2:-:178653621-178653701', 'remap_status': 'full_contig81', 'feature': 'CDS', 'feature_coordinates': 'chr2:179518348-179518428', 'probegroup': 'TTN', 'offset_coordinates': 'chr2:179518322-179518453', 'five_prime_bases': 2460, 'three_prime_bases': 1372, 'region_id': 'chr2:179515888-179519800'}","{'GRAPES2': None, 'CNVKIT': None, 'DECON': '7.33', 'GATK_GCNV': None}",False,7.33,,,,,0.8209182712355211,False
179522199,179522519,chr2,DUP,RB38570,2,1,0,0,1,40.18691588785047,0.4166665,320,"{'ID': 'CDS:ENST00000589042.5', 'Parent': 'ENST00000589042.5', 'gene_id': 'ENSG00000155657.29_1', 'transcript_id': 'ENST00000589042.5_1', 'gene_type': 'protein_coding', 'gene_name': 'TTN', 'transcript_type': 'protein_coding', 'transcript_name': 'TTN-214', 'exon_number': '189', 'exon_id': 'ENSE00002949545.1', 'level': '1', 'protein_id': 'ENSP00000467141.1', 'transcript_support_level': '5', 'hgnc_id': 'HGNC:12403', 'tag': 'inferred_exon_combination,non_submitted_evidence,basic,Ensembl_canonical,MANE_Select,appris_principal_1,exp_conf,CCDS', 'ccdsid': 'CCDS59435.1', 'havana_gene': 'OTTHUMG00000154448.23_1', 'havana_transcript': 'OTTHUMT00000450680.3_1', 'remap_original_location': 'chr2:-:178657498-178657581', 'remap_status': 'full_contig84', 'feature': 'CDS', 'feature_coordinates': 'chr2:179522225-179522308', 'probegroup': 'TTN', 'offset_coordinates': 'chr2:179522199-179522333', 'five_prime_bases': 79, 'three_prime_bases': 1752, 'region_id': 'chr2:179522146-179524060'}","{'GRAPES2': '0.997', 'CNVKIT': None, 'DECON': '10.7', 'GATK_GCNV': None}",False,10.7,,,0.997,,0.8209182712355211,False
179523170,179523546,chr2,DUP,RB38570,2,1,0,0,0,44.827586206896555,0.333333,376,"{'ID': 'CDS:ENST00000589042.5', 'Parent': 'ENST00000589042.5', 'gene_id': 'ENSG00000155657.29_1', 'transcript_id': 'ENST00000589042.5_1', 'gene_type': 'protein_coding', 'gene_name': 'TTN', 'transcript_type': 'protein_coding', 'transcript_name': 'TTN-214', 'exon_number': '184', 'exon_id': 'ENSE00002940926.1', 'level': '1', 'protein_id': 'ENSP00000467141.1', 'transcript_support_level': '5', 'hgnc_id': 'HGNC:12403', 'tag': 'inferred_exon_combination,non_submitted_evidence,basic,Ensembl_canonical,MANE_Select,appris_principal_1,exp_conf,CCDS', 'ccdsid': 'CCDS59435.1', 'havana_gene': 'OTTHUMG00000154448.23_1', 'havana_transcript': 'OTTHUMT00000450680.3_1', 'remap_original_location': 'chr2:-:178658468-178658551', 'remap_status': 'full_contig84', 'feature': 'CDS', 'feature_coordinates': 'chr2:179523195-179523278', 'probegroup': 'TTN', 'offset_coordinates': 'chr2:179523169-179523303', 'five_prime_bases': 1049, 'three_prime_bases': 782, 'region_id': 'chr2:179522146-179524060'}","{'GRAPES2': None, 'CNVKIT': None, 'DECON': '7.5', 'GATK_GCNV': None}",False,7.5,,,,,0.8209182712355211,False
179526461,179527170,chr2,DEL,RB38570,4,1,0,0,0,40.0,0.4166665,709,"{'ID': 'CDS:ENST00000589042.5', 'Parent': 'ENST00000589042.5', 'gene_id': 'ENSG00000155657.29_1', 'transcript_id': 'ENST00000589042.5_1', 'gene_type': 'protein_coding', 'gene_name': 'TTN', 'transcript_type': 'protein_coding', 'transcript_name': 'TTN-214', 'exon_number': '180', 'exon_id': 'ENSE00002767327.1', 'level': '1', 'protein_id': 'ENSP00000467141.1', 'transcript_support_level': '5', 'hgnc_id': 'HGNC:12403', 'tag': 'inferred_exon_combination,non_submitted_evidence,basic,Ensembl_canonical,MANE_Select,appris_principal_1,exp_conf,CCDS', 'ccdsid': 'CCDS59435.1', 'havana_gene': 'OTTHUMG00000154448.23_1', 'havana_transcript': 'OTTHUMT00000450680.3_1', 'remap_original_location': 'chr2:-:178661759-178661842', 'remap_status': 'full_contig84', 'feature': 'CDS', 'feature_coordinates': 'chr2:179526486-179526569', 'probegroup': 'TTN', 'offset_coordinates': 'chr2:179526460-179526594', 'five_prime_bases': 79, 'three_prime_bases': 2334, 'region_id': 'chr2:179526407-179528903'}","{'GRAPES2': None, 'CNVKIT': None, 'DECON': '40', 'GATK_GCNV': None}",False,40,,,,,0.8209182712355211,False
76568594,76570837,chr6,DEL,RB38570,2,1,0,0,0,39.839572192513366,0.4490486722222222,2243,"{'ID': 'CDS:ENST00000369977.8', 'Parent': 'ENST00000369977.8', 'gene_id': 'ENSG00000196586.17_1', 'transcript_id': 'ENST00000369977.8_1', 'gene_type': 'protein_coding', 'gene_name': 'MYO6', 'transcript_type': 'protein_coding', 'transcript_name': 'MYO6-202', 'exon_number': '14', 'exon_id': 'ENSE00002166761.1', 'level': '2', 'protein_id': 'ENSP00000358994.3', 'transcript_support_level': '1', 'hgnc_id': 'HGNC:7605', 'tag': 'basic,Ensembl_canonical,MANE_Select,appris_principal_2,CCDS', 'ccdsid': 'CCDS34487.1', 'havana_gene': 'OTTHUMG00000015061.7_1', 'havana_transcript': 'OTTHUMT00000041279.3_1', 'remap_original_location': 'chr6:+:75858902-75858993', 'remap_status': 'full_contig92', 'feature': 'CDS', 'feature_coordinates': 'chr6:76568619-76568710', 'probegroup': 'MYO6', 'offset_coordinates': 'chr6:76568593-76568735', 'five_prime_bases': 75, 'three_prime_bases': 74, 'region_id': 'chr6:76568544-76568784'}","{'GRAPES2': None, 'CNVKIT': None, 'DECON': '3.82', 'GATK_GCNV': None}",False,3.82,,,,,0.8209182712355211,False
71650674,71650888,chr9,DUP,RB38570,1,1,0,0,0,74.88372093023256,1.0,214,"{'ID': 'CDS:ENST00000484259.3', 'Parent': 'ENST00000484259.3', 'gene_id': 'ENSG00000165060.15_1', 'transcript_id': 'ENST00000484259.3_1', 'gene_type': 'protein_coding', 'gene_name': 'FXN', 'transcript_type': 'protein_coding', 'transcript_name': 'FXN-203', 'exon_number': '1', 'exon_id': 'ENSE00003823277.2', 'level': '2', 'protein_id': 'ENSP00000419243.2', 'transcript_support_level': '3', 'hgnc_id': 'HGNC:3951', 'tag': 'basic,Ensembl_canonical,MANE_Select,appris_principal_1,CCDS', 'ccdsid': 'CCDS6626.1', 'havana_gene': 'OTTHUMG00000019977.12_1', 'havana_transcript': 'OTTHUMT00000496863.2_1', 'remap_original_location': 'chr9:+:69035783-69035947', 'remap_status': 'full_contig165', 'feature': 'CDS', 'feature_coordinates': 'chr9:71650699-71650863', 'probegroup': 'FXN', 'offset_coordinates': 'chr9:71650673-71650888', 'five_prime_bases': 75, 'three_prime_bases': 73, 'region_id': 'chr9:71650624-71650936'}","{'GRAPES2': None, 'CNVKIT': None, 'DECON': '3.27', 'GATK_GCNV': None}",False,3.27,,,,,0.8209182712355211,False
54031085,54032266,chr10,DEL,RB38570,2,1,0,0,0,35.95600676818951,1.0,1181,"{'ID': 'CDS:ENST00000373980.11', 'Parent': 'ENST00000373980.11', 'gene_id': 'ENSG00000185532.20_1', 'transcript_id': 'ENST00000373980.11_1', 'gene_type': 'protein_coding', 'gene_name': 'PRKG1', 'transcript_type': 'protein_coding', 'transcript_name': 'PRKG1-203', 'exon_number': '11', 'exon_id': 'ENSE00003230415.1', 'level': '2', 'protein_id': 'ENSP00000363092.5', 'transcript_support_level': '1', 'hgnc_id': 'HGNC:9414', 'tag': 'dotter_confirmed,basic,Ensembl_canonical,MANE_Select,CCDS', 'ccdsid': 'CCDS7244.1', 'havana_gene': 'OTTHUMG00000018248.15_1', 'havana_transcript': 'OTTHUMT00000496473.2_1', 'remap_original_location': 'chr10:+:52271350-52271489', 'remap_status': 'full_contig140', 'feature': 'CDS', 'feature_coordinates': 'chr10:54031110-54031249', 'probegroup': 'PRKG1', 'offset_coordinates': 'chr10:54031084-54031274', 'five_prime_bases': 75, 'three_prime_bases': 74, 'region_id': 'chr10:54031035-54031323'}","{'GRAPES2': None, 'CNVKIT': None, 'DECON': '5.91', 'GATK_GCNV': None}",False,5.91,,,,,0.8209182712355211,False
111348856,111349004,chr12,DEL,RB38570,1,1,0,0,0,59.73154362416108,1.0,148,"{'ID': 'CDS:ENST00000228841.15', 'Parent': 'ENST00000228841.15', 'gene_id': 'ENSG00000111245.17_1', 'transcript_id': 'ENST00000228841.15_1', 'gene_type': 'protein_coding', 'gene_name': 'MYL2', 'transcript_type': 'protein_coding', 'transcript_name': 'MYL2-201', 'exon_number': '7', 'exon_id': 'ENSE00003896317.2', 'level': '2', 'protein_id': 'ENSP00000228841.8', 'transcript_support_level': '1', 'hgnc_id': 'HGNC:7583', 'tag': 'basic,Ensembl_canonical,MANE_Select,appris_principal_1,CCDS', 'ccdsid': 'CCDS31901.1', 'havana_gene': 'OTTHUMG00000169535.5_1', 'havana_transcript': 'OTTHUMT00000404677.4_1', 'remap_original_location': 'chr12:-:110911077-110911175', 'remap_status': 'full_contig99', 'feature': 'CDS', 'feature_coordinates': 'chr12:111348881-111348979', 'probegroup': 'MYL2', 'offset_coordinates': 'chr12:111348855-111349004', 'five_prime_bases': 84, 'three_prime_bases': 82, 'region_id': 'chr12:111348797-111349061'}","{'GRAPES2': None, 'CNVKIT': None, 'DECON': '3.67', 'GATK_GCNV': None}",False,3.67,,,,,0.8209182712355211,False
30114180,30114256,chr15,DUP,RB38570,1,1,0,0,0,74.02597402597402,1.0,76,"{'ID': 'CDS:ENST00000614355.5', 'Parent': 'ENST00000614355.5', 'gene_id': 'ENSG00000104067.17_1', 'transcript_id': 'ENST00000614355.5_1', 'gene_type': 'protein_coding', 'gene_name': 'TJP1', 'transcript_type': 'protein_coding', 'transcript_name': 'TJP1-211', 'exon_number': '1', 'exon_id': 'ENSE00003718880.2', 'level': '2', 'protein_id': 'ENSP00000483470.2', 'transcript_support_level': '5', 'hgnc_id': 'HGNC:11827', 'tag': 'CAGE_supported_TSS,basic,Ensembl_canonical,MANE_Select,appris_alternative_2,CCDS', 'ccdsid': 'CCDS81858.1', 'havana_gene': 'OTTHUMG00000137397.7_1', 'havana_transcript': 'OTTHUMT00000417263.1_1', 'remap_original_location': 'chr15:-:29822002-29822028', 'remap_status': 'full_contig27', 'feature': 'CDS', 'feature_coordinates': 'chr15:30114205-30114231', 'probegroup': 'TJP1', 'offset_coordinates': 'chr15:30114179-30114256', 'five_prime_bases': 84, 'three_prime_bases': 82, 'region_id': 'chr15:30114121-30114313'}","{'GRAPES2': None, 'CNVKIT': None, 'DECON': '2.62', 'GATK_GCNV': None}",False,2.62,,,,,0.8209182712355211,False
3067235,3071912,chr18,DUP,RB38570,2,1,0,0,0,42.26165027789654,0.70833325,4677,"{'ID': 'CDS:ENST00000356443.9', 'Parent': 'ENST00000356443.9', 'gene_id': 'ENSG00000101605.14_1', 'transcript_id': 'ENST00000356443.9_1', 'gene_type': 'protein_coding', 'gene_name': 'MYOM1', 'transcript_type': 'protein_coding', 'transcript_name': 'MYOM1-202', 'exon_number': '38', 'exon_id': 'ENSE00001615622.2', 'level': '2', 'protein_id': 'ENSP00000348821.4', 'transcript_support_level': '1', 'hgnc_id': 'HGNC:7613', 'tag': 'CAGE_supported_TSS,basic,Ensembl_canonical,MANE_Select,appris_principal_4,CCDS', 'ccdsid': 'CCDS45824.1', 'havana_gene': 'OTTHUMG00000178209.7_1', 'havana_transcript': 'OTTHUMT00000441037.3_1', 'remap_original_location': 'chr18:-:3067262-3067555', 'remap_status': 'full_contig294', 'feature': 'CDS', 'feature_coordinates': 'chr18:3067260-3067553', 'probegroup': 'MYOM1', 'offset_coordinates': 'chr18:3067234-3067578', 'five_prime_bases': 34, 'three_prime_bases': 33, 'region_id': 'chr18:3067226-3067586'}","{'GRAPES2': None, 'CNVKIT': None, 'DECON': '7.77', 'GATK_GCNV': None}",False,7.77,,,,,0.8209182712355211,False
29100741,29101231,chr18,DEL,RB38570,2,1,0,0,0,32.382892057026474,1.0,490,"{'ID': 'CDS:ENST00000261590.13', 'Parent': 'ENST00000261590.13', 'gene_id': 'ENSG00000046604.14_1', 'transcript_id': 'ENST00000261590.13_1', 'gene_type': 'protein_coding', 'gene_name': 'DSG2', 'transcript_type': 'protein_coding', 'transcript_name': 'DSG2-201', 'exon_number': '4', 'exon_id': 'ENSE00001107958.1', 'level': '2', 'protein_id': 'ENSP00000261590.8', 'transcript_support_level': '1', 'hgnc_id': 'HGNC:3049', 'tag': 'basic,Ensembl_canonical,MANE_Select,appris_principal_1,CCDS', 'ccdsid': 'CCDS42423.1', 'havana_gene': 'OTTHUMG00000179649.3_1', 'havana_transcript': 'OTTHUMT00000447506.2_1', 'remap_original_location': 'chr18:+:31520803-31520964', 'remap_status': 'full_contig162', 'feature': 'CDS', 'feature_coordinates': 'chr18:29100766-29100927', 'probegroup': 'DSG2', 'offset_coordinates': 'chr18:29100740-29100952', 'five_prime_bases': 76, 'three_prime_bases': 362, 'region_id': 'chr18:29100690-29101289'}","{'GRAPES2': None, 'CNVKIT': None, 'DECON': '9.69', 'GATK_GCNV': None}",False,9.69,,,,,0.8209182712355211,False
119580134,119580307,chrX,DEL,RB38570,1,1,0,0,1,40.804597701149426,1.0,173,"{'ID': 'CDS:ENST00000200639.9', 'Parent': 'ENST00000200639.9', 'gene_id': 'ENSG00000005893.16_1', 'transcript_id': 'ENST00000200639.9_1', 'gene_type': 'protein_coding', 'gene_name': 'LAMP2', 'transcript_type': 'protein_coding', 'transcript_name': 'LAMP2-201', 'exon_number': '6', 'exon_id': 'ENSE00000854522.1', 'level': '2', 'protein_id': 'ENSP00000200639.4', 'transcript_support_level': '1', 'hgnc_id': 'HGNC:6501', 'tag': 'basic,Ensembl_canonical,MANE_Select,appris_principal_5,CCDS', 'ccdsid': 'CCDS14599.1', 'havana_gene': 'OTTHUMG00000022301.5_1', 'havana_transcript': 'OTTHUMT00000058099.2_1', 'remap_original_location': 'chrX:-:120446305-120446427', 'remap_status': 'full_contig123', 'feature': 'CDS', 'feature_coordinates': 'chrX:119580160-119580282', 'probegroup': 'LAMP2', 'offset_coordinates': 'chrX:119580134-119580307', 'five_prime_bases': 84, 'three_prime_bases': 82, 'region_id': 'chrX:119580076-119580364'}","{'GRAPES2': '0.993', 'CNVKIT': None, 'DECON': '5.26', 'GATK_GCNV': None}",False,5.26,,,0.993,,0.8209182712355211,False
3071806,3071912,chr18,DUP,RB38570,1,0,0,0,1,57.943925233644855,1.0,106,"{'ID': 'CDS:ENST00000356443.9', 'Parent': 'ENST00000356443.9', 'gene_id': 'ENSG00000101605.14_1', 'transcript_id': 'ENST00000356443.9_1', 'gene_type': 'protein_coding', 'gene_name': 'MYOM1', 'transcript_type': 'protein_coding', 'transcript_name': 'MYOM1-202', 'exon_number': '37', 'exon_id': 'ENSE00003484401.1', 'level': '2', 'protein_id': 'ENSP00000348821.4', 'transcript_support_level': '1', 'hgnc_id': 'HGNC:7613', 'tag': 'CAGE_supported_TSS,basic,Ensembl_canonical,MANE_Select,appris_principal_4,CCDS', 'ccdsid': 'CCDS45824.1', 'havana_gene': 'OTTHUMG00000178209.7_1', 'havana_transcript': 'OTTHUMT00000441037.3_1', 'remap_original_location': 'chr18:-:3071834-3071889', 'remap_status': 'full_contig56', 'feature': 'CDS', 'feature_coordinates': 'chr18:3071832-3071887', 'probegroup': 'MYOM1', 'offset_coordinates': 'chr18:3071806-3071912', 'five_prime_bases': 81, 'three_prime_bases': 80, 'region_id': 'chr18:3071751-3071967'}","{'GRAPES2': '0.839', 'CNVKIT': None, 'DECON': None, 'GATK_GCNV': None}",False,,,,0.839,,0.8209182712355211,False
30648326,30648519,chr3,DUP,RB38152,1,1,1,0,1,72.16494845360825,1.0,193,"{'ID': 'CDS:ENST00000295754.10', 'Parent': 'ENST00000295754.10', 'gene_id': 'ENSG00000163513.19_1', 'transcript_id': 'ENST00000295754.10_1', 'gene_type': 'protein_coding', 'gene_name': 'TGFBR2', 'transcript_type': 'protein_coding', 'transcript_name': 'TGFBR2-201', 'exon_number': '1', 'exon_id': 'ENSE00002704195.1', 'level': '2', 'protein_id': 'ENSP00000295754.5', 'transcript_support_level': '1', 'hgnc_id': 'HGNC:11773', 'tag': 'CAGE_supported_TSS,basic,Ensembl_canonical,MANE_Select,appris_principal_1,CCDS', 'ccdsid': 'CCDS2648.1', 'havana_gene': 'OTTHUMG00000130569.8_1', 'havana_transcript': 'OTTHUMT00000252994.3_1', 'remap_original_location': 'chr3:+:30606884-30606977', 'remap_status': 'full_contig94', 'feature': 'CDS', 'feature_coordinates': 'chr3:30648376-30648469', 'probegroup': 'TGFBR2', 'offset_coordinates': 'chr3:30648350-30648494', 'five_prime_bases': 74, 'three_prime_bases': 73, 'region_id': 'chr3:30648302-30648542'}","{'GRAPES2': '0.344', 'CNVKIT': None, 'DECON': '23.5', 'GATK_GCNV': '129.86'}",False,23.5,129.86,,0.344,,0.9298059751685313,False
91643513,91643692,chr7,DEL,RB38152,1,1,1,0,1,32.77777777777778,1.0,179,"{'ID': 'CDS:ENST00000356239.8', 'Parent': 'ENST00000356239.8', 'gene_id': 'ENSG00000127914.19_1', 'transcript_id': 'ENST00000356239.8_1', 'gene_type': 'protein_coding', 'gene_name': 'AKAP9', 'transcript_type': 'protein_coding', 'transcript_name': 'AKAP9-201', 'exon_number': '10', 'exon_id': 'ENSE00003565503.1', 'level': '2', 'protein_id': 'ENSP00000348573.3', 'transcript_support_level': '1', 'hgnc_id': 'HGNC:379', 'tag': 'CAGE_supported_TSS,basic,Ensembl_canonical,MANE_Select,appris_principal_2,CCDS', 'ccdsid': 'CCDS5622.1', 'havana_gene': 'OTTHUMG00000131127.6_1', 'havana_transcript': 'OTTHUMT00000253808.3_1', 'remap_original_location': 'chr7:+:92014249-92014328', 'remap_status': 'full_contig80', 'feature': 'CDS', 'feature_coordinates': 'chr7:91643563-91643642', 'probegroup': 'AKAP9', 'offset_coordinates': 'chr7:91643537-91643667', 'five_prime_bases': 81, 'three_prime_bases': 80, 'region_id': 'chr7:91643482-91643722'}","{'GRAPES2': '0.79', 'CNVKIT': None, 'DECON': '12.8', 'GATK_GCNV': '193.69'}",False,12.8,193.69,,0.79,,0.9298059751685313,False
112407202,112415423,chr7,DEL,RB38152,3,1,1,0,1,32.87521284359037,0.24711610971428571,8221,"{'ID': 'CDS:ENST00000312814.11', 'Parent': 'ENST00000312814.11', 'gene_id': 'ENSG00000146802.13_1', 'transcript_id': 'ENST00000312814.11_1', 'gene_type': 'protein_coding', 'gene_name': 'TMEM168', 'transcript_type': 'protein_coding', 'transcript_name': 'TMEM168-201', 'exon_number': '5', 'exon_id': 'ENSE00001150219.7', 'level': '2', 'protein_id': 'ENSP00000323068.4', 'transcript_support_level': '1', 'hgnc_id': 'HGNC:25826', 'tag': 'basic,Ensembl_canonical,MANE_Select,appris_principal_1,CCDS', 'ccdsid': 'CCDS5757.1', 'havana_gene': 'OTTHUMG00000155188.8_1', 'havana_transcript': 'OTTHUMT00000338696.5_1', 'remap_original_location': 'chr7:-:112767197-112767744', 'remap_status': 'full_contig548', 'feature': 'CDS', 'feature_coordinates': 'chr7:112407252-112407799', 'probegroup': 'TMEM168', 'offset_coordinates': 'chr7:112407226-112407824', 'five_prime_bases': 27, 'three_prime_bases': 26, 'region_id': 'chr7:112407225-112407825'}","{'GRAPES2': '1.0', 'CNVKIT': None, 'DECON': '68.8', 'GATK_GCNV': '1681.59'}",True,68.8,1681.59,,1.0,in_silico,0.9298059751685313,False
45883398,45883536,chr19,DUP,RB38152,1,1,1,0,1,52.51798561151079,1.0,138,"{'ID': 'CDS:ENST00000360957.10', 'Parent': 'ENST00000360957.10', 'gene_id': 'ENSG00000104881.16_1', 'transcript_id': 'ENST00000360957.10_1', 'gene_type': 'protein_coding', 'gene_name': 'PPP1R13L', 'transcript_type': 'protein_coding', 'transcript_name': 'PPP1R13L-201', 'exon_number': '13', 'exon_id': 'ENSE00003617656.1', 'level': '2', 'protein_id': 'ENSP00000354218.4', 'transcript_support_level': '1', 'hgnc_id': 'HGNC:18838', 'tag': 'basic,Ensembl_canonical,MANE_Select,appris_principal_1,CCDS', 'ccdsid': 'CCDS33050.1', 'havana_gene': 'OTTHUMG00000181784.3_1', 'havana_transcript': 'OTTHUMT00000457582.2_1', 'remap_original_location': 'chr19:-:45380190-45380228', 'remap_status': 'full_contig39', 'feature': 'CDS', 'feature_coordinates': 'chr19:45883448-45883486', 'probegroup': 'PPP1R13L', 'offset_coordinates': 'chr19:45883422-45883511', 'five_prime_bases': 78, 'three_prime_bases': 76, 'region_id': 'chr19:45883370-45883562'}","{'GRAPES2': '0.989', 'CNVKIT': None, 'DECON': '15.9', 'GATK_GCNV': '34.60'}",False,15.9,34.60,,0.989,,0.9298059751685313,False
179519447,179519580,chr2,DUP,RB38152,1,1,0,0,0,44.02985074626866,0.333333,133,"{'ID': 'CDS:ENST00000589042.5', 'Parent': 'ENST00000589042.5', 'gene_id': 'ENSG00000155657.29_1', 'transcript_id': 'ENST00000589042.5_1', 'gene_type': 'protein_coding', 'gene_name': 'TTN', 'transcript_type': 'protein_coding', 'transcript_name': 'TTN-214', 'exon_number': '191', 'exon_id': 'ENSE00001744095.2', 'level': '1', 'protein_id': 'ENSP00000467141.1', 'transcript_support_level': '5', 'hgnc_id': 'HGNC:12403', 'tag': 'inferred_exon_combination,non_submitted_evidence,basic,Ensembl_canonical,MANE_Select,appris_principal_1,exp_conf,CCDS', 'ccdsid': 'CCDS59435.1', 'havana_gene': 'OTTHUMG00000154448.23_1', 'havana_transcript': 'OTTHUMT00000450680.3_1', 'remap_original_location': 'chr2:-:178654745-178654828', 'remap_status': 'full_contig84', 'feature': 'CDS', 'feature_coordinates': 'chr2:179519472-179519555', 'probegroup': 'TTN', 'offset_coordinates': 'chr2:179519446-179519580', 'five_prime_bases': 3584, 'three_prime_bases': 245, 'region_id': 'chr2:179515888-179519800'}","{'GRAPES2': None, 'CNVKIT': None, 'DECON': '4.38', 'GATK_GCNV': None}",False,4.38,,,,,0.9298059751685313,False
179522583,179523303,chr2,DUP,RB38152,4,1,0,0,0,40.36061026352289,0.38888866666666666,720,"{'ID': 'CDS:ENST00000589042.5', 'Parent': 'ENST00000589042.5', 'gene_id': 'ENSG00000155657.29_1', 'transcript_id': 'ENST00000589042.5_1', 'gene_type': 'protein_coding', 'gene_name': 'TTN', 'transcript_type': 'protein_coding', 'transcript_name': 'TTN-214', 'exon_number': '187', 'exon_id': 'ENSE00002960777.1', 'level': '1', 'protein_id': 'ENSP00000467141.1', 'transcript_support_level': '5', 'hgnc_id': 'HGNC:12403', 'tag': 'inferred_exon_combination,non_submitted_evidence,basic,Ensembl_canonical,MANE_Select,appris_principal_1,exp_conf,CCDS', 'ccdsid': 'CCDS59435.1', 'havana_gene': 'OTTHUMG00000154448.23_1', 'havana_transcript': 'OTTHUMT00000450680.3_1', 'remap_original_location': 'chr2:-:178657881-178657961', 'remap_status': 'full_contig81', 'feature': 'CDS', 'feature_coordinates': 'chr2:179522608-179522688', 'probegroup': 'TTN', 'offset_coordinates': 'chr2:179522582-179522713', 'five_prime_bases': 462, 'three_prime_bases': 1372, 'region_id': 'chr2:179522146-179524060'}","{'GRAPES2': None, 'CNVKIT': None, 'DECON': '24.9', 'GATK_GCNV': None}",False,24.9,,,,,0.9298059751685313,False
179523707,179527368,chr2,DUP,RB38152,7,1,0,0,0,39.95084653194975,0.10970384981666662,3661,"{'ID': 'CDS:ENST00000589042.5', 'Parent': 'ENST00000589042.5', 'gene_id': 'ENSG00000155657.29_1', 'transcript_id': 'ENST00000589042.5_1', 'gene_type': 'protein_coding', 'gene_name': 'TTN', 'transcript_type': 'protein_coding', 'transcript_name': 'TTN-214', 'exon_number': '182', 'exon_id': 'ENSE00003809569.1', 'level': '1', 'protein_id': 'ENSP00000467141.1', 'transcript_support_level': '5', 'hgnc_id': 'HGNC:12403', 'tag': 'inferred_exon_combination,non_submitted_evidence,basic,Ensembl_canonical,MANE_Select,appris_principal_1,exp_conf,CCDS', 'ccdsid': 'CCDS59435.1', 'havana_gene': 'OTTHUMG00000154448.23_1', 'havana_transcript': 'OTTHUMT00000450680.3_1', 'remap_original_location': 'chr2:-:178659005-178659088', 'remap_status': 'full_contig84', 'feature': 'CDS', 'feature_coordinates': 'chr2:179523732-179523815', 'probegroup': 'TTN', 'offset_coordinates': 'chr2:179523706-179523840', 'five_prime_bases': 1586, 'three_prime_bases': 245, 'region_id': 'chr2:179522146-179524060'}","{'GRAPES2': None, 'CNVKIT': None, 'DECON': '37', 'GATK_GCNV': None}",False,37,,,,,0.9298059751685313,False
179527968,179528101,chr2,DUP,RB38152,1,1,0,0,0,43.28358208955223,0.333333,133,"{'ID': 'CDS:ENST00000589042.5', 'Parent': 'ENST00000589042.5', 'gene_id': 'ENSG00000155657.29_1', 'transcript_id': 'ENST00000589042.5_1', 'gene_type': 'protein_coding', 'gene_name': 'TTN', 'transcript_type': 'protein_coding', 'transcript_name': 'TTN-214', 'exon_number': '173', 'exon_id': 'ENSE00002763838.1', 'level': '1', 'protein_id': 'ENSP00000467141.1', 'transcript_support_level': '5', 'hgnc_id': 'HGNC:12403', 'tag': 'inferred_exon_combination,non_submitted_evidence,basic,Ensembl_canonical,MANE_Select,appris_principal_1,exp_conf,CCDS', 'ccdsid': 'CCDS59435.1', 'havana_gene': 'OTTHUMG00000154448.23_1', 'havana_transcript': 'OTTHUMT00000450680.3_1', 'remap_original_location': 'chr2:-:178663266-178663349', 'remap_status': 'full_contig84', 'feature': 'CDS', 'feature_coordinates': 'chr2:179527993-179528076', 'probegroup': 'TTN', 'offset_coordinates': 'chr2:179527967-179528101', 'five_prime_bases': 1586, 'three_prime_bases': 827, 'region_id': 'chr2:179526407-179528903'}","{'GRAPES2': None, 'CNVKIT': None, 'DECON': '5.6', 'GATK_GCNV': None}",False,5.6,,,,,0.9298059751685313,False
189853291,189854200,chr2,DUP,RB38152,2,1,0,0,0,28.68131868131868,1.0,909,"{'ID': 'CDS:ENST00000304636.9', 'Parent': 'ENST00000304636.9', 'gene_id': 'ENSG00000168542.16_1', 'transcript_id': 'ENST00000304636.9_1', 'gene_type': 'protein_coding', 'gene_name': 'COL3A1', 'transcript_type': 'protein_coding', 'transcript_name': 'COL3A1-201', 'exon_number': '7', 'exon_id': 'ENSE00001419814.1', 'level': '2', 'protein_id': 'ENSP00000304408.4', 'transcript_support_level': '1', 'hgnc_id': 'HGNC:2201', 'tag': 'CAGE_supported_TSS,basic,Ensembl_canonical,MANE_Select,appris_principal_1,CCDS', 'ccdsid': 'CCDS2297.1', 'havana_gene': 'OTTHUMG00000132648.7_1', 'havana_transcript': 'OTTHUMT00000255899.4_1', 'remap_original_location': 'chr2:+:188988590-188988643', 'remap_status': 'full_contig54', 'feature': 'CDS', 'feature_coordinates': 'chr2:189853316-189853369', 'probegroup': 'COL3A1', 'offset_coordinates': 'chr2:189853290-189853394', 'five_prime_bases': 82, 'three_prime_bases': 81, 'region_id': 'chr2:189853234-189853450'}","{'GRAPES2': None, 'CNVKIT': None, 'DECON': '4.48', 'GATK_GCNV': None}",False,4.48,,,,,0.9298059751685313,False
12633182,12641939,chr3,DEL,RB38152,4,1,0,0,0,44.80474994290934,0.2164691396428571,8757,"{'ID': 'CDS:ENST00000251849.9', 'Parent': 'ENST00000251849.9', 'gene_id': 'ENSG00000132155.14_1', 'transcript_id': 'ENST00000251849.9_1', 'gene_type': 'protein_coding', 'gene_name': 'RAF1', 'transcript_type': 'protein_coding', 'transcript_name': 'RAF1-201', 'exon_number': '11', 'exon_id': 'ENSE00003569537.1', 'level': '2', 'protein_id': 'ENSP00000251849.4', 'transcript_support_level': '1', 'hgnc_id': 'HGNC:9829', 'tag': 'basic,appris_principal_2,CCDS', 'ccdsid': 'CCDS2612.1', 'havana_gene': 'OTTHUMG00000129789.8_1', 'havana_transcript': 'OTTHUMT00000252015.2_1', 'remap_original_location': 'chr3:-:12591708-12591792', 'remap_status': 'full_contig85', 'feature': 'CDS', 'feature_coordinates': 'chr3:12633207-12633291', 'probegroup': 'RAF1', 'offset_coordinates': 'chr3:12633181-12633316', 'five_prime_bases': 79, 'three_prime_bases': 77, 'region_id': 'chr3:12633128-12633368'}","{'GRAPES2': None, 'CNVKIT': None, 'DECON': '8.02', 'GATK_GCNV': None}",False,8.02,,,,,0.9298059751685313,False
75875198,75875520,chr6,DEL,RB38152,1,1,0,0,0,41.17647058823529,1.0,322,"{'ID': 'CDS:ENST00000322507.13', 'Parent': 'ENST00000322507.13', 'gene_id': 'ENSG00000111799.22_1', 'transcript_id': 'ENST00000322507.13_1', 'gene_type': 'protein_coding', 'gene_name': 'COL12A1', 'transcript_type': 'protein_coding', 'transcript_name': 'COL12A1-201', 'exon_number': '14', 'exon_id': 'ENSE00002276950.1', 'level': '2', 'protein_id': 'ENSP00000325146.8', 'transcript_support_level': '1', 'hgnc_id': 'HGNC:2188', 'tag': 'basic,Ensembl_canonical,MANE_Select,appris_principal_2,CCDS', 'ccdsid': 'CCDS43482.1', 'havana_gene': 'OTTHUMG00000015051.8_1', 'havana_transcript': 'OTTHUMT00000041249.4_1', 'remap_original_location': 'chr6:-:75165507-75165779', 'remap_status': 'full_contig273', 'feature': 'CDS', 'feature_coordinates': 'chr6:75875223-75875495', 'probegroup': 'COL12A1', 'offset_coordinates': 'chr6:75875197-75875520', 'five_prime_bases': 33, 'three_prime_bases': 31, 'region_id': 'chr6:75875190-75875526'}","{'GRAPES2': None, 'CNVKIT': None, 'DECON': '2.64', 'GATK_GCNV': None}",False,2.64,,,,,0.9298059751685313,False
91713929,91714042,chr7,DUP,RB38152,1,1,0,0,0,34.21052631578947,1.0,113,"{'ID': 'CDS:ENST00000356239.8', 'Parent': 'ENST00000356239.8', 'gene_id': 'ENSG00000127914.19_1', 'transcript_id': 'ENST00000356239.8_1', 'gene_type': 'protein_coding', 'gene_name': 'AKAP9', 'transcript_type': 'protein_coding', 'transcript_name': 'AKAP9-201', 'exon_number': '34', 'exon_id': 'ENSE00001615779.1', 'level': '2', 'protein_id': 'ENSP00000348573.3', 'transcript_support_level': '1', 'hgnc_id': 'HGNC:379', 'tag': 'CAGE_supported_TSS,basic,Ensembl_canonical,MANE_Select,appris_principal_2,CCDS', 'ccdsid': 'CCDS5622.1', 'havana_gene': 'OTTHUMG00000131127.6_1', 'havana_transcript': 'OTTHUMT00000253808.3_1', 'remap_original_location': 'chr7:+:92084640-92084703', 'remap_status': 'full_contig64', 'feature': 'CDS', 'feature_coordinates': 'chr7:91713954-91714017', 'probegroup': 'AKAP9', 'offset_coordinates': 'chr7:91713928-91714042', 'five_prime_bases': 77, 'three_prime_bases': 320, 'region_id': 'chr7:91713877-91714337'}","{'GRAPES2': None, 'CNVKIT': None, 'DECON': '3.54', 'GATK_GCNV': None}",False,3.54,,,,,0.9298059751685313,False
114803945,114823397,chr12,DEL,RB38152,2,1,0,0,0,43.725903459620625,0.5825142277777778,19452,"{'ID': 'CDS:ENST00000405440.7', 'Parent': 'ENST00000405440.7', 'gene_id': 'ENSG00000089225.20_1', 'transcript_id': 'ENST00000405440.7_1', 'gene_type': 'protein_coding', 'gene_name': 'TBX5', 'transcript_type': 'protein_coding', 'transcript_name': 'TBX5-203', 'exon_number': '8', 'exon_id': 'ENSE00000835004.1', 'level': '1', 'protein_id': 'ENSP00000384152.3', 'transcript_support_level': '1', 'hgnc_id': 'HGNC:11604', 'tag': 'alternative_5_UTR,basic,Ensembl_canonical,MANE_Select,appris_principal_1,exp_conf,CCDS', 'ccdsid': 'CCDS9173.1', 'havana_gene': 'OTTHUMG00000166191.3_1', 'havana_transcript': 'OTTHUMT00000388295.1_1', 'remap_original_location': 'chr12:-:114366165-114366391', 'remap_status': 'full_contig227', 'feature': 'CDS', 'feature_coordinates': 'chr12:114803970-114804196', 'probegroup': 'TBX5', 'offset_coordinates': 'chr12:114803944-114804221', 'five_prime_bases': 102, 'three_prime_bases': 32, 'region_id': 'chr12:114803868-114804228'}","{'GRAPES2': None, 'CNVKIT': None, 'DECON': '4.24', 'GATK_GCNV': None}",False,4.24,,,,,0.9298059751685313,False
50647265,50647425,chr14,DUP,RB38152,1,1,0,0,0,32.91925465838509,1.0,160,"{'ID': 'CDS:ENST00000216373.10', 'Parent': 'ENST00000216373.10', 'gene_id': 'ENSG00000100485.12_1', 'transcript_id': 'ENST00000216373.10_1', 'gene_type': 'protein_coding', 'gene_name': 'SOS2', 'transcript_type': 'protein_coding', 'transcript_name': 'SOS2-201', 'exon_number': '7', 'exon_id': 'ENSE00000656827.1', 'level': '2', 'protein_id': 'ENSP00000216373.5', 'transcript_support_level': '1', 'hgnc_id': 'HGNC:11188', 'tag': 'basic,Ensembl_canonical,MANE_Select,appris_principal_1,CCDS', 'ccdsid': 'CCDS9697.1', 'havana_gene': 'OTTHUMG00000140292.5_1', 'havana_transcript': 'OTTHUMT00000276878.4_1', 'remap_original_location': 'chr14:-:50180572-50180682', 'remap_status': 'full_contig111', 'feature': 'CDS', 'feature_coordinates': 'chr14:50647290-50647400', 'probegroup': 'SOS2', 'offset_coordinates': 'chr14:50647264-50647425', 'five_prime_bases': 78, 'three_prime_bases': 76, 'region_id': 'chr14:50647212-50647476'}","{'GRAPES2': None, 'CNVKIT': None, 'DECON': '2.84', 'GATK_GCNV': None}",False,2.84,,,,,0.9298059751685313,False
30913374,30913885,chr16,DUP,RB38152,1,1,0,0,0,80.6640625,1.0,511,"{'ID': 'CDS:ENST00000279804.3', 'Parent': 'ENST00000279804.3', 'gene_id': 'ENSG00000150281.7_1', 'transcript_id': 'ENST00000279804.3_1', 'gene_type': 'protein_coding', 'gene_name': 'CTF1', 'transcript_type': 'protein_coding', 'transcript_name': 'CTF1-201', 'exon_number': '3', 'exon_id': 'ENSE00001241259.3', 'level': '2', 'protein_id': 'ENSP00000279804.2', 'transcript_support_level': '1', 'hgnc_id': 'HGNC:2499', 'tag': 'basic,Ensembl_canonical,MANE_Select,appris_principal_3,CCDS', 'ccdsid': 'CCDS10694.1', 'havana_gene': 'OTTHUMG00000132413.2_1', 'havana_transcript': 'OTTHUMT00000255550.1_1', 'remap_original_location': 'chr16:+:30902078-30902539', 'remap_status': 'full_contig462', 'feature': 'CDS', 'feature_coordinates': 'chr16:30913399-30913860', 'probegroup': 'CTF1', 'offset_coordinates': 'chr16:30913373-30913885', 'five_prime_bases': 34, 'three_prime_bases': 33, 'region_id': 'chr16:30913365-30913893'}","{'GRAPES2': None, 'CNVKIT': None, 'DECON': '2.8', 'GATK_GCNV': None}",False,2.8,,,,,0.9298059751685313,False
28534725,28536285,chr17,DUP,RB38152,2,1,0,0,0,50.03203074951954,1.0,1560,"{'ID': 'CDS:ENST00000650711.1', 'Parent': 'ENST00000650711.1', 'gene_id': 'ENSG00000108576.10_1', 'transcript_id': 'ENST00000650711.1_1', 'gene_type': 'protein_coding', 'gene_name': 'SLC6A4', 'transcript_type': 'protein_coding', 'transcript_name': 'SLC6A4-206', 'exon_number': '13', 'exon_id': 'ENSE00003894359.1', 'level': '2', 'protein_id': 'ENSP00000498537.1', 'hgnc_id': 'HGNC:11050', 'tag': 'basic,Ensembl_canonical,MANE_Select,appris_principal_1,CCDS', 'ccdsid': 'CCDS11256.1', 'havana_gene': 'OTTHUMG00000132751.7_1', 'havana_transcript': 'OTTHUMT00000504255.2_1', 'remap_original_location': 'chr17:-:30207732-30207832', 'remap_status': 'full_contig101', 'feature': 'CDS', 'feature_coordinates': 'chr17:28534750-28534850', 'probegroup': 'SLC6A4', 'offset_coordinates': 'chr17:28534724-28534875', 'five_prime_bases': 83, 'three_prime_bases': 81, 'region_id': 'chr17:28534667-28534931'}","{'GRAPES2': None, 'CNVKIT': None, 'DECON': '2.94', 'GATK_GCNV': None}",False,2.94,,,,,0.9298059751685313,False
81689694,81695890,chr7,DUP,RB38145,3,0,1,0,0,34.98467000161368,0.5939814444444446,6196,"{'ID': 'CDS:ENST00000356860.8', 'Parent': 'ENST00000356860.8', 'gene_id': 'ENSG00000153956.16_1', 'transcript_id': 'ENST00000356860.8_1', 'gene_type': 'protein_coding', 'gene_name': 'CACNA2D1', 'transcript_type': 'protein_coding', 'transcript_name': 'CACNA2D1-202', 'exon_number': '10', 'exon_id': 'ENSE00003466357.1', 'level': '2', 'protein_id': 'ENSP00000349320.3', 'transcript_support_level': '1', 'hgnc_id': 'HGNC:1399', 'tag': 'basic,Ensembl_canonical,MANE_Select,CCDS', 'ccdsid': 'CCDS5598.1', 'havana_gene': 'OTTHUMG00000023622.11_1', 'havana_transcript': 'OTTHUMT00000253340.5_1', 'remap_original_location': 'chr7:-:82060428-82060527', 'remap_status': 'full_contig100', 'feature': 'CDS', 'feature_coordinates': 'chr7:81689744-81689843', 'probegroup': 'CACNA2D1', 'offset_coordinates': 'chr7:81689718-81689868', 'five_prime_bases': 83, 'three_prime_bases': 82, 'region_id': 'chr7:81689661-81689925'}","{'GRAPES2': None, 'CNVKIT': None, 'DECON': None, 'GATK_GCNV': '22.91'}",True,,22.91,,,in_silico,0.8418811103572752,False
34229229,34273436,chr18,DEL,RB38145,7,1,1,0,1,40.216702859211004,0.6833333333333332,44207,"{'ID': 'CDS:ENST00000590592.6', 'Parent': 'ENST00000590592.6', 'gene_id': 'ENSG00000134775.16_1', 'transcript_id': 'ENST00000590592.6_1', 'gene_type': 'protein_coding', 'gene_name': 'FHOD3', 'transcript_type': 'protein_coding', 'transcript_name': 'FHOD3-206', 'exon_number': '11', 'exon_id': 'ENSE00002954260.1', 'level': '1', 'protein_id': 'ENSP00000466937.1', 'transcript_support_level': '1', 'hgnc_id': 'HGNC:26178', 'tag': 'basic,Ensembl_canonical,MANE_Select,exp_conf,CCDS', 'ccdsid': 'CCDS62418.1', 'havana_gene': 'OTTHUMG00000182381.5_1', 'havana_transcript': 'OTTHUMT00000460883.2_1', 'remap_original_location': 'chr18:+:36649316-36649405', 'remap_status': 'full_contig90', 'feature': 'CDS', 'feature_coordinates': 'chr18:34229279-34229368', 'probegroup': 'FHOD3', 'offset_coordinates': 'chr18:34229253-34229393', 'five_prime_bases': 76, 'three_prime_bases': 75, 'region_id': 'chr18:34229203-34229443'}","{'GRAPES2': '0.995', 'CNVKIT': None, 'DECON': '136', 'GATK_GCNV': '455.48'}",True,136,455.48,,0.995,in_silico,0.8418811103572752,False
186444491,186444625,chr4,DEL,RB38145,1,1,0,0,0,36.2962962962963,1.0,134,"{'ID': 'CDS:ENST00000284767.12', 'Parent': 'ENST00000284767.12', 'gene_id': 'ENSG00000154553.16_1', 'transcript_id': 'ENST00000284767.12_1', 'gene_type': 'protein_coding', 'gene_name': 'PDLIM3', 'transcript_type': 'protein_coding', 'transcript_name': 'PDLIM3-201', 'exon_number': '3', 'exon_id': 'ENSE00003620762.1', 'level': '2', 'protein_id': 'ENSP00000284767.8', 'transcript_support_level': '5', 'hgnc_id': 'HGNC:20767', 'tag': 'basic,Ensembl_canonical,MANE_Select,appris_principal_3,CCDS', 'ccdsid': 'CCDS3844.1', 'havana_gene': 'OTTHUMG00000160412.8_1', 'havana_transcript': 'OTTHUMT00000360499.4_1', 'remap_original_location': 'chr4:-:185523362-185523446', 'remap_status': 'full_contig85', 'feature': 'CDS', 'feature_coordinates': 'chr4:186444516-186444600', 'probegroup': 'PDLIM3', 'offset_coordinates': 'chr4:186444490-186444625', 'five_prime_bases': 79, 'three_prime_bases': 77, 'region_id': 'chr4:186444437-186444677'}","{'GRAPES2': None, 'CNVKIT': None, 'DECON': '2.93', 'GATK_GCNV': None}",False,2.93,,,,,0.8418811103572752,False
127673664,127673839,chr5,DEL,RB38145,1,1,0,0,0,51.13636363636363,1.0,175,"{'ID': 'CDS:ENST00000262464.9', 'Parent': 'ENST00000262464.9', 'gene_id': 'ENSG00000138829.12_1', 'transcript_id': 'ENST00000262464.9_1', 'gene_type': 'protein_coding', 'gene_name': 'FBN2', 'transcript_type': 'protein_coding', 'transcript_name': 'FBN2-201', 'exon_number': '27', 'exon_id': 'ENSE00003889041.1', 'level': '2', 'protein_id': 'ENSP00000262464.4', 'transcript_support_level': '1', 'hgnc_id': 'HGNC:3604', 'tag': 'basic,Ensembl_canonical,MANE_Select,appris_principal_1,CCDS', 'ccdsid': 'CCDS34222.1', 'havana_gene': 'OTTHUMG00000163082.4_1', 'havana_transcript': 'OTTHUMT00000504447.2_1', 'remap_original_location': 'chr5:-:128337997-128338122', 'remap_status': 'full_contig126', 'feature': 'CDS', 'feature_coordinates': 'chr5:127673689-127673814', 'probegroup': 'FBN2', 'offset_coordinates': 'chr5:127673663-127673839', 'five_prime_bases': 82, 'three_prime_bases': 81, 'region_id': 'chr5:127673607-127673895'}","{'GRAPES2': None, 'CNVKIT': None, 'DECON': '8.13', 'GATK_GCNV': None}",False,8.13,,,,,0.8418811103572752,False
81667367,81695865,chr7,DUP,RB38145,4,1,0,0,1,35.443348889434716,0.15379969120183493,28498,"{'ID': 'CDS:ENST00000356860.8', 'Parent': 'ENST00000356860.8', 'gene_id': 'ENSG00000153956.16_1', 'transcript_id': 'ENST00000356860.8_1', 'gene_type': 'protein_coding', 'gene_name': 'CACNA2D1', 'transcript_type': 'protein_coding', 'transcript_name': 'CACNA2D1-202', 'exon_number': '11', 'exon_id': 'ENSE00003497123.1', 'level': '2', 'protein_id': 'ENSP00000349320.3', 'transcript_support_level': '1', 'hgnc_id': 'HGNC:1399', 'tag': 'basic,Ensembl_canonical,MANE_Select,CCDS', 'ccdsid': 'CCDS5598.1', 'havana_gene': 'OTTHUMG00000023622.11_1', 'havana_transcript': 'OTTHUMT00000253340.5_1', 'remap_original_location': 'chr7:-:82038077-82038235', 'remap_status': 'full_contig159', 'feature': 'CDS', 'feature_coordinates': 'chr7:81667393-81667551', 'probegroup': 'CACNA2D1', 'offset_coordinates': 'chr7:81667367-81667576', 'five_prime_bases': 78, 'three_prime_bases': 76, 'region_id': 'chr7:81667315-81667627'}","{'GRAPES2': '1.0', 'CNVKIT': None, 'DECON': '76.5', 'GATK_GCNV': None}",True,76.5,,,1.0,in_silico,0.8418811103572752,False
91674296,91674552,chr7,DUP,RB38145,1,1,0,0,1,40.07782101167315,1.0,256,"{'ID': 'CDS:ENST00000356239.8', 'Parent': 'ENST00000356239.8', 'gene_id': 'ENSG00000127914.19_1', 'transcript_id': 'ENST00000356239.8_1', 'gene_type': 'protein_coding', 'gene_name': 'AKAP9', 'transcript_type': 'protein_coding', 'transcript_name': 'AKAP9-201', 'exon_number': '21', 'exon_id': 'ENSE00000918950.1', 'level': '2', 'protein_id': 'ENSP00000348573.3', 'transcript_support_level': '1', 'hgnc_id': 'HGNC:379', 'tag': 'CAGE_supported_TSS,basic,Ensembl_canonical,MANE_Select,appris_principal_2,CCDS', 'ccdsid': 'CCDS5622.1', 'havana_gene': 'OTTHUMG00000131127.6_1', 'havana_transcript': 'OTTHUMT00000253808.3_1', 'remap_original_location': 'chr7:+:92045008-92045213', 'remap_status': 'full_contig206', 'feature': 'CDS', 'feature_coordinates': 'chr7:91674322-91674527', 'probegroup': 'AKAP9', 'offset_coordinates': 'chr7:91674296-91674552', 'five_prime_bases': 30, 'three_prime_bases': 29, 'region_id': 'chr7:91674292-91674556'}","{'GRAPES2': '0.478', 'CNVKIT': None, 'DECON': '26.3', 'GATK_GCNV': None}",True,26.3,,,0.478,in_silico,0.8418811103572752,False
18825005,18825150,chr10,DUP,RB38145,1,1,0,0,0,36.986301369863014,1.0,145,"{'ID': 'CDS:ENST00000324631.13', 'Parent': 'ENST00000324631.13', 'gene_id': 'ENSG00000165995.23_1', 'transcript_id': 'ENST00000324631.13_1', 'gene_type': 'protein_coding', 'gene_name': 'CACNB2', 'transcript_type': 'protein_coding', 'transcript_name': 'CACNB2-202', 'exon_number': '12', 'exon_id': 'ENSE00001737387.1', 'level': '2', 'protein_id': 'ENSP00000320025.8', 'transcript_support_level': '1', 'hgnc_id': 'HGNC:1402', 'tag': 'basic,Ensembl_canonical,MANE_Select,CCDS', 'ccdsid': 'CCDS7125.1', 'havana_gene': 'OTTHUMG00000017764.9_1', 'havana_transcript': 'OTTHUMT00000047072.3_1', 'remap_original_location': 'chr10:+:18536101-18536196', 'remap_status': 'full_contig96', 'feature': 'CDS', 'feature_coordinates': 'chr10:18825030-18825125', 'probegroup': 'CACNB2', 'offset_coordinates': 'chr10:18825004-18825150', 'five_prime_bases': 85, 'three_prime_bases': 84, 'region_id': 'chr10:18824945-18825209'}","{'GRAPES2': None, 'CNVKIT': None, 'DECON': '3.39', 'GATK_GCNV': None}",False,3.39,,,,,0.8418811103572752,False
92678597,92678754,chr10,DEL,RB38145,1,1,0,0,0,39.24050632911392,1.0,157,"{'ID': 'CDS:ENST00000371697.4', 'Parent': 'ENST00000371697.4', 'gene_id': 'ENSG00000148677.7_1', 'transcript_id': 'ENST00000371697.4_1', 'gene_type': 'protein_coding', 'gene_name': 'ANKRD1', 'transcript_type': 'protein_coding', 'transcript_name': 'ANKRD1-201', 'exon_number': '4', 'exon_id': 'ENSE00000986569.1', 'level': '2', 'protein_id': 'ENSP00000360762.3', 'transcript_support_level': '1', 'hgnc_id': 'HGNC:15819', 'tag': 'CAGE_supported_TSS,basic,Ensembl_canonical,MANE_Select,appris_principal_1,CCDS', 'ccdsid': 'CCDS7412.1', 'havana_gene': 'OTTHUMG00000018734.1_1', 'havana_transcript': 'OTTHUMT00000049357.1_1', 'remap_original_location': 'chr10:-:90918865-90918972', 'remap_status': 'full_contig108', 'feature': 'CDS', 'feature_coordinates': 'chr10:92678622-92678729', 'probegroup': 'ANKRD1', 'offset_coordinates': 'chr10:92678596-92678754', 'five_prime_bases': 79, 'three_prime_bases': 371, 'region_id': 'chr10:92678543-92679100'}","{'GRAPES2': None, 'CNVKIT': None, 'DECON': '8.55', 'GATK_GCNV': None}",False,8.55,,,,,0.8418811103572752,False
2155298,2155500,chr16,DUP,RB38145,1,1,0,0,0,65.51724137931035,0.5833335,202,"{'ID': 'CDS:ENST00000262304.9', 'Parent': 'ENST00000262304.9', 'gene_id': 'ENSG00000008710.20_1', 'transcript_id': 'ENST00000262304.9_1', 'gene_type': 'protein_coding', 'gene_name': 'PKD1', 'transcript_type': 'protein_coding', 'transcript_name': 'PKD1-201', 'exon_number': '21', 'exon_id': 'ENSE00003607637.1', 'level': '2', 'protein_id': 'ENSP00000262304.4', 'transcript_support_level': '1', 'hgnc_id': 'HGNC:9008', 'tag': 'basic,Ensembl_canonical,MANE_Select,appris_principal_3,CCDS', 'ccdsid': 'CCDS32369.1', 'havana_gene': 'OTTHUMG00000155795.6_1', 'havana_transcript': 'OTTHUMT00000341688.2_1', 'remap_original_location': 'chr16:-:2105322-2105474', 'remap_status': 'full_contig153', 'feature': 'CDS', 'feature_coordinates': 'chr16:2155323-2155475', 'probegroup': 'PKD1', 'offset_coordinates': 'chr16:2155297-2155500', 'five_prime_bases': 81, 'three_prime_bases': 79, 'region_id': 'chr16:2155242-2155554'}","{'GRAPES2': None, 'CNVKIT': None, 'DECON': '7.49', 'GATK_GCNV': None}",False,7.49,,,,,0.8418811103572752,False
2156781,2156974,chr16,DUP,RB38145,1,1,0,0,0,64.43298969072166,0.277778,193,"{'ID': 'CDS:ENST00000262304.9', 'Parent': 'ENST00000262304.9', 'gene_id': 'ENSG00000008710.20_1', 'transcript_id': 'ENST00000262304.9_1', 'gene_type': 'protein_coding', 'gene_name': 'PKD1', 'transcript_type': 'protein_coding', 'transcript_name': 'PKD1-201', 'exon_number': '17', 'exon_id': 'ENSE00003647173.1', 'level': '2', 'protein_id': 'ENSP00000262304.4', 'transcript_support_level': '1', 'hgnc_id': 'HGNC:9008', 'tag': 'basic,Ensembl_canonical,MANE_Select,appris_principal_3,CCDS', 'ccdsid': 'CCDS32369.1', 'havana_gene': 'OTTHUMG00000155795.6_1', 'havana_transcript': 'OTTHUMT00000341688.2_1', 'remap_original_location': 'chr16:-:2106805-2106948', 'remap_status': 'full_contig144', 'feature': 'CDS', 'feature_coordinates': 'chr16:2156806-2156949', 'probegroup': 'PKD1', 'offset_coordinates': 'chr16:2156780-2156974', 'five_prime_bases': 1017, 'three_prime_bases': 84, 'region_id': 'chr16:2155789-2157033'}","{'GRAPES2': None, 'CNVKIT': None, 'DECON': '3.34', 'GATK_GCNV': None}",False,3.34,,,,,0.8418811103572752,False
45291140,45299848,chr17,DEL,RB38145,4,1,0,0,0,45.6424388563555,0.5800243420833333,8708,"{'ID': 'CDS:ENST00000393450.5', 'Parent': 'ENST00000393450.5', 'gene_id': 'ENSG00000198336.9_1', 'transcript_id': 'ENST00000393450.5_1', 'gene_type': 'protein_coding', 'gene_name': 'MYL4', 'transcript_type': 'protein_coding', 'transcript_name': 'MYL4-202', 'exon_number': '2', 'exon_id': 'ENSE00001110506.1', 'level': '2', 'protein_id': 'ENSP00000377096.1', 'transcript_support_level': '1', 'hgnc_id': 'HGNC:7585', 'tag': 'basic,Ensembl_canonical,MANE_Select,appris_principal_1,CCDS', 'ccdsid': 'CCDS11510.1', 'havana_gene': 'OTTHUMG00000178232.2_1', 'havana_transcript': 'OTTHUMT00000441064.1_1', 'remap_original_location': 'chr17:+:47213799-47213826', 'remap_status': 'full_contig28', 'feature': 'CDS', 'feature_coordinates': 'chr17:45291165-45291192', 'probegroup': 'MYL4', 'offset_coordinates': 'chr17:45291139-45291217', 'five_prime_bases': 83, 'three_prime_bases': 82, 'region_id': 'chr17:45291082-45291274'}","{'GRAPES2': None, 'CNVKIT': None, 'DECON': '10.3', 'GATK_GCNV': None}",False,10.3,,,,,0.8418811103572752,False
61048434,61048659,chr20,DEL,RB38145,1,1,0,0,0,66.3716814159292,1.0,225,"{'ID': 'CDS:ENST00000252997.3', 'Parent': 'ENST00000252997.3', 'gene_id': 'ENSG00000130700.7_1', 'transcript_id': 'ENST00000252997.3_1', 'gene_type': 'protein_coding', 'gene_name': 'GATA5', 'transcript_type': 'protein_coding', 'transcript_name': 'GATA5-201', 'exon_number': '3', 'exon_id': 'ENSE00002469558.1', 'level': '2', 'protein_id': 'ENSP00000252997.2', 'transcript_support_level': '1', 'hgnc_id': 'HGNC:15802', 'tag': 'basic,Ensembl_canonical,MANE_Select,appris_principal_1,CCDS', 'ccdsid': 'CCDS13499.1', 'havana_gene': 'OTTHUMG00000032919.3_1', 'havana_transcript': 'OTTHUMT00000080038.3_1', 'remap_original_location': 'chr20:-:62473403-62473578', 'remap_status': 'full_contig176', 'feature': 'CDS', 'feature_coordinates': 'chr20:61048459-61048634', 'probegroup': 'GATA5', 'offset_coordinates': 'chr20:61048433-61048659', 'five_prime_bases': 33, 'three_prime_bases': 32, 'region_id': 'chr20:61048426-61048666'}","{'GRAPES2': None, 'CNVKIT': None, 'DECON': '10.3', 'GATK_GCNV': None}",True,10.3,,,,in_silico,0.8418811103572752,False
120071977,120085599,chr4,DEL,RB38577,3,1,1,0,1,33.85451075387213,1.0,13622,"{'ID': 'CDS:ENST00000307128.6', 'Parent': 'ENST00000307128.6', 'gene_id': 'ENSG00000172399.6_1', 'transcript_id': 'ENST00000307128.6_1', 'gene_type': 'protein_coding', 'gene_name': 'MYOZ2', 'transcript_type': 'protein_coding', 'transcript_name': 'MYOZ2-201', 'exon_number': '3', 'exon_id': 'ENSE00001161361.1', 'level': '2', 'protein_id': 'ENSP00000306997.6', 'transcript_support_level': '1', 'hgnc_id': 'HGNC:1330', 'tag': 'basic,Ensembl_canonical,MANE_Select,appris_principal_1,CCDS', 'ccdsid': 'CCDS3711.1', 'havana_gene': 'OTTHUMG00000132968.2_1', 'havana_transcript': 'OTTHUMT00000256526.2_1', 'remap_original_location': 'chr4:+:119150872-119151041', 'remap_status': 'full_contig170', 'feature': 'CDS', 'feature_coordinates': 'chr4:120072027-120072196', 'probegroup': 'MYOZ2', 'offset_coordinates': 'chr4:120072001-120072221', 'five_prime_bases': 36, 'three_prime_bases': 35, 'region_id': 'chr4:120071991-120072231'}","{'GRAPES2': '1.0', 'CNVKIT': None, 'DECON': '50.7', 'GATK_GCNV': '859.93'}",True,50.7,859.93,,1.0,in_silico,0.9062142810665355,False
92083766,92084049,chr7,DEL,RB38577,1,1,1,0,1,40.845070422535215,1.0,283,"{'ID': 'CDS:ENST00000287957.5', 'Parent': 'ENST00000287957.5', 'gene_id': 'ENSG00000157259.8_1', 'transcript_id': 'ENST00000287957.5_1', 'gene_type': 'protein_coding', 'gene_name': 'GATAD1', 'transcript_type': 'protein_coding', 'transcript_name': 'GATAD1-201', 'exon_number': '4', 'exon_id': 'ENSE00003463934.1', 'level': '2', 'protein_id': 'ENSP00000287957.3', 'transcript_support_level': '1', 'hgnc_id': 'HGNC:29941', 'tag': 'basic,Ensembl_canonical,MANE_Select,appris_principal_1,CCDS', 'ccdsid': 'CCDS5625.1', 'havana_gene': 'OTTHUMG00000131201.4_1', 'havana_transcript': 'OTTHUMT00000253929.4_1', 'remap_original_location': 'chr7:+:92454502-92454685', 'remap_status': 'full_contig184', 'feature': 'CDS', 'feature_coordinates': 'chr7:92083816-92083999', 'probegroup': 'GATAD1', 'offset_coordinates': 'chr7:92083790-92084024', 'five_prime_bases': 29, 'three_prime_bases': 28, 'region_id': 'chr7:92083787-92084027'}","{'GRAPES2': '0.552', 'CNVKIT': None, 'DECON': '17.3', 'GATK_GCNV': '207.30'}",True,17.3,207.30,,0.552,in_silico,0.9062142810665355,False
118037552,118039516,chr11,DUP,RB38577,3,1,1,0,1,55.01272264631043,1.0,1964,"{'ID': 'CDS:ENST00000278947.6', 'Parent': 'ENST00000278947.6', 'gene_id': 'ENSG00000149575.9_1', 'transcript_id': 'ENST00000278947.6_1', 'gene_type': 'protein_coding', 'gene_name': 'SCN2B', 'transcript_type': 'protein_coding', 'transcript_name': 'SCN2B-201', 'exon_number': '4', 'exon_id': 'ENSE00001326757.6', 'level': '2', 'protein_id': 'ENSP00000278947.5', 'transcript_support_level': '1', 'hgnc_id': 'HGNC:10589', 'tag': 'CAGE_supported_TSS,basic,Ensembl_canonical,MANE_Select,appris_principal_1,CCDS', 'ccdsid': 'CCDS8390.1', 'remap_original_location': 'chr11:-:118166887-118167086', 'remap_status': 'full_contig200', 'feature': 'CDS', 'feature_coordinates': 'chr11:118037602-118037801', 'probegroup': 'SCN2B', 'offset_coordinates': 'chr11:118037576-118037826', 'five_prime_bases': 33, 'three_prime_bases': 32, 'region_id': 'chr11:118037569-118037833'}","{'GRAPES2': '1.0', 'CNVKIT': None, 'DECON': '72.7', 'GATK_GCNV': '213.94'}",True,72.7,213.94,,1.0,in_silico,0.9062142810665355,False
179519447,179522519,chr2,DUP,RB38577,4,1,0,0,0,40.02603319232021,0.10489960587878781,3072,"{'ID': 'CDS:ENST00000589042.5', 'Parent': 'ENST00000589042.5', 'gene_id': 'ENSG00000155657.29_1', 'transcript_id': 'ENST00000589042.5_1', 'gene_type': 'protein_coding', 'gene_name': 'TTN', 'transcript_type': 'protein_coding', 'transcript_name': 'TTN-214', 'exon_number': '191', 'exon_id': 'ENSE00001744095.2', 'level': '1', 'protein_id': 'ENSP00000467141.1', 'transcript_support_level': '5', 'hgnc_id': 'HGNC:12403', 'tag': 'inferred_exon_combination,non_submitted_evidence,basic,Ensembl_canonical,MANE_Select,appris_principal_1,exp_conf,CCDS', 'ccdsid': 'CCDS59435.1', 'havana_gene': 'OTTHUMG00000154448.23_1', 'havana_transcript': 'OTTHUMT00000450680.3_1', 'remap_original_location': 'chr2:-:178654745-178654828', 'remap_status': 'full_contig84', 'feature': 'CDS', 'feature_coordinates': 'chr2:179519472-179519555', 'probegroup': 'TTN', 'offset_coordinates': 'chr2:179519446-179519580', 'five_prime_bases': 3584, 'three_prime_bases': 245, 'region_id': 'chr2:179515888-179519800'}","{'GRAPES2': None, 'CNVKIT': None, 'DECON': '17.6', 'GATK_GCNV': None}",False,17.6,,,,,0.9062142810665355,False
179523874,179524007,chr2,DEL,RB38577,1,1,0,0,0,44.776119402985074,0.375,133,"{'ID': 'CDS:ENST00000589042.5', 'Parent': 'ENST00000589042.5', 'gene_id': 'ENSG00000155657.29_1', 'transcript_id': 'ENST00000589042.5_1', 'gene_type': 'protein_coding', 'gene_name': 'TTN', 'transcript_type': 'protein_coding', 'transcript_name': 'TTN-214', 'exon_number': '181', 'exon_id': 'ENSE00003802745.1', 'level': '1', 'protein_id': 'ENSP00000467141.1', 'transcript_support_level': '5', 'hgnc_id': 'HGNC:12403', 'tag': 'inferred_exon_combination,non_submitted_evidence,basic,Ensembl_canonical,MANE_Select,appris_principal_1,exp_conf,CCDS', 'ccdsid': 'CCDS59435.1', 'havana_gene': 'OTTHUMG00000154448.23_1', 'havana_transcript': 'OTTHUMT00000450680.3_1', 'remap_original_location': 'chr2:-:178659172-178659255', 'remap_status': 'full_contig84', 'feature': 'CDS', 'feature_coordinates': 'chr2:179523899-179523982', 'probegroup': 'TTN', 'offset_coordinates': 'chr2:179523873-179524007', 'five_prime_bases': 1753, 'three_prime_bases': 78, 'region_id': 'chr2:179522146-179524060'}","{'GRAPES2': None, 'CNVKIT': None, 'DECON': '4.93', 'GATK_GCNV': None}",False,4.93,,,,,0.9062142810665355,False
179526844,179527368,chr2,DUP,RB38577,3,1,0,0,0,40.57142857142857,0.4166665,524,"{'ID': 'CDS:ENST00000589042.5', 'Parent': 'ENST00000589042.5', 'gene_id': 'ENSG00000155657.29_1', 'transcript_id': 'ENST00000589042.5_1', 'gene_type': 'protein_coding', 'gene_name': 'TTN', 'transcript_type': 'protein_coding', 'transcript_name': 'TTN-214', 'exon_number': '178', 'exon_id': 'ENSE00002852676.1', 'level': '1', 'protein_id': 'ENSP00000467141.1', 'transcript_support_level': '5', 'hgnc_id': 'HGNC:12403', 'tag': 'inferred_exon_combination,non_submitted_evidence,basic,Ensembl_canonical,MANE_Select,appris_principal_1,exp_conf,CCDS', 'ccdsid': 'CCDS59435.1', 'havana_gene': 'OTTHUMG00000154448.23_1', 'havana_transcript': 'OTTHUMT00000450680.3_1', 'remap_original_location': 'chr2:-:178662142-178662222', 'remap_status': 'full_contig81', 'feature': 'CDS', 'feature_coordinates': 'chr2:179526869-179526949', 'probegroup': 'TTN', 'offset_coordinates': 'chr2:179526843-179526974', 'five_prime_bases': 462, 'three_prime_bases': 1954, 'region_id': 'chr2:179526407-179528903'}","{'GRAPES2': None, 'CNVKIT': None, 'DECON': '10.9', 'GATK_GCNV': None}",False,10.9,,,,,0.9062142810665355,False
141331100,141331180,chr3,DUP,RB38577,1,1,0,0,0,32.098765432098766,1.0,80,"{'ID': 'CDS:ENST00000286364.9', 'Parent': 'ENST00000286364.9', 'gene_id': 'ENSG00000155903.14_1', 'transcript_id': 'ENST00000286364.9_1', 'gene_type': 'protein_coding', 'gene_name': 'RASA2', 'transcript_type': 'protein_coding', 'transcript_name': 'RASA2-201', 'exon_number': '24', 'exon_id': 'ENSE00002035040.3', 'level': '2', 'protein_id': 'ENSP00000286364.3', 'transcript_support_level': '1', 'hgnc_id': 'HGNC:9872', 'tag': 'basic,Ensembl_canonical,MANE_Select,appris_principal_1,CCDS', 'ccdsid': 'CCDS3117.1', 'havana_gene': 'OTTHUMG00000160221.5_1', 'havana_transcript': 'OTTHUMT00000359711.4_1', 'remap_original_location': 'chr3:+:141612283-141612313', 'remap_status': 'full_contig31', 'feature': 'CDS', 'feature_coordinates': 'chr3:141331125-141331155', 'probegroup': 'RASA2', 'offset_coordinates': 'chr3:141331099-141331180', 'five_prime_bases': 82, 'three_prime_bases': 80, 'region_id': 'chr3:141331043-141331235'}","{'GRAPES2': None, 'CNVKIT': None, 'DECON': '3.02', 'GATK_GCNV': None}",False,3.02,,,,,0.9062142810665355,False
81596460,81597004,chr7,DUP,RB38577,2,1,0,0,0,26.055045871559635,1.0,544,"{'ID': 'CDS:ENST00000356860.8', 'Parent': 'ENST00000356860.8', 'gene_id': 'ENSG00000153956.16_1', 'transcript_id': 'ENST00000356860.8_1', 'gene_type': 'protein_coding', 'gene_name': 'CACNA2D1', 'transcript_type': 'protein_coding', 'transcript_name': 'CACNA2D1-202', 'exon_number': '31', 'exon_id': 'ENSE00001776796.1', 'level': '2', 'protein_id': 'ENSP00000349320.3', 'transcript_support_level': '1', 'hgnc_id': 'HGNC:1399', 'tag': 'basic,Ensembl_canonical,MANE_Select,CCDS', 'ccdsid': 'CCDS5598.1', 'havana_gene': 'OTTHUMG00000023622.11_1', 'havana_transcript': 'OTTHUMT00000253340.5_1', 'remap_original_location': 'chr7:-:81967169-81967207', 'remap_status': 'full_contig39', 'feature': 'CDS', 'feature_coordinates': 'chr7:81596485-81596523', 'probegroup': 'CACNA2D1', 'offset_coordinates': 'chr7:81596459-81596548', 'five_prime_bases': 78, 'three_prime_bases': 76, 'region_id': 'chr7:81596407-81596599'}","{'GRAPES2': None, 'CNVKIT': None, 'DECON': '4.46', 'GATK_GCNV': None}",False,4.46,,,,,0.9062142810665355,False
35242016,35284719,chr7,DUP,RB38636,5,1,1,0,1,35.98023604346197,0.6773013450310558,42703,"{'ID': 'CDS:ENST00000408931.4', 'Parent': 'ENST00000408931.4', 'gene_id': 'ENSG00000164532.11_1', 'transcript_id': 'ENST00000408931.4_1', 'gene_type': 'protein_coding', 'gene_name': 'TBX20', 'transcript_type': 'protein_coding', 'transcript_name': 'TBX20-201', 'exon_number': '8', 'exon_id': 'ENSE00001615768.1', 'level': '2', 'protein_id': 'ENSP00000386170.3', 'transcript_support_level': '1', 'hgnc_id': 'HGNC:11598', 'tag': 'basic,Ensembl_canonical,MANE_Select,appris_principal_1,CCDS', 'ccdsid': 'CCDS43568.1', 'havana_gene': 'OTTHUMG00000099411.5_1', 'havana_transcript': 'OTTHUMT00000216870.4_1', 'remap_original_location': 'chr7:-:35202430-35202770', 'remap_status': 'full_contig340', 'feature': 'CDS', 'feature_coordinates': 'chr7:35242042-35242382', 'probegroup': 'TBX20', 'offset_coordinates': 'chr7:35242016-35242407', 'five_prime_bases': 35, 'three_prime_bases': 33, 'region_id': 'chr7:35242007-35242415'}","{'GRAPES2': '0.999', 'CNVKIT': None, 'DECON': '38.6', 'GATK_GCNV': '28.01'}",True,38.6,28.01,,0.999,in_silico,0.85413769035665,False
73640224,73659622,chr14,DEL,RB38636,3,1,1,0,1,44.430125264188874,0.08715353244036705,19398,"{'ID': 'CDS:ENST00000324501.10', 'Parent': 'ENST00000324501.10', 'gene_id': 'ENSG00000080815.19_1', 'transcript_id': 'ENST00000324501.10_1', 'gene_type': 'protein_coding', 'gene_name': 'PSEN1', 'transcript_type': 'protein_coding', 'transcript_name': 'PSEN1-201', 'exon_number': '5', 'exon_id': 'ENSE00003610263.1', 'level': '2', 'protein_id': 'ENSP00000326366.5', 'transcript_support_level': '1', 'hgnc_id': 'HGNC:9508', 'tag': 'basic,Ensembl_canonical,MANE_Select,appris_principal_4,CCDS', 'ccdsid': 'CCDS9812.1', 'havana_gene': 'OTTHUMG00000141279.18_1', 'havana_transcript': 'OTTHUMT00000280500.3_1', 'remap_original_location': 'chr14:+:73173566-73173707', 'remap_status': 'full_contig142', 'feature': 'CDS', 'feature_coordinates': 'chr14:73640274-73640415', 'probegroup': 'PSEN1', 'offset_coordinates': 'chr14:73640248-73640440', 'five_prime_bases': 37, 'three_prime_bases': 110, 'region_id': 'chr14:73640237-73640525'}","{'GRAPES2': '0.996', 'CNVKIT': None, 'DECON': '21.8', 'GATK_GCNV': '270.15'}",True,21.8,270.15,,0.996,in_silico,0.85413769035665,False
237881737,237881846,chr1,DEL,RB38636,1,1,0,0,0,34.54545454545455,1.0,109,"{'ID': 'CDS:ENST00000366574.7', 'Parent': 'ENST00000366574.7', 'gene_id': 'ENSG00000198626.18_1', 'transcript_id': 'ENST00000366574.7_1', 'gene_type': 'protein_coding', 'gene_name': 'RYR2', 'transcript_type': 'protein_coding', 'transcript_name': 'RYR2-201', 'exon_number': '73', 'exon_id': 'ENSE00003673763.1', 'level': '2', 'protein_id': 'ENSP00000355533.2', 'transcript_support_level': '1', 'hgnc_id': 'HGNC:10484', 'tag': 'non_canonical_conserved,basic,Ensembl_canonical,MANE_Select,appris_principal_1,CCDS', 'ccdsid': 'CCDS55691.1', 'havana_gene': 'OTTHUMG00000039543.5_1', 'havana_transcript': 'OTTHUMT00000095402.3_1', 'remap_original_location': 'chr1:+:237718462-237718521', 'remap_status': 'full_contig60', 'feature': 'CDS', 'feature_coordinates': 'chr1:237881762-237881821', 'probegroup': 'RYR2', 'offset_coordinates': 'chr1:237881736-237881846', 'five_prime_bases': 79, 'three_prime_bases': 78, 'region_id': 'chr1:237881683-237881899'}","{'GRAPES2': None, 'CNVKIT': None, 'DECON': '3.2', 'GATK_GCNV': None}",False,3.2,,,,,0.85413769035665,False
179518323,179518649,chr2,DEL,RB38636,2,1,0,0,0,41.59021406727829,0.333333,326,"{'ID': 'CDS:ENST00000589042.5', 'Parent': 'ENST00000589042.5', 'gene_id': 'ENSG00000155657.29_1', 'transcript_id': 'ENST00000589042.5_1', 'gene_type': 'protein_coding', 'gene_name': 'TTN', 'transcript_type': 'protein_coding', 'transcript_name': 'TTN-214', 'exon_number': '196', 'exon_id': 'ENSE00002750222.1', 'level': '1', 'protein_id': 'ENSP00000467141.1', 'transcript_support_level': '5', 'hgnc_id': 'HGNC:12403', 'tag': 'inferred_exon_combination,non_submitted_evidence,basic,Ensembl_canonical,MANE_Select,appris_principal_1,exp_conf,CCDS', 'ccdsid': 'CCDS59435.1', 'havana_gene': 'OTTHUMG00000154448.23_1', 'havana_transcript': 'OTTHUMT00000450680.3_1', 'remap_original_location': 'chr2:-:178653621-178653701', 'remap_status': 'full_contig81', 'feature': 'CDS', 'feature_coordinates': 'chr2:179518348-179518428', 'probegroup': 'TTN', 'offset_coordinates': 'chr2:179518322-179518453', 'five_prime_bases': 2460, 'three_prime_bases': 1372, 'region_id': 'chr2:179515888-179519800'}","{'GRAPES2': None, 'CNVKIT': None, 'DECON': '3.05', 'GATK_GCNV': None}",False,3.05,,,,,0.85413769035665,False
179519614,179519747,chr2,DEL,RB38636,1,1,0,0,0,44.776119402985074,0.375,133,"{'ID': 'CDS:ENST00000589042.5', 'Parent': 'ENST00000589042.5', 'gene_id': 'ENSG00000155657.29_1', 'transcript_id': 'ENST00000589042.5_1', 'gene_type': 'protein_coding', 'gene_name': 'TTN', 'transcript_type': 'protein_coding', 'transcript_name': 'TTN-214', 'exon_number': '190', 'exon_id': 'ENSE00002471163.1', 'level': '1', 'protein_id': 'ENSP00000467141.1', 'transcript_support_level': '5', 'hgnc_id': 'HGNC:12403', 'tag': 'inferred_exon_combination,non_submitted_evidence,basic,Ensembl_canonical,MANE_Select,appris_principal_1,exp_conf,CCDS', 'ccdsid': 'CCDS59435.1', 'havana_gene': 'OTTHUMG00000154448.23_1', 'havana_transcript': 'OTTHUMT00000450680.3_1', 'remap_original_location': 'chr2:-:178654912-178654995', 'remap_status': 'full_contig84', 'feature': 'CDS', 'feature_coordinates': 'chr2:179519639-179519722', 'probegroup': 'TTN', 'offset_coordinates': 'chr2:179519613-179519747', 'five_prime_bases': 3751, 'three_prime_bases': 78, 'region_id': 'chr2:179515888-179519800'}","{'GRAPES2': None, 'CNVKIT': None, 'DECON': '5.29', 'GATK_GCNV': None}",False,5.29,,,,,0.85413769035665,False
179522583,179523107,chr2,DUP,RB38636,3,1,0,0,0,40.95238095238095,0.4166665,524,"{'ID': 'CDS:ENST00000589042.5', 'Parent': 'ENST00000589042.5', 'gene_id': 'ENSG00000155657.29_1', 'transcript_id': 'ENST00000589042.5_1', 'gene_type': 'protein_coding', 'gene_name': 'TTN', 'transcript_type': 'protein_coding', 'transcript_name': 'TTN-214', 'exon_number': '187', 'exon_id': 'ENSE00002960777.1', 'level': '1', 'protein_id': 'ENSP00000467141.1', 'transcript_support_level': '5', 'hgnc_id': 'HGNC:12403', 'tag': 'inferred_exon_combination,non_submitted_evidence,basic,Ensembl_canonical,MANE_Select,appris_principal_1,exp_conf,CCDS', 'ccdsid': 'CCDS59435.1', 'havana_gene': 'OTTHUMG00000154448.23_1', 'havana_transcript': 'OTTHUMT00000450680.3_1', 'remap_original_location': 'chr2:-:178657881-178657961', 'remap_status': 'full_contig81', 'feature': 'CDS', 'feature_coordinates': 'chr2:179522608-179522688', 'probegroup': 'TTN', 'offset_coordinates': 'chr2:179522582-179522713', 'five_prime_bases': 462, 'three_prime_bases': 1372, 'region_id': 'chr2:179522146-179524060'}","{'GRAPES2': None, 'CNVKIT': None, 'DECON': '9.48', 'GATK_GCNV': None}",False,9.48,,,,,0.85413769035665,False
179523707,179524007,chr2,DUP,RB38636,2,1,0,0,0,42.19269102990033,0.361111,300,"{'ID': 'CDS:ENST00000589042.5', 'Parent': 'ENST00000589042.5', 'gene_id': 'ENSG00000155657.29_1', 'transcript_id': 'ENST00000589042.5_1', 'gene_type': 'protein_coding', 'gene_name': 'TTN', 'transcript_type': 'protein_coding', 'transcript_name': 'TTN-214', 'exon_number': '182', 'exon_id': 'ENSE00003809569.1', 'level': '1', 'protein_id': 'ENSP00000467141.1', 'transcript_support_level': '5', 'hgnc_id': 'HGNC:12403', 'tag': 'inferred_exon_combination,non_submitted_evidence,basic,Ensembl_canonical,MANE_Select,appris_principal_1,exp_conf,CCDS', 'ccdsid': 'CCDS59435.1', 'havana_gene': 'OTTHUMG00000154448.23_1', 'havana_transcript': 'OTTHUMT00000450680.3_1', 'remap_original_location': 'chr2:-:178659005-178659088', 'remap_status': 'full_contig84', 'feature': 'CDS', 'feature_coordinates': 'chr2:179523732-179523815', 'probegroup': 'TTN', 'offset_coordinates': 'chr2:179523706-179523840', 'five_prime_bases': 1586, 'three_prime_bases': 245, 'region_id': 'chr2:179522146-179524060'}","{'GRAPES2': None, 'CNVKIT': None, 'DECON': '5.83', 'GATK_GCNV': None}",False,5.83,,,,,0.85413769035665,False
179523707,179526780,chr2,DEL,RB38636,4,1,0,0,0,40.0455432661028,0.10807081153138069,3073,"{'ID': 'CDS:ENST00000589042.5', 'Parent': 'ENST00000589042.5', 'gene_id': 'ENSG00000155657.29_1', 'transcript_id': 'ENST00000589042.5_1', 'gene_type': 'protein_coding', 'gene_name': 'TTN', 'transcript_type': 'protein_coding', 'transcript_name': 'TTN-214', 'exon_number': '182', 'exon_id': 'ENSE00003809569.1', 'level': '1', 'protein_id': 'ENSP00000467141.1', 'transcript_support_level': '5', 'hgnc_id': 'HGNC:12403', 'tag': 'inferred_exon_combination,non_submitted_evidence,basic,Ensembl_canonical,MANE_Select,appris_principal_1,exp_conf,CCDS', 'ccdsid': 'CCDS59435.1', 'havana_gene': 'OTTHUMG00000154448.23_1', 'havana_transcript': 'OTTHUMT00000450680.3_1', 'remap_original_location': 'chr2:-:178659005-178659088', 'remap_status': 'full_contig84', 'feature': 'CDS', 'feature_coordinates': 'chr2:179523732-179523815', 'probegroup': 'TTN', 'offset_coordinates': 'chr2:179523706-179523840', 'five_prime_bases': 1586, 'three_prime_bases': 245, 'region_id': 'chr2:179522146-179524060'}","{'GRAPES2': None, 'CNVKIT': None, 'DECON': '5.74', 'GATK_GCNV': None}",False,5.74,,,,,0.85413769035665,False
123696725,123696801,chr6,DEL,RB38636,1,1,0,0,0,27.27272727272727,1.0,76,"{'ID': 'CDS:ENST00000334268.9', 'Parent': 'ENST00000334268.9', 'gene_id': 'ENSG00000186439.14_1', 'transcript_id': 'ENST00000334268.9_1', 'gene_type': 'protein_coding', 'gene_name': 'TRDN', 'transcript_type': 'protein_coding', 'transcript_name': 'TRDN-201', 'exon_number': '19', 'exon_id': 'ENSE00001006441.1', 'level': '2', 'protein_id': 'ENSP00000333984.5', 'transcript_support_level': '1', 'hgnc_id': 'HGNC:12261', 'tag': 'CAGE_supported_TSS,basic,Ensembl_canonical,MANE_Select,appris_principal_3,CCDS', 'ccdsid': 'CCDS55053.1', 'havana_gene': 'OTTHUMG00000015497.4_1', 'havana_transcript': 'OTTHUMT00000042050.3_1', 'remap_original_location': 'chr6:-:123375605-123375631', 'remap_status': 'full_contig27', 'feature': 'CDS', 'feature_coordinates': 'chr6:123696750-123696776', 'probegroup': 'TRDN', 'offset_coordinates': 'chr6:123696724-123696801', 'five_prime_bases': 84, 'three_prime_bases': 82, 'region_id': 'chr6:123696666-123696858'}","{'GRAPES2': None, 'CNVKIT': None, 'DECON': '2.66', 'GATK_GCNV': None}",False,2.66,,,,,0.85413769035665,False
75834475,75834686,chr10,DUP,RB38636,1,1,0,0,1,33.9622641509434,1.0,211,"{'ID': 'CDS:ENST00000211998.10', 'Parent': 'ENST00000211998.10', 'gene_id': 'ENSG00000035403.18_1', 'transcript_id': 'ENST00000211998.10_1', 'gene_type': 'protein_coding', 'gene_name': 'VCL', 'transcript_type': 'protein_coding', 'transcript_name': 'VCL-201', 'exon_number': '6', 'exon_id': 'ENSE00001024263.1', 'level': '2', 'protein_id': 'ENSP00000211998.5', 'transcript_support_level': '1', 'hgnc_id': 'HGNC:12665', 'tag': 'basic,Ensembl_canonical,MANE_Select,appris_principal_1,CCDS', 'ccdsid': 'CCDS7341.1', 'havana_gene': 'OTTHUMG00000018498.4_1', 'havana_transcript': 'OTTHUMT00000048752.3_1', 'remap_original_location': 'chr10:+:74074743-74074903', 'remap_status': 'full_contig161', 'feature': 'CDS', 'feature_coordinates': 'chr10:75834501-75834661', 'probegroup': 'VCL', 'offset_coordinates': 'chr10:75834475-75834686', 'five_prime_bases': 77, 'three_prime_bases': 75, 'region_id': 'chr10:75834424-75834736'}","{'GRAPES2': '0.578', 'CNVKIT': None, 'DECON': '6.73', 'GATK_GCNV': None}",True,6.73,,,0.578,in_silico,0.85413769035665,False
88466263,88466501,chr10,DEL,RB38636,1,1,0,0,0,67.36401673640168,1.0,238,"{'ID': 'CDS:ENST00000361373.9', 'Parent': 'ENST00000361373.9', 'gene_id': 'ENSG00000122367.21_1', 'transcript_id': 'ENST00000361373.9_1', 'gene_type': 'protein_coding', 'gene_name': 'LDB3', 'transcript_type': 'protein_coding', 'transcript_name': 'LDB3-202', 'exon_number': '8', 'exon_id': 'ENSE00001210293.1', 'level': '2', 'protein_id': 'ENSP00000355296.3', 'transcript_support_level': '1', 'hgnc_id': 'HGNC:15710', 'tag': 'CAGE_supported_TSS,basic,Ensembl_canonical,MANE_Select,appris_principal_3,CCDS', 'ccdsid': 'CCDS7377.1', 'havana_gene': 'OTTHUMG00000018655.7_1', 'havana_transcript': 'OTTHUMT00000049160.2_1', 'remap_original_location': 'chr10:+:86706531-86706719', 'remap_status': 'full_contig189', 'feature': 'CDS', 'feature_coordinates': 'chr10:88466288-88466476', 'probegroup': 'LDB3', 'offset_coordinates': 'chr10:88466262-88466501', 'five_prime_bases': 27, 'three_prime_bases': 25, 'region_id': 'chr10:88466261-88466501'}","{'GRAPES2': None, 'CNVKIT': None, 'DECON': '3.45', 'GATK_GCNV': None}",False,3.45,,,,,0.85413769035665,False
50619763,50619916,chr14,DEL,RB38636,1,1,0,0,0,30.519480519480517,1.0,153,"{'ID': 'CDS:ENST00000216373.10', 'Parent': 'ENST00000216373.10', 'gene_id': 'ENSG00000100485.12_1', 'transcript_id': 'ENST00000216373.10_1', 'gene_type': 'protein_coding', 'gene_name': 'SOS2', 'transcript_type': 'protein_coding', 'transcript_name': 'SOS2-201', 'exon_number': '13', 'exon_id': 'ENSE00000656821.1', 'level': '2', 'protein_id': 'ENSP00000216373.5', 'transcript_support_level': '1', 'hgnc_id': 'HGNC:11188', 'tag': 'basic,Ensembl_canonical,MANE_Select,appris_principal_1,CCDS', 'ccdsid': 'CCDS9697.1', 'havana_gene': 'OTTHUMG00000140292.5_1', 'havana_transcript': 'OTTHUMT00000276878.4_1', 'remap_original_location': 'chr14:-:50153070-50153173', 'remap_status': 'full_contig104', 'feature': 'CDS', 'feature_coordinates': 'chr14:50619788-50619891', 'probegroup': 'SOS2', 'offset_coordinates': 'chr14:50619762-50619916', 'five_prime_bases': 81, 'three_prime_bases': 80, 'region_id': 'chr14:50619707-50619971'}","{'GRAPES2': None, 'CNVKIT': None, 'DECON': '2.56', 'GATK_GCNV': None}",False,2.56,,,,,0.85413769035665,False
72766956,72767380,chr15,DEL,RB38636,1,1,0,0,0,71.29411764705881,1.0,424,"{'ID': 'CDS:ENST00000379887.9', 'Parent': 'ENST00000379887.9', 'gene_id': 'ENSG00000166233.15_1', 'transcript_id': 'ENST00000379887.9_1', 'gene_type': 'protein_coding', 'gene_name': 'ARIH1', 'transcript_type': 'protein_coding', 'transcript_name': 'ARIH1-201', 'exon_number': '1', 'exon_id': 'ENSE00001179017.6', 'level': '2', 'protein_id': 'ENSP00000369217.4', 'transcript_support_level': '1', 'hgnc_id': 'HGNC:689', 'tag': 'RNA_Seq_supported_partial,basic,Ensembl_canonical,MANE_Select,appris_principal_1,CCDS', 'ccdsid': 'CCDS10244.1', 'havana_gene': 'OTTHUMG00000133474.5_1', 'havana_transcript': 'OTTHUMT00000257350.3_1', 'remap_original_location': 'chr15:+:72474640-72475014', 'remap_status': 'full_contig375', 'feature': 'CDS', 'feature_coordinates': 'chr15:72766981-72767355', 'probegroup': 'ARIH1', 'offset_coordinates': 'chr15:72766955-72767380', 'five_prime_bases': 30, 'three_prime_bases': 28, 'region_id': 'chr15:72766951-72767383'}","{'GRAPES2': None, 'CNVKIT': None, 'DECON': '2.55', 'GATK_GCNV': None}",False,2.55,,,,,0.85413769035665,False
49661099,49661172,chr19,DEL,RB38636,1,1,0,0,0,72.97297297297297,1.0,73,"{'ID': 'CDS:ENST00000252826.10', 'Parent': 'ENST00000252826.10', 'gene_id': 'ENSG00000130529.16_1', 'transcript_id': 'ENST00000252826.10_1', 'gene_type': 'protein_coding', 'gene_name': 'TRPM4', 'transcript_type': 'protein_coding', 'transcript_name': 'TRPM4-201', 'exon_number': '1', 'exon_id': 'ENSE00003737753.1', 'level': '2', 'protein_id': 'ENSP00000252826.4', 'transcript_support_level': '1', 'hgnc_id': 'HGNC:17993', 'tag': 'basic,Ensembl_canonical,MANE_Select,appris_principal_1,CCDS', 'ccdsid': 'CCDS33073.1', 'havana_gene': 'OTTHUMG00000183184.7_1', 'havana_transcript': 'OTTHUMT00000465543.3_1', 'remap_original_location': 'chr19:+:49157867-49157890', 'remap_status': 'full_contig24', 'feature': 'CDS', 'feature_coordinates': 'chr19:49661124-49661147', 'probegroup': 'TRPM4', 'offset_coordinates': 'chr19:49661098-49661172', 'five_prime_bases': 85, 'three_prime_bases': 84, 'region_id': 'chr19:49661039-49661231'}","{'GRAPES2': None, 'CNVKIT': None, 'DECON': '3.35', 'GATK_GCNV': None}",False,3.35,,,,,0.85413769035665,False
31144734,31164556,chrX,DUP,RB38636,3,1,0,0,0,38.944660243151894,0.45625192857142854,19822,"{'ID': 'CDS:ENST00000357033.9', 'Parent': 'ENST00000357033.9', 'gene_id': 'ENSG00000198947.18_1', 'transcript_id': 'ENST00000357033.9_1', 'gene_type': 'protein_coding', 'gene_name': 'DMD', 'transcript_type': 'protein_coding', 'transcript_name': 'DMD-203', 'exon_number': '78', 'exon_id': 'ENSE00001436107.1', 'level': '2', 'protein_id': 'ENSP00000354923.3', 'transcript_support_level': '1', 'hgnc_id': 'HGNC:2928', 'tag': 'basic,Ensembl_canonical,MANE_Select,appris_principal_3,CCDS', 'ccdsid': 'CCDS14233.1', 'havana_gene': 'OTTHUMG00000021336.7_1', 'havana_transcript': 'OTTHUMT00000056182.2_1', 'remap_original_location': 'chrX:-:31126642-31126673', 'remap_status': 'full_contig32', 'feature': 'CDS', 'feature_coordinates': 'chrX:31144759-31144790', 'probegroup': 'DMD', 'offset_coordinates': 'chrX:31144733-31144815', 'five_prime_bases': 81, 'three_prime_bases': 80, 'region_id': 'chrX:31144678-31144870'}","{'GRAPES2': None, 'CNVKIT': None, 'DECON': '4.76', 'GATK_GCNV': None}",False,4.76,,,,,0.85413769035665,False
107827689,107845244,chrX,DUP,RB38636,10,1,0,0,0,35.816814764183185,0.2034002719512195,17555,"{'ID': 'CDS:ENST00000328300.11', 'Parent': 'ENST00000328300.11', 'gene_id': 'ENSG00000188153.14_1', 'transcript_id': 'ENST00000328300.11_1', 'gene_type': 'protein_coding', 'gene_name': 'COL4A5', 'transcript_type': 'protein_coding', 'transcript_name': 'COL4A5-201', 'exon_number': '18', 'exon_id': 'ENSE00003683504.1', 'level': '2', 'protein_id': 'ENSP00000331902.7', 'transcript_support_level': '1', 'hgnc_id': 'HGNC:2207', 'tag': 'dotter_confirmed,basic,Ensembl_canonical,MANE_Select,appris_alternative_1,CCDS', 'ccdsid': 'CCDS35366.1', 'havana_gene': 'OTTHUMG00000022182.6_1', 'havana_transcript': 'OTTHUMT00000360023.1_1', 'remap_original_location': 'chrX:+:108584484-108584525', 'remap_status': 'full_contig42', 'feature': 'CDS', 'feature_coordinates': 'chrX:107827714-107827755', 'probegroup': 'COL4A5', 'offset_coordinates': 'chrX:107827688-107827780', 'five_prime_bases': 76, 'three_prime_bases': 75, 'region_id': 'chrX:107827638-107827830'}","{'GRAPES2': None, 'CNVKIT': None, 'DECON': '12.4', 'GATK_GCNV': None}",False,12.4,,,,,0.85413769035665,False
107858116,107866080,chrX,DUP,RB38636,4,1,0,0,0,35.88198367859385,0.6055555555555555,7964,"{'ID': 'CDS:ENST00000328300.11', 'Parent': 'ENST00000328300.11', 'gene_id': 'ENSG00000188153.14_1', 'transcript_id': 'ENST00000328300.11_1', 'gene_type': 'protein_coding', 'gene_name': 'COL4A5', 'transcript_type': 'protein_coding', 'transcript_name': 'COL4A5-201', 'exon_number': '30', 'exon_id': 'ENSE00003636495.1', 'level': '2', 'protein_id': 'ENSP00000331902.7', 'transcript_support_level': '1', 'hgnc_id': 'HGNC:2207', 'tag': 'dotter_confirmed,basic,Ensembl_canonical,MANE_Select,appris_alternative_1,CCDS', 'ccdsid': 'CCDS35366.1', 'havana_gene': 'OTTHUMG00000022182.6_1', 'havana_transcript': 'OTTHUMT00000360023.1_1', 'remap_original_location': 'chrX:+:108614911-108615024', 'remap_status': 'full_contig114', 'feature': 'CDS', 'feature_coordinates': 'chrX:107858141-107858254', 'probegroup': 'COL4A5', 'offset_coordinates': 'chrX:107858115-107858279', 'five_prime_bases': 76, 'three_prime_bases': 75, 'region_id': 'chrX:107858065-107858329'}","{'GRAPES2': None, 'CNVKIT': None, 'DECON': '7.46', 'GATK_GCNV': None}",False,7.46,,,,,0.85413769035665,False
107869415,107929384,chrX,DUP,RB38636,13,1,0,0,0,35.43271635817909,0.1786122122244894,59969,"{'ID': 'CDS:ENST00000328300.11', 'Parent': 'ENST00000328300.11', 'gene_id': 'ENSG00000188153.14_1', 'transcript_id': 'ENST00000328300.11_1', 'gene_type': 'protein_coding', 'gene_name': 'COL4A5', 'transcript_type': 'protein_coding', 'transcript_name': 'COL4A5-201', 'exon_number': '36', 'exon_id': 'ENSE00001152517.1', 'level': '2', 'protein_id': 'ENSP00000331902.7', 'transcript_support_level': '1', 'hgnc_id': 'HGNC:2207', 'tag': 'dotter_confirmed,basic,Ensembl_canonical,MANE_Select,appris_alternative_1,CCDS', 'ccdsid': 'CCDS35366.1', 'havana_gene': 'OTTHUMG00000022182.6_1', 'havana_transcript': 'OTTHUMT00000360023.1_1', 'remap_original_location': 'chrX:+:108626210-108626349', 'remap_status': 'full_contig140', 'feature': 'CDS', 'feature_coordinates': 'chrX:107869440-107869579', 'probegroup': 'COL4A5', 'offset_coordinates': 'chrX:107869414-107869604', 'five_prime_bases': 78, 'three_prime_bases': 95, 'region_id': 'chrX:107869362-107869674'}","{'GRAPES2': None, 'CNVKIT': None, 'DECON': '14.3', 'GATK_GCNV': None}",False,14.3,,,,,0.85413769035665,False
108867796,108868274,chrX,DUP,RB38636,1,1,0,0,0,69.10229645093946,1.0,478,"{'ID': 'CDS:ENST00000372101.3', 'Parent': 'ENST00000372101.3', 'gene_id': 'ENSG00000176076.7_1', 'transcript_id': 'ENST00000372101.3_1', 'gene_type': 'protein_coding', 'gene_name': 'KCNE5', 'transcript_type': 'protein_coding', 'transcript_name': 'KCNE5-201', 'exon_number': '1', 'exon_id': 'ENSE00001456908.3', 'level': '2', 'protein_id': 'ENSP00000361173.2', 'transcript_support_level': 'NA', 'hgnc_id': 'HGNC:6241', 'tag': 'CAGE_supported_TSS,basic,Ensembl_canonical,MANE_Select,appris_principal_1,CCDS', 'ccdsid': 'CCDS14547.1', 'havana_gene': 'OTTHUMG00000022189.1_1', 'havana_transcript': 'OTTHUMT00000057892.1_1', 'remap_original_location': 'chrX:-:109624592-109625020', 'remap_status': 'full_contig429', 'feature': 'CDS', 'feature_coordinates': 'chrX:108867821-108868249', 'probegroup': 'KCNE5', 'offset_coordinates': 'chrX:108867795-108868274', 'five_prime_bases': 27, 'three_prime_bases': 25, 'region_id': 'chrX:108867794-108868274'}","{'GRAPES2': None, 'CNVKIT': None, 'DECON': '2.4', 'GATK_GCNV': None}",False,2.4,,,,,0.85413769035665,False
153648346,153648628,chrX,DUP,RB38636,2,1,0,0,0,62.89752650176679,1.0,282,"{'ID': 'CDS:ENST00000601016.6', 'Parent': 'ENST00000601016.6', 'gene_id': 'ENSG00000102125.16_1', 'transcript_id': 'ENST00000601016.6_1', 'gene_type': 'protein_coding', 'gene_name': 'TAFAZZIN', 'transcript_type': 'protein_coding', 'transcript_name': 'TAFAZZIN-213', 'exon_number': '8', 'exon_id': 'ENSE00003787276.1', 'level': '2', 'protein_id': 'ENSP00000469981.1', 'transcript_support_level': '1', 'hgnc_id': 'HGNC:11577', 'tag': 'CAGE_supported_TSS,RNA_Seq_supported_partial,basic,Ensembl_canonical,MANE_Select,CCDS', 'ccdsid': 'CCDS14748.1', 'havana_gene': 'OTTHUMG00000033190.38_1', 'havana_transcript': 'OTTHUMT00000080938.8_1', 'remap_original_location': 'chrX:+:154420032-154420094', 'remap_status': 'full_contig63', 'feature': 'CDS', 'feature_coordinates': 'chrX:153648371-153648433', 'probegroup': 'TAZ', 'offset_coordinates': 'chrX:153648345-153648458', 'five_prime_bases': 29, 'three_prime_bases': 197, 'region_id': 'chrX:153648342-153648630'}","{'GRAPES2': None, 'CNVKIT': None, 'DECON': '5.36', 'GATK_GCNV': None}",False,5.36,,,,,0.85413769035665,False
186423398,186429766,chr4,DUP,RB38630,4,1,1,0,1,43.30350133458942,0.36267242886206896,6368,"{'ID': 'CDS:ENST00000284767.12', 'Parent': 'ENST00000284767.12', 'gene_id': 'ENSG00000154553.16_1', 'transcript_id': 'ENST00000284767.12_1', 'gene_type': 'protein_coding', 'gene_name': 'PDLIM3', 'transcript_type': 'protein_coding', 'transcript_name': 'PDLIM3-201', 'exon_number': '8', 'exon_id': 'ENSE00003903798.1', 'level': '2', 'protein_id': 'ENSP00000284767.8', 'transcript_support_level': '5', 'hgnc_id': 'HGNC:20767', 'tag': 'basic,Ensembl_canonical,MANE_Select,appris_principal_3,CCDS', 'ccdsid': 'CCDS3844.1', 'havana_gene': 'OTTHUMG00000160412.8_1', 'havana_transcript': 'OTTHUMT00000360499.4_1', 'remap_original_location': 'chr4:-:185502294-185502483', 'remap_status': 'full_contig190', 'feature': 'CDS', 'feature_coordinates': 'chr4:186423448-186423637', 'probegroup': 'PDLIM3', 'offset_coordinates': 'chr4:186423422-186423662', 'five_prime_bases': 26, 'three_prime_bases': 25, 'region_id': 'chr4:186423422-186423662'}","{'GRAPES2': '1.0', 'CNVKIT': None, 'DECON': '71', 'GATK_GCNV': '631.86'}",True,71,631.86,,1.0,in_silico,0.9227914477792766,False
3116279,3116563,chr18,DUP,RB38630,1,1,1,0,1,50.526315789473685,1.0,284,"{'ID': 'CDS:ENST00000356443.9', 'Parent': 'ENST00000356443.9', 'gene_id': 'ENSG00000101605.14_1', 'transcript_id': 'ENST00000356443.9_1', 'gene_type': 'protein_coding', 'gene_name': 'MYOM1', 'transcript_type': 'protein_coding', 'transcript_name': 'MYOM1-202', 'exon_number': '21', 'exon_id': 'ENSE00001240549.1', 'level': '2', 'protein_id': 'ENSP00000348821.4', 'transcript_support_level': '1', 'hgnc_id': 'HGNC:7613', 'tag': 'CAGE_supported_TSS,basic,Ensembl_canonical,MANE_Select,appris_principal_4,CCDS', 'ccdsid': 'CCDS45824.1', 'havana_gene': 'OTTHUMG00000178209.7_1', 'havana_transcript': 'OTTHUMT00000441037.3_1', 'remap_original_location': 'chr18:-:3116331-3116515', 'remap_status': 'full_contig185', 'feature': 'CDS', 'feature_coordinates': 'chr18:3116329-3116513', 'probegroup': 'MYOM1', 'offset_coordinates': 'chr18:3116303-3116538', 'five_prime_bases': 29, 'three_prime_bases': 27, 'region_id': 'chr18:3116300-3116540'}","{'GRAPES2': '0.59', 'CNVKIT': None, 'DECON': '14.4', 'GATK_GCNV': '85.35'}",True,14.4,85.35,,0.59,in_silico,0.9227914477792766,False
48584445,48604887,chr18,DEL,RB38630,7,1,1,0,1,36.17375140634936,0.5473931166666667,20442,"{'ID': 'CDS:ENST00000342988.8', 'Parent': 'ENST00000342988.8', 'gene_id': 'ENSG00000141646.15_1', 'transcript_id': 'ENST00000342988.8_1', 'gene_type': 'protein_coding', 'gene_name': 'SMAD4', 'transcript_type': 'protein_coding', 'transcript_name': 'SMAD4-201', 'exon_number': '6', 'exon_id': 'ENSE00003581893.1', 'level': '2', 'protein_id': 'ENSP00000341551.3', 'transcript_support_level': '5', 'hgnc_id': 'HGNC:6770', 'tag': 'alternative_5_UTR,RNA_Seq_supported_partial,basic,Ensembl_canonical,MANE_Select,appris_principal_1,CCDS', 'ccdsid': 'CCDS11950.1', 'havana_gene': 'OTTHUMG00000132696.11_1', 'havana_transcript': 'OTTHUMT00000449733.3_1', 'remap_original_location': 'chr18:+:51058125-51058244', 'remap_status': 'full_contig120', 'feature': 'CDS', 'feature_coordinates': 'chr18:48584495-48584614', 'probegroup': 'SMAD4', 'offset_coordinates': 'chr18:48584469-48584639', 'five_prime_bases': 85, 'three_prime_bases': 285, 'region_id': 'chr18:48584410-48584899'}","{'GRAPES2': '1.0', 'CNVKIT': None, 'DECON': '106', 'GATK_GCNV': '2363.51'}",True,106,2363.51,,1.0,in_silico,0.9227914477792766,False
115251131,115252374,chr1,DEL,RB38630,2,1,0,0,0,39.79099678456592,1.0,1243,"{'ID': 'CDS:ENST00000369535.5', 'Parent': 'ENST00000369535.5', 'gene_id': 'ENSG00000213281.5_1', 'transcript_id': 'ENST00000369535.5_1', 'gene_type': 'protein_coding', 'gene_name': 'NRAS', 'transcript_type': 'protein_coding', 'transcript_name': 'NRAS-201', 'exon_number': '5', 'exon_id': 'ENSE00000800104.3', 'level': '2', 'protein_id': 'ENSP00000358548.4', 'transcript_support_level': '1', 'hgnc_id': 'HGNC:7989', 'tag': 'basic,Ensembl_canonical,MANE_Select,appris_principal_1,CCDS', 'ccdsid': 'CCDS877.1', 'havana_gene': 'OTTHUMG00000012059.3_1', 'havana_transcript': 'OTTHUMT00000033395.3_1', 'remap_original_location': 'chr1:-:114708535-114708654', 'remap_status': 'full_contig120', 'feature': 'CDS', 'feature_coordinates': 'chr1:115251156-115251275', 'probegroup': 'NRAS', 'offset_coordinates': 'chr1:115251130-115251300', 'five_prime_bases': 85, 'three_prime_bases': 84, 'region_id': 'chr1:115251071-115251359'}","{'GRAPES2': None, 'CNVKIT': None, 'DECON': '4.23', 'GATK_GCNV': None}",False,4.23,,,,,0.9227914477792766,False
179522200,179523546,chr2,DUP,RB38630,7,1,0,0,0,41.054194506310324,0.41666650000000005,1346,"{'ID': 'CDS:ENST00000589042.5', 'Parent': 'ENST00000589042.5', 'gene_id': 'ENSG00000155657.29_1', 'transcript_id': 'ENST00000589042.5_1', 'gene_type': 'protein_coding', 'gene_name': 'TTN', 'transcript_type': 'protein_coding', 'transcript_name': 'TTN-214', 'exon_number': '189', 'exon_id': 'ENSE00002949545.1', 'level': '1', 'protein_id': 'ENSP00000467141.1', 'transcript_support_level': '5', 'hgnc_id': 'HGNC:12403', 'tag': 'inferred_exon_combination,non_submitted_evidence,basic,Ensembl_canonical,MANE_Select,appris_principal_1,exp_conf,CCDS', 'ccdsid': 'CCDS59435.1', 'havana_gene': 'OTTHUMG00000154448.23_1', 'havana_transcript': 'OTTHUMT00000450680.3_1', 'remap_original_location': 'chr2:-:178657498-178657581', 'remap_status': 'full_contig84', 'feature': 'CDS', 'feature_coordinates': 'chr2:179522225-179522308', 'probegroup': 'TTN', 'offset_coordinates': 'chr2:179522199-179522333', 'five_prime_bases': 79, 'three_prime_bases': 1752, 'region_id': 'chr2:179522146-179524060'}","{'GRAPES2': None, 'CNVKIT': None, 'DECON': '24', 'GATK_GCNV': None}",False,24,,,,,0.9227914477792766,False
116720389,116758533,chr6,DUP,RB38630,5,1,0,0,0,37.5645562983353,0.2244259371314741,38144,"{'ID': 'CDS:ENST00000644252.3', 'Parent': 'ENST00000644252.3', 'gene_id': 'ENSG00000111817.19_1', 'transcript_id': 'ENST00000644252.3_1', 'gene_type': 'protein_coding', 'gene_name': 'DSE', 'transcript_type': 'protein_coding', 'transcript_name': 'DSE-213', 'exon_number': '2', 'exon_id': 'ENSE00003459633.1', 'level': '2', 'protein_id': 'ENSP00000494147.2', 'hgnc_id': 'HGNC:21144', 'tag': 'basic,Ensembl_canonical,MANE_Select,appris_principal_1,CCDS', 'ccdsid': 'CCDS5107.1', 'havana_gene': 'OTTHUMG00000015434.16_1', 'havana_transcript': 'OTTHUMT00000497107.2_1', 'remap_original_location': 'chr6:+:116399251-116399666', 'remap_status': 'full_contig416', 'feature': 'CDS', 'feature_coordinates': 'chr6:116720414-116720829', 'probegroup': 'DSE', 'offset_coordinates': 'chr6:116720388-116720854', 'five_prime_bases': 82, 'three_prime_bases': 31, 'region_id': 'chr6:116720332-116720860'}","{'GRAPES2': None, 'CNVKIT': None, 'DECON': '21.5', 'GATK_GCNV': None}",False,21.5,,,,,0.9227914477792766,False
123703238,123703317,chr6,DEL,RB38630,1,1,0,0,0,27.500000000000004,1.0,79,"{'ID': 'CDS:ENST00000334268.9', 'Parent': 'ENST00000334268.9', 'gene_id': 'ENSG00000186439.14_1', 'transcript_id': 'ENST00000334268.9_1', 'gene_type': 'protein_coding', 'gene_name': 'TRDN', 'transcript_type': 'protein_coding', 'transcript_name': 'TRDN-201', 'exon_number': '15', 'exon_id': 'ENSE00001006431.1', 'level': '2', 'protein_id': 'ENSP00000333984.5', 'transcript_support_level': '1', 'hgnc_id': 'HGNC:12261', 'tag': 'CAGE_supported_TSS,basic,Ensembl_canonical,MANE_Select,appris_principal_3,CCDS', 'ccdsid': 'CCDS55053.1', 'havana_gene': 'OTTHUMG00000015497.4_1', 'havana_transcript': 'OTTHUMT00000042050.3_1', 'remap_original_location': 'chr6:-:123382118-123382147', 'remap_status': 'full_contig30', 'feature': 'CDS', 'feature_coordinates': 'chr6:123703263-123703292', 'probegroup': 'TRDN', 'offset_coordinates': 'chr6:123703237-123703317', 'five_prime_bases': 82, 'three_prime_bases': 81, 'region_id': 'chr6:123703181-123703373'}","{'GRAPES2': None, 'CNVKIT': None, 'DECON': '4.06', 'GATK_GCNV': None}",False,4.06,,,,,0.9227914477792766,False
30054326,30062457,chr7,DEL,RB38630,3,1,0,0,0,37.59222823413674,0.09957741375384618,8131,"{'ID': 'CDS:ENST00000222803.10', 'Parent': 'ENST00000222803.10', 'gene_id': 'ENSG00000106080.11_1', 'transcript_id': 'ENST00000222803.10_1', 'gene_type': 'protein_coding', 'gene_name': 'FKBP14', 'transcript_type': 'protein_coding', 'transcript_name': 'FKBP14-201', 'exon_number': '4', 'exon_id': 'ENSE00001138174.3', 'level': '2', 'protein_id': 'ENSP00000222803.5', 'transcript_support_level': '1', 'hgnc_id': 'HGNC:18625', 'tag': 'basic,Ensembl_canonical,MANE_Select,appris_principal_1,CCDS', 'ccdsid': 'CCDS5423.1', 'havana_gene': 'OTTHUMG00000023442.4_1', 'havana_transcript': 'OTTHUMT00000214229.2_1', 'remap_original_location': 'chr7:-:30014735-30014893', 'remap_status': 'full_contig159', 'feature': 'CDS', 'feature_coordinates': 'chr7:30054351-30054509', 'probegroup': 'FKBP14', 'offset_coordinates': 'chr7:30054325-30054534', 'five_prime_bases': 78, 'three_prime_bases': 76, 'region_id': 'chr7:30054273-30054585'}","{'GRAPES2': None, 'CNVKIT': None, 'DECON': '17.4', 'GATK_GCNV': None}",False,17.4,,,,,0.9227914477792766,False
54011305,54032266,chr10,DUP,RB38630,3,1,0,0,0,35.001431161148744,0.15648543379999985,20961,"{'ID': 'CDS:ENST00000373980.11', 'Parent': 'ENST00000373980.11', 'gene_id': 'ENSG00000185532.20_1', 'transcript_id': 'ENST00000373980.11_1', 'gene_type': 'protein_coding', 'gene_name': 'PRKG1', 'transcript_type': 'protein_coding', 'transcript_name': 'PRKG1-203', 'exon_number': '10', 'exon_id': 'ENSE00003429550.1', 'level': '2', 'protein_id': 'ENSP00000363092.5', 'transcript_support_level': '1', 'hgnc_id': 'HGNC:9414', 'tag': 'dotter_confirmed,basic,Ensembl_canonical,MANE_Select,CCDS', 'ccdsid': 'CCDS7244.1', 'havana_gene': 'OTTHUMG00000018248.15_1', 'havana_transcript': 'OTTHUMT00000496473.2_1', 'remap_original_location': 'chr10:+:52251570-52251666', 'remap_status': 'full_contig97', 'feature': 'CDS', 'feature_coordinates': 'chr10:54011330-54011426', 'probegroup': 'PRKG1', 'offset_coordinates': 'chr10:54011304-54011451', 'five_prime_bases': 85, 'three_prime_bases': 83, 'region_id': 'chr10:54011245-54011509'}","{'GRAPES2': None, 'CNVKIT': None, 'DECON': '8.54', 'GATK_GCNV': None}",False,8.54,,,,,0.9227914477792766,False
54041888,54053685,chr10,DUP,RB38630,5,1,0,0,0,35.2686896084082,0.07029980397276263,11797,"{'ID': 'CDS:ENST00000373980.11', 'Parent': 'ENST00000373980.11', 'gene_id': 'ENSG00000185532.20_1', 'transcript_id': 'ENST00000373980.11_1', 'gene_type': 'protein_coding', 'gene_name': 'PRKG1', 'transcript_type': 'protein_coding', 'transcript_name': 'PRKG1-203', 'exon_number': '14', 'exon_id': 'ENSE00001323221.1', 'level': '2', 'protein_id': 'ENSP00000363092.5', 'transcript_support_level': '1', 'hgnc_id': 'HGNC:9414', 'tag': 'dotter_confirmed,basic,Ensembl_canonical,MANE_Select,CCDS', 'ccdsid': 'CCDS7244.1', 'havana_gene': 'OTTHUMG00000018248.15_1', 'havana_transcript': 'OTTHUMT00000496473.2_1', 'remap_original_location': 'chr10:+:52282153-52282316', 'remap_status': 'full_contig164', 'feature': 'CDS', 'feature_coordinates': 'chr10:54041913-54042076', 'probegroup': 'PRKG1', 'offset_coordinates': 'chr10:54041887-54042101', 'five_prime_bases': 75, 'three_prime_bases': 74, 'region_id': 'chr10:54041838-54042150'}","{'GRAPES2': None, 'CNVKIT': None, 'DECON': '7.93', 'GATK_GCNV': None}",False,7.93,,,,,0.9227914477792766,False
112583213,112583397,chr10,DEL,RB38630,1,1,0,0,0,45.40540540540541,1.0,184,"{'ID': 'CDS:ENST00000369519.4', 'Parent': 'ENST00000369519.4', 'gene_id': 'ENSG00000203867.8_1', 'transcript_id': 'ENST00000369519.4_1', 'gene_type': 'protein_coding', 'gene_name': 'RBM20', 'transcript_type': 'protein_coding', 'transcript_name': 'RBM20-201', 'exon_number': '12', 'exon_id': 'ENSE00002449242.1', 'level': '2', 'protein_id': 'ENSP00000358532.3', 'transcript_support_level': '1', 'hgnc_id': 'HGNC:27424', 'tag': 'basic,Ensembl_canonical,MANE_Select,appris_principal_1,CCDS', 'ccdsid': 'CCDS44477.1', 'havana_gene': 'OTTHUMG00000019043.6_1', 'havana_transcript': 'OTTHUMT00000050339.4_1', 'remap_original_location': 'chr10:+:110823480-110823614', 'remap_status': 'full_contig135', 'feature': 'CDS', 'feature_coordinates': 'chr10:112583238-112583372', 'probegroup': 'RBM20', 'offset_coordinates': 'chr10:112583212-112583397', 'five_prime_bases': 78, 'three_prime_bases': 76, 'region_id': 'chr10:112583160-112583448'}","{'GRAPES2': None, 'CNVKIT': None, 'DECON': '3.81', 'GATK_GCNV': None}",False,3.81,,,,,0.9227914477792766,False
114839606,114839750,chr12,DUP,RB38630,1,1,0,0,0,44.827586206896555,1.0,144,"{'ID': 'CDS:ENST00000405440.7', 'Parent': 'ENST00000405440.7', 'gene_id': 'ENSG00000089225.20_1', 'transcript_id': 'ENST00000405440.7_1', 'gene_type': 'protein_coding', 'gene_name': 'TBX5', 'transcript_type': 'protein_coding', 'transcript_name': 'TBX5-203', 'exon_number': '3', 'exon_id': 'ENSE00003522498.1', 'level': '1', 'protein_id': 'ENSP00000384152.3', 'transcript_support_level': '1', 'hgnc_id': 'HGNC:11604', 'tag': 'alternative_5_UTR,basic,Ensembl_canonical,MANE_Select,appris_principal_1,exp_conf,CCDS', 'ccdsid': 'CCDS9173.1', 'havana_gene': 'OTTHUMG00000166191.3_1', 'havana_transcript': 'OTTHUMT00000388295.1_1', 'remap_original_location': 'chr12:-:114401826-114401920', 'remap_status': 'full_contig95', 'feature': 'CDS', 'feature_coordinates': 'chr12:114839631-114839725', 'probegroup': 'TBX5', 'offset_coordinates': 'chr12:114839605-114839750', 'five_prime_bases': 86, 'three_prime_bases': 84, 'region_id': 'chr12:114839545-114839809'}","{'GRAPES2': None, 'CNVKIT': None, 'DECON': '3.79', 'GATK_GCNV': None}",False,3.79,,,,,0.9227914477792766,False
2152037,2152282,chr16,DEL,RB38630,1,1,0,0,0,65.4471544715447,0.2166668,245,"{'ID': 'CDS:ENST00000262304.9', 'Parent': 'ENST00000262304.9', 'gene_id': 'ENSG00000008710.20_1', 'transcript_id': 'ENST00000262304.9_1', 'gene_type': 'protein_coding', 'gene_name': 'PKD1', 'transcript_type': 'protein_coding', 'transcript_name': 'PKD1-201', 'exon_number': '26', 'exon_id': 'ENSE00003665951.1', 'level': '2', 'protein_id': 'ENSP00000262304.4', 'transcript_support_level': '1', 'hgnc_id': 'HGNC:9008', 'tag': 'basic,Ensembl_canonical,MANE_Select,appris_principal_3,CCDS', 'ccdsid': 'CCDS32369.1', 'havana_gene': 'OTTHUMG00000155795.6_1', 'havana_transcript': 'OTTHUMT00000341688.2_1', 'remap_original_location': 'chr16:-:2102061-2102256', 'remap_status': 'full_contig196', 'feature': 'CDS', 'feature_coordinates': 'chr16:2152062-2152257', 'probegroup': 'PKD1', 'offset_coordinates': 'chr16:2152036-2152282', 'five_prime_bases': 35, 'three_prime_bases': 791, 'region_id': 'chr16:2152027-2153048'}","{'GRAPES2': None, 'CNVKIT': None, 'DECON': '14.6', 'GATK_GCNV': None}",False,14.6,,,,,0.9227914477792766,False
2155298,2156050,chr16,DEL,RB38630,2,1,0,0,0,64.9402390438247,0.38703716666666677,752,"{'ID': 'CDS:ENST00000262304.9', 'Parent': 'ENST00000262304.9', 'gene_id': 'ENSG00000008710.20_1', 'transcript_id': 'ENST00000262304.9_1', 'gene_type': 'protein_coding', 'gene_name': 'PKD1', 'transcript_type': 'protein_coding', 'transcript_name': 'PKD1-201', 'exon_number': '21', 'exon_id': 'ENSE00003607637.1', 'level': '2', 'protein_id': 'ENSP00000262304.4', 'transcript_support_level': '1', 'hgnc_id': 'HGNC:9008', 'tag': 'basic,Ensembl_canonical,MANE_Select,appris_principal_3,CCDS', 'ccdsid': 'CCDS32369.1', 'havana_gene': 'OTTHUMG00000155795.6_1', 'havana_transcript': 'OTTHUMT00000341688.2_1', 'remap_original_location': 'chr16:-:2105322-2105474', 'remap_status': 'full_contig153', 'feature': 'CDS', 'feature_coordinates': 'chr16:2155323-2155475', 'probegroup': 'PKD1', 'offset_coordinates': 'chr16:2155297-2155500', 'five_prime_bases': 81, 'three_prime_bases': 79, 'region_id': 'chr16:2155242-2155554'}","{'GRAPES2': None, 'CNVKIT': None, 'DECON': '3.94', 'GATK_GCNV': None}",False,3.94,,,,,0.9227914477792766,False
2156781,2156974,chr16,DEL,RB38630,1,1,0,0,0,64.43298969072166,0.277778,193,"{'ID': 'CDS:ENST00000262304.9', 'Parent': 'ENST00000262304.9', 'gene_id': 'ENSG00000008710.20_1', 'transcript_id': 'ENST00000262304.9_1', 'gene_type': 'protein_coding', 'gene_name': 'PKD1', 'transcript_type': 'protein_coding', 'transcript_name': 'PKD1-201', 'exon_number': '17', 'exon_id': 'ENSE00003647173.1', 'level': '2', 'protein_id': 'ENSP00000262304.4', 'transcript_support_level': '1', 'hgnc_id': 'HGNC:9008', 'tag': 'basic,Ensembl_canonical,MANE_Select,appris_principal_3,CCDS', 'ccdsid': 'CCDS32369.1', 'havana_gene': 'OTTHUMG00000155795.6_1', 'havana_transcript': 'OTTHUMT00000341688.2_1', 'remap_original_location': 'chr16:-:2106805-2106948', 'remap_status': 'full_contig144', 'feature': 'CDS', 'feature_coordinates': 'chr16:2156806-2156949', 'probegroup': 'PKD1', 'offset_coordinates': 'chr16:2156780-2156974', 'five_prime_bases': 1017, 'three_prime_bases': 84, 'region_id': 'chr16:2155789-2157033'}","{'GRAPES2': None, 'CNVKIT': None, 'DECON': '7.72', 'GATK_GCNV': None}",False,7.72,,,,,0.9227914477792766,False
2162316,2162499,chr16,DEL,RB38630,1,1,0,0,0,66.84782608695652,0.3466668,183,"{'ID': 'CDS:ENST00000262304.9', 'Parent': 'ENST00000262304.9', 'gene_id': 'ENSG00000008710.20_1', 'transcript_id': 'ENST00000262304.9_1', 'gene_type': 'protein_coding', 'gene_name': 'PKD1', 'transcript_type': 'protein_coding', 'transcript_name': 'PKD1-201', 'exon_number': '14', 'exon_id': 'ENSE00003514982.1', 'level': '2', 'protein_id': 'ENSP00000262304.4', 'transcript_support_level': '1', 'hgnc_id': 'HGNC:9008', 'tag': 'basic,Ensembl_canonical,MANE_Select,appris_principal_3,CCDS', 'ccdsid': 'CCDS32369.1', 'havana_gene': 'OTTHUMG00000155795.6_1', 'havana_transcript': 'OTTHUMT00000341688.2_1', 'remap_original_location': 'chr16:-:2112340-2112473', 'remap_status': 'full_contig134', 'feature': 'CDS', 'feature_coordinates': 'chr16:2162341-2162474', 'probegroup': 'PKD1', 'offset_coordinates': 'chr16:2162315-2162499', 'five_prime_bases': 78, 'three_prime_bases': 77, 'region_id': 'chr16:2162263-2162551'}","{'GRAPES2': None, 'CNVKIT': None, 'DECON': '3.13', 'GATK_GCNV': None}",False,3.13,,,,,0.9227914477792766,False
237881712,237881871,chr1,DUP,RB38623,1,1,1,0,1,33.75,1.0,159,"{'ID': 'CDS:ENST00000366574.7', 'Parent': 'ENST00000366574.7', 'gene_id': 'ENSG00000198626.18_1', 'transcript_id': 'ENST00000366574.7_1', 'gene_type': 'protein_coding', 'gene_name': 'RYR2', 'transcript_type': 'protein_coding', 'transcript_name': 'RYR2-201', 'exon_number': '73', 'exon_id': 'ENSE00003673763.1', 'level': '2', 'protein_id': 'ENSP00000355533.2', 'transcript_support_level': '1', 'hgnc_id': 'HGNC:10484', 'tag': 'non_canonical_conserved,basic,Ensembl_canonical,MANE_Select,appris_principal_1,CCDS', 'ccdsid': 'CCDS55691.1', 'havana_gene': 'OTTHUMG00000039543.5_1', 'havana_transcript': 'OTTHUMT00000095402.3_1', 'remap_original_location': 'chr1:+:237718462-237718521', 'remap_status': 'full_contig60', 'feature': 'CDS', 'feature_coordinates': 'chr1:237881762-237881821', 'probegroup': 'RYR2', 'offset_coordinates': 'chr1:237881736-237881846', 'five_prime_bases': 79, 'three_prime_bases': 78, 'region_id': 'chr1:237881683-237881899'}","{'GRAPES2': '0.847', 'CNVKIT': None, 'DECON': '15.4', 'GATK_GCNV': '27.25'}",False,15.4,27.25,,0.847,,0.9011893846533082,False
40397371,40405683,chr2,DEL,RB38623,5,0,1,0,0,37.627811860940696,0.8,8312,"{'ID': 'CDS:ENST00000332839.8', 'Parent': 'ENST00000332839.8', 'gene_id': 'ENSG00000183023.18_1', 'transcript_id': 'ENST00000332839.8_1', 'gene_type': 'protein_coding', 'gene_name': 'SLC8A1', 'transcript_type': 'protein_coding', 'transcript_name': 'SLC8A1-201', 'exon_number': '6', 'exon_id': 'ENSE00001312640.1', 'level': '3', 'protein_id': 'ENSP00000332931.4', 'transcript_support_level': '1', 'hgnc_id': 'HGNC:11068', 'tag': 'basic,appris_principal_3,CCDS', 'ccdsid': 'CCDS1806.1', 'havana_gene': 'OTTHUMG00000102183.9_1', 'remap_original_location': 'chr2:-:40170281-40170349', 'remap_status': 'full_contig69', 'feature': 'CDS', 'feature_coordinates': 'chr2:40397421-40397489', 'probegroup': 'SLC8A1', 'offset_coordinates': 'chr2:40397395-40397514', 'five_prime_bases': 75, 'three_prime_bases': 73, 'region_id': 'chr2:40397346-40397562'}","{'GRAPES2': None, 'CNVKIT': None, 'DECON': None, 'GATK_GCNV': '570.57'}",False,,570.57,,,,0.9011893846533082,False
177031130,177031592,chr5,DEL,RB38623,1,1,1,0,1,69.3304535637149,1.0,462,"{'ID': 'CDS:ENST00000029410.10', 'Parent': 'ENST00000029410.10', 'gene_id': 'ENSG00000027847.14_1', 'transcript_id': 'ENST00000029410.10_1', 'gene_type': 'protein_coding', 'gene_name': 'B4GALT7', 'transcript_type': 'protein_coding', 'transcript_name': 'B4GALT7-201', 'exon_number': '2', 'exon_id': 'ENSE00003624970.1', 'level': '2', 'protein_id': 'ENSP00000029410.5', 'transcript_support_level': '1', 'hgnc_id': 'HGNC:930', 'tag': 'basic,Ensembl_canonical,MANE_Select,appris_principal_1,CCDS', 'ccdsid': 'CCDS4429.1', 'havana_gene': 'OTTHUMG00000130851.4_1', 'havana_transcript': 'OTTHUMT00000253421.2_1', 'remap_original_location': 'chr5:+:177604179-177604541', 'remap_status': 'full_contig363', 'feature': 'CDS', 'feature_coordinates': 'chr5:177031180-177031542', 'probegroup': 'B4GALT7', 'offset_coordinates': 'chr5:177031154-177031567', 'five_prime_bases': 36, 'three_prime_bases': 34, 'region_id': 'chr5:177031144-177031576'}","{'GRAPES2': '0.305', 'CNVKIT': None, 'DECON': '17', 'GATK_GCNV': '303.13'}",True,17,303.13,,0.305,in_silico,0.9011893846533082,False
73614796,73636199,chr15,DUP,RB38623,7,1,1,0,1,56.344608484395444,0.8333333333333334,21403,"{'ID': 'CDS:ENST00000261917.4', 'Parent': 'ENST00000261917.4', 'gene_id': 'ENSG00000138622.4_1', 'transcript_id': 'ENST00000261917.4_1', 'gene_type': 'protein_coding', 'gene_name': 'HCN4', 'transcript_type': 'protein_coding', 'transcript_name': 'HCN4-201', 'exon_number': '8', 'exon_id': 'ENSE00000885626.5', 'level': '2', 'protein_id': 'ENSP00000261917.3', 'transcript_support_level': '1', 'hgnc_id': 'HGNC:16882', 'tag': 'CAGE_supported_TSS,basic,Ensembl_canonical,MANE_Select,appris_principal_1,CCDS', 'ccdsid': 'CCDS10248.1', 'havana_gene': 'OTTHUMG00000137563.3_1', 'havana_transcript': 'OTTHUMT00000268900.3_1', 'remap_original_location': 'chr15:-:73322481-73323949', 'remap_status': 'full_contig1469', 'feature': 'CDS', 'feature_coordinates': 'chr15:73614822-73616290', 'probegroup': 'HCN4', 'offset_coordinates': 'chr15:73614796-73616315', 'five_prime_bases': 35, 'three_prime_bases': 377, 'region_id': 'chr15:73614787-73616667'}","{'GRAPES2': '1.0', 'CNVKIT': None, 'DECON': '154', 'GATK_GCNV': '558.23'}",True,154,558.23,,1.0,in_silico,0.9011893846533082,False
40397395,40657445,chr2,DEL,RB38623,6,1,0,0,1,37.652229754932684,0.1410125494931193,260050,"{'ID': 'CDS:ENST00000332839.8', 'Parent': 'ENST00000332839.8', 'gene_id': 'ENSG00000183023.18_1', 'transcript_id': 'ENST00000332839.8_1', 'gene_type': 'protein_coding', 'gene_name': 'SLC8A1', 'transcript_type': 'protein_coding', 'transcript_name': 'SLC8A1-201', 'exon_number': '6', 'exon_id': 'ENSE00001312640.1', 'level': '3', 'protein_id': 'ENSP00000332931.4', 'transcript_support_level': '1', 'hgnc_id': 'HGNC:11068', 'tag': 'basic,appris_principal_3,CCDS', 'ccdsid': 'CCDS1806.1', 'havana_gene': 'OTTHUMG00000102183.9_1', 'remap_original_location': 'chr2:-:40170281-40170349', 'remap_status': 'full_contig69', 'feature': 'CDS', 'feature_coordinates': 'chr2:40397421-40397489', 'probegroup': 'SLC8A1', 'offset_coordinates': 'chr2:40397395-40397514', 'five_prime_bases': 75, 'three_prime_bases': 73, 'region_id': 'chr2:40397346-40397562'}","{'GRAPES2': '1.0', 'CNVKIT': None, 'DECON': '79.2', 'GATK_GCNV': None}",True,79.2,,,1.0,in_silico,0.9011893846533082,False
179519147,179519580,chr2,DEL,RB38623,2,1,0,0,0,38.47926267281106,0.333333,433,"{'ID': 'CDS:ENST00000589042.5', 'Parent': 'ENST00000589042.5', 'gene_id': 'ENSG00000155657.29_1', 'transcript_id': 'ENST00000589042.5_1', 'gene_type': 'protein_coding', 'gene_name': 'TTN', 'transcript_type': 'protein_coding', 'transcript_name': 'TTN-214', 'exon_number': '192', 'exon_id': 'ENSE00002836035.1', 'level': '1', 'protein_id': 'ENSP00000467141.1', 'transcript_support_level': '5', 'hgnc_id': 'HGNC:12403', 'tag': 'inferred_exon_combination,non_submitted_evidence,basic,Ensembl_canonical,MANE_Select,appris_principal_1,exp_conf,CCDS', 'ccdsid': 'CCDS59435.1', 'havana_gene': 'OTTHUMG00000154448.23_1', 'havana_transcript': 'OTTHUMT00000450680.3_1', 'remap_original_location': 'chr2:-:178654445-178654534', 'remap_status': 'full_contig90', 'feature': 'CDS', 'feature_coordinates': 'chr2:179519172-179519261', 'probegroup': 'TTN', 'offset_coordinates': 'chr2:179519146-179519286', 'five_prime_bases': 3284, 'three_prime_bases': 539, 'region_id': 'chr2:179515888-179519800'}","{'GRAPES2': None, 'CNVKIT': None, 'DECON': '5', 'GATK_GCNV': None}",False,5,,,,,0.9011893846533082,False
179522200,179523840,chr2,DUP,RB38623,8,1,0,0,0,40.036563071297984,0.41666650000000005,1640,"{'ID': 'CDS:ENST00000589042.5', 'Parent': 'ENST00000589042.5', 'gene_id': 'ENSG00000155657.29_1', 'transcript_id': 'ENST00000589042.5_1', 'gene_type': 'protein_coding', 'gene_name': 'TTN', 'transcript_type': 'protein_coding', 'transcript_name': 'TTN-214', 'exon_number': '189', 'exon_id': 'ENSE00002949545.1', 'level': '1', 'protein_id': 'ENSP00000467141.1', 'transcript_support_level': '5', 'hgnc_id': 'HGNC:12403', 'tag': 'inferred_exon_combination,non_submitted_evidence,basic,Ensembl_canonical,MANE_Select,appris_principal_1,exp_conf,CCDS', 'ccdsid': 'CCDS59435.1', 'havana_gene': 'OTTHUMG00000154448.23_1', 'havana_transcript': 'OTTHUMT00000450680.3_1', 'remap_original_location': 'chr2:-:178657498-178657581', 'remap_status': 'full_contig84', 'feature': 'CDS', 'feature_coordinates': 'chr2:179522225-179522308', 'probegroup': 'TTN', 'offset_coordinates': 'chr2:179522199-179522333', 'five_prime_bases': 79, 'three_prime_bases': 1752, 'region_id': 'chr2:179522146-179524060'}","{'GRAPES2': None, 'CNVKIT': None, 'DECON': '18.1', 'GATK_GCNV': None}",False,18.1,,,,,0.9011893846533082,False
179526650,179527368,chr2,DEL,RB38623,4,1,0,0,0,39.360222531293466,0.4166665,718,"{'ID': 'CDS:ENST00000589042.5', 'Parent': 'ENST00000589042.5', 'gene_id': 'ENSG00000155657.29_1', 'transcript_id': 'ENST00000589042.5_1', 'gene_type': 'protein_coding', 'gene_name': 'TTN', 'transcript_type': 'protein_coding', 'transcript_name': 'TTN-214', 'exon_number': '179', 'exon_id': 'ENSE00002831360.1', 'level': '1', 'protein_id': 'ENSP00000467141.1', 'transcript_support_level': '5', 'hgnc_id': 'HGNC:12403', 'tag': 'inferred_exon_combination,non_submitted_evidence,basic,Ensembl_canonical,MANE_Select,appris_principal_1,exp_conf,CCDS', 'ccdsid': 'CCDS59435.1', 'havana_gene': 'OTTHUMG00000154448.23_1', 'havana_transcript': 'OTTHUMT00000450680.3_1', 'remap_original_location': 'chr2:-:178661948-178662028', 'remap_status': 'full_contig81', 'feature': 'CDS', 'feature_coordinates': 'chr2:179526675-179526755', 'probegroup': 'TTN', 'offset_coordinates': 'chr2:179526649-179526780', 'five_prime_bases': 268, 'three_prime_bases': 2148, 'region_id': 'chr2:179526407-179528903'}","{'GRAPES2': None, 'CNVKIT': None, 'DECON': '57.9', 'GATK_GCNV': None}",False,57.9,,,,,0.9011893846533082,False
179527968,179528101,chr2,DEL,RB38623,1,1,0,0,0,43.28358208955223,0.333333,133,"{'ID': 'CDS:ENST00000589042.5', 'Parent': 'ENST00000589042.5', 'gene_id': 'ENSG00000155657.29_1', 'transcript_id': 'ENST00000589042.5_1', 'gene_type': 'protein_coding', 'gene_name': 'TTN', 'transcript_type': 'protein_coding', 'transcript_name': 'TTN-214', 'exon_number': '173', 'exon_id': 'ENSE00002763838.1', 'level': '1', 'protein_id': 'ENSP00000467141.1', 'transcript_support_level': '5', 'hgnc_id': 'HGNC:12403', 'tag': 'inferred_exon_combination,non_submitted_evidence,basic,Ensembl_canonical,MANE_Select,appris_principal_1,exp_conf,CCDS', 'ccdsid': 'CCDS59435.1', 'havana_gene': 'OTTHUMG00000154448.23_1', 'havana_transcript': 'OTTHUMT00000450680.3_1', 'remap_original_location': 'chr2:-:178663266-178663349', 'remap_status': 'full_contig84', 'feature': 'CDS', 'feature_coordinates': 'chr2:179527993-179528076', 'probegroup': 'TTN', 'offset_coordinates': 'chr2:179527967-179528101', 'five_prime_bases': 1586, 'three_prime_bases': 827, 'region_id': 'chr2:179526407-179528903'}","{'GRAPES2': None, 'CNVKIT': None, 'DECON': '9.17', 'GATK_GCNV': None}",False,9.17,,,,,0.9011893846533082,False
155566065,155711875,chr2,DUP,RB38576,2,1,1,0,1,34.79710035594022,0.21918819292751954,145810,"{'ID': 'CDS:ENST00000295101.3', 'Parent': 'ENST00000295101.3', 'gene_id': 'ENSG00000162989.5_1', 'transcript_id': 'ENST00000295101.3_1', 'gene_type': 'protein_coding', 'gene_name': 'KCNJ3', 'transcript_type': 'protein_coding', 'transcript_name': 'KCNJ3-201', 'exon_number': '2', 'exon_id': 'ENSE00003473985.1', 'level': '2', 'protein_id': 'ENSP00000295101.2', 'transcript_support_level': '1', 'hgnc_id': 'HGNC:6264', 'tag': 'basic,Ensembl_canonical,MANE_Select,appris_principal_1,CCDS', 'ccdsid': 'CCDS2200.1', 'havana_gene': 'OTTHUMG00000131937.5_1', 'havana_transcript': 'OTTHUMT00000254890.3_1', 'remap_original_location': 'chr2:+:154709603-154709819', 'remap_status': 'full_contig217', 'feature': 'CDS', 'feature_coordinates': 'chr2:155566115-155566331', 'probegroup': 'KCNJ3', 'offset_coordinates': 'chr2:155566089-155566356', 'five_prime_bases': 33, 'three_prime_bases': 39, 'region_id': 'chr2:155566082-155566370'}","{'GRAPES2': '1.0', 'CNVKIT': None, 'DECON': '70.9', 'GATK_GCNV': '199.59'}",True,70.9,199.59,,1.0,in_silico,0.9250259539939416,False
15857603,15857798,chr16,DUP,RB38576,1,1,1,0,1,50.51020408163265,1.0,195,"{'ID': 'CDS:ENST00000300036.6', 'Parent': 'ENST00000300036.6', 'gene_id': 'ENSG00000133392.18_1', 'transcript_id': 'ENST00000300036.6_1', 'gene_type': 'protein_coding', 'gene_name': 'MYH11', 'transcript_type': 'protein_coding', 'transcript_name': 'MYH11-201', 'exon_number': '10', 'exon_id': 'ENSE00003669277.1', 'level': '2', 'protein_id': 'ENSP00000300036.5', 'transcript_support_level': '1', 'hgnc_id': 'HGNC:7569', 'tag': 'CAGE_supported_TSS,basic,Ensembl_canonical,MANE_Select,CCDS', 'ccdsid': 'CCDS10565.1', 'havana_gene': 'OTTHUMG00000129935.9_1', 'havana_transcript': 'OTTHUMT00000252192.6_1', 'remap_original_location': 'chr16:-:15763796-15763891', 'remap_status': 'full_contig96', 'feature': 'CDS', 'feature_coordinates': 'chr16:15857653-15857748', 'probegroup': 'MYH11', 'offset_coordinates': 'chr16:15857627-15857773', 'five_prime_bases': 85, 'three_prime_bases': 84, 'region_id': 'chr16:15857568-15857832'}","{'GRAPES2': '0.811', 'CNVKIT': None, 'DECON': '26.4', 'GATK_GCNV': '35.82'}",True,26.4,35.82,,0.811,in_silico,0.9250259539939416,False
179517940,179518259,chr2,DEL,RB38576,2,1,0,0,0,40.625,0.6666665,319,"{'ID': 'CDS:ENST00000589042.5', 'Parent': 'ENST00000589042.5', 'gene_id': 'ENSG00000155657.29_1', 'transcript_id': 'ENST00000589042.5_1', 'gene_type': 'protein_coding', 'gene_name': 'TTN', 'transcript_type': 'protein_coding', 'transcript_name': 'TTN-214', 'exon_number': '198', 'exon_id': 'ENSE00002816759.1', 'level': '1', 'protein_id': 'ENSP00000467141.1', 'transcript_support_level': '5', 'hgnc_id': 'HGNC:12403', 'tag': 'inferred_exon_combination,non_submitted_evidence,basic,Ensembl_canonical,MANE_Select,appris_principal_1,exp_conf,CCDS', 'ccdsid': 'CCDS59435.1', 'havana_gene': 'OTTHUMG00000154448.23_1', 'havana_transcript': 'OTTHUMT00000450680.3_1', 'remap_original_location': 'chr2:-:178653238-178653321', 'remap_status': 'full_contig84', 'feature': 'CDS', 'feature_coordinates': 'chr2:179517965-179518048', 'probegroup': 'TTN', 'offset_coordinates': 'chr2:179517939-179518073', 'five_prime_bases': 2077, 'three_prime_bases': 1752, 'region_id': 'chr2:179515888-179519800'}","{'GRAPES2': None, 'CNVKIT': None, 'DECON': '12.1', 'GATK_GCNV': None}",False,12.1,,,,,0.9250259539939416,False
179518519,179518649,chr2,DUP,RB38576,1,1,0,0,0,42.74809160305343,0.333333,130,"{'ID': 'CDS:ENST00000589042.5', 'Parent': 'ENST00000589042.5', 'gene_id': 'ENSG00000155657.29_1', 'transcript_id': 'ENST00000589042.5_1', 'gene_type': 'protein_coding', 'gene_name': 'TTN', 'transcript_type': 'protein_coding', 'transcript_name': 'TTN-214', 'exon_number': '195', 'exon_id': 'ENSE00002771288.1', 'level': '1', 'protein_id': 'ENSP00000467141.1', 'transcript_support_level': '5', 'hgnc_id': 'HGNC:12403', 'tag': 'inferred_exon_combination,non_submitted_evidence,basic,Ensembl_canonical,MANE_Select,appris_principal_1,exp_conf,CCDS', 'ccdsid': 'CCDS59435.1', 'havana_gene': 'OTTHUMG00000154448.23_1', 'havana_transcript': 'OTTHUMT00000450680.3_1', 'remap_original_location': 'chr2:-:178653817-178653897', 'remap_status': 'full_contig81', 'feature': 'CDS', 'feature_coordinates': 'chr2:179518544-179518624', 'probegroup': 'TTN', 'offset_coordinates': 'chr2:179518518-179518649', 'five_prime_bases': 2656, 'three_prime_bases': 1176, 'region_id': 'chr2:179515888-179519800'}","{'GRAPES2': None, 'CNVKIT': None, 'DECON': '5.45', 'GATK_GCNV': None}",False,5.45,,,,,0.9250259539939416,False
179518909,179519286,chr2,DEL,RB38576,2,1,0,0,1,44.70899470899471,0.333333,377,"{'ID': 'CDS:ENST00000589042.5', 'Parent': 'ENST00000589042.5', 'gene_id': 'ENSG00000155657.29_1', 'transcript_id': 'ENST00000589042.5_1', 'gene_type': 'protein_coding', 'gene_name': 'TTN', 'transcript_type': 'protein_coding', 'transcript_name': 'TTN-214', 'exon_number': '193', 'exon_id': 'ENSE00002759095.1', 'level': '1', 'protein_id': 'ENSP00000467141.1', 'transcript_support_level': '5', 'hgnc_id': 'HGNC:12403', 'tag': 'inferred_exon_combination,non_submitted_evidence,basic,Ensembl_canonical,MANE_Select,appris_principal_1,exp_conf,CCDS', 'ccdsid': 'CCDS59435.1', 'havana_gene': 'OTTHUMG00000154448.23_1', 'havana_transcript': 'OTTHUMT00000450680.3_1', 'remap_original_location': 'chr2:-:178654208-178654291', 'remap_status': 'full_contig84', 'feature': 'CDS', 'feature_coordinates': 'chr2:179518935-179519018', 'probegroup': 'TTN', 'offset_coordinates': 'chr2:179518909-179519043', 'five_prime_bases': 3047, 'three_prime_bases': 782, 'region_id': 'chr2:179515888-179519800'}","{'GRAPES2': '0.994', 'CNVKIT': None, 'DECON': '26.5', 'GATK_GCNV': None}",False,26.5,,,0.994,,0.9250259539939416,False
179519614,179523303,chr2,DEL,RB38576,7,1,0,0,0,39.918699186991866,0.10660262481896543,3689,"{'ID': 'CDS:ENST00000589042.5', 'Parent': 'ENST00000589042.5', 'gene_id': 'ENSG00000155657.29_1', 'transcript_id': 'ENST00000589042.5_1', 'gene_type': 'protein_coding', 'gene_name': 'TTN', 'transcript_type': 'protein_coding', 'transcript_name': 'TTN-214', 'exon_number': '190', 'exon_id': 'ENSE00002471163.1', 'level': '1', 'protein_id': 'ENSP00000467141.1', 'transcript_support_level': '5', 'hgnc_id': 'HGNC:12403', 'tag': 'inferred_exon_combination,non_submitted_evidence,basic,Ensembl_canonical,MANE_Select,appris_principal_1,exp_conf,CCDS', 'ccdsid': 'CCDS59435.1', 'havana_gene': 'OTTHUMG00000154448.23_1', 'havana_transcript': 'OTTHUMT00000450680.3_1', 'remap_original_location': 'chr2:-:178654912-178654995', 'remap_status': 'full_contig84', 'feature': 'CDS', 'feature_coordinates': 'chr2:179519639-179519722', 'probegroup': 'TTN', 'offset_coordinates': 'chr2:179519613-179519747', 'five_prime_bases': 3751, 'three_prime_bases': 78, 'region_id': 'chr2:179515888-179519800'}","{'GRAPES2': None, 'CNVKIT': None, 'DECON': '56.7', 'GATK_GCNV': None}",False,56.7,,,,,0.9250259539939416,False
179526461,179526780,chr2,DUP,RB38576,2,1,0,0,0,40.625,0.4166665,319,"{'ID': 'CDS:ENST00000589042.5', 'Parent': 'ENST00000589042.5', 'gene_id': 'ENSG00000155657.29_1', 'transcript_id': 'ENST00000589042.5_1', 'gene_type': 'protein_coding', 'gene_name': 'TTN', 'transcript_type': 'protein_coding', 'transcript_name': 'TTN-214', 'exon_number': '180', 'exon_id': 'ENSE00002767327.1', 'level': '1', 'protein_id': 'ENSP00000467141.1', 'transcript_support_level': '5', 'hgnc_id': 'HGNC:12403', 'tag': 'inferred_exon_combination,non_submitted_evidence,basic,Ensembl_canonical,MANE_Select,appris_principal_1,exp_conf,CCDS', 'ccdsid': 'CCDS59435.1', 'havana_gene': 'OTTHUMG00000154448.23_1', 'havana_transcript': 'OTTHUMT00000450680.3_1', 'remap_original_location': 'chr2:-:178661759-178661842', 'remap_status': 'full_contig84', 'feature': 'CDS', 'feature_coordinates': 'chr2:179526486-179526569', 'probegroup': 'TTN', 'offset_coordinates': 'chr2:179526460-179526594', 'five_prime_bases': 79, 'three_prime_bases': 2334, 'region_id': 'chr2:179526407-179528903'}","{'GRAPES2': None, 'CNVKIT': None, 'DECON': '21.4', 'GATK_GCNV': None}",False,21.4,,,,,0.9250259539939416,False
179527430,179527807,chr2,DUP,RB38576,2,1,0,0,1,45.23809523809524,0.333333,377,"{'ID': 'CDS:ENST00000589042.5', 'Parent': 'ENST00000589042.5', 'gene_id': 'ENSG00000155657.29_1', 'transcript_id': 'ENST00000589042.5_1', 'gene_type': 'protein_coding', 'gene_name': 'TTN', 'transcript_type': 'protein_coding', 'transcript_name': 'TTN-214', 'exon_number': '175', 'exon_id': 'ENSE00002810615.1', 'level': '1', 'protein_id': 'ENSP00000467141.1', 'transcript_support_level': '5', 'hgnc_id': 'HGNC:12403', 'tag': 'inferred_exon_combination,non_submitted_evidence,basic,Ensembl_canonical,MANE_Select,appris_principal_1,exp_conf,CCDS', 'ccdsid': 'CCDS59435.1', 'havana_gene': 'OTTHUMG00000154448.23_1', 'havana_transcript': 'OTTHUMT00000450680.3_1', 'remap_original_location': 'chr2:-:178662729-178662812', 'remap_status': 'full_contig84', 'feature': 'CDS', 'feature_coordinates': 'chr2:179527456-179527539', 'probegroup': 'TTN', 'offset_coordinates': 'chr2:179527430-179527564', 'five_prime_bases': 1049, 'three_prime_bases': 1364, 'region_id': 'chr2:179526407-179528903'}","{'GRAPES2': '0.869', 'CNVKIT': None, 'DECON': '24', 'GATK_GCNV': None}",False,24,,,0.869,,0.9250259539939416,False
192053125,192078352,chr3,DUP,RB38576,2,1,0,0,0,35.43285238623751,0.17795318526041662,25227,"{'ID': 'CDS:ENST00000445105.7', 'Parent': 'ENST00000445105.7', 'gene_id': 'ENSG00000114279.15_1', 'transcript_id': 'ENST00000445105.7_1', 'gene_type': 'protein_coding', 'gene_name': 'FGF12', 'transcript_type': 'protein_coding', 'transcript_name': 'FGF12-204', 'exon_number': '4', 'exon_id': 'ENSE00002207494.1', 'level': '2', 'protein_id': 'ENSP00000393686.1', 'transcript_support_level': '1', 'hgnc_id': 'HGNC:3668', 'tag': 'CAGE_supported_TSS,basic,Ensembl_canonical,MANE_Select,appris_alternative_1,CCDS', 'ccdsid': 'CCDS46983.1', 'havana_gene': 'OTTHUMG00000156132.5_1', 'havana_transcript': 'OTTHUMT00000343100.3_1', 'remap_original_location': 'chr3:-:192335361-192335464', 'remap_status': 'full_contig104', 'feature': 'CDS', 'feature_coordinates': 'chr3:192053150-192053253', 'probegroup': 'FGF12', 'offset_coordinates': 'chr3:192053124-192053278', 'five_prime_bases': 81, 'three_prime_bases': 80, 'region_id': 'chr3:192053069-192053333'}","{'GRAPES2': None, 'CNVKIT': None, 'DECON': '9.68', 'GATK_GCNV': None}",False,9.68,,,,,0.9250259539939416,False
86679505,86679622,chr5,DUP,RB38576,1,1,0,0,0,37.28813559322034,1.0,117,"{'ID': 'CDS:ENST00000274376.11', 'Parent': 'ENST00000274376.11', 'gene_id': 'ENSG00000145715.15_1', 'transcript_id': 'ENST00000274376.11_1', 'gene_type': 'protein_coding', 'gene_name': 'RASA1', 'transcript_type': 'protein_coding', 'transcript_name': 'RASA1-201', 'exon_number': '21', 'exon_id': 'ENSE00003505177.1', 'level': '2', 'protein_id': 'ENSP00000274376.6', 'transcript_support_level': '1', 'hgnc_id': 'HGNC:9871', 'tag': 'basic,Ensembl_canonical,MANE_Select,appris_principal_3,CCDS', 'ccdsid': 'CCDS34200.1', 'havana_gene': 'OTTHUMG00000162605.3_1', 'havana_transcript': 'OTTHUMT00000369729.2_1', 'remap_original_location': 'chr5:+:87383713-87383780', 'remap_status': 'full_contig68', 'feature': 'CDS', 'feature_coordinates': 'chr5:86679530-86679597', 'probegroup': 'RASA1', 'offset_coordinates': 'chr5:86679504-86679622', 'five_prime_bases': 75, 'three_prime_bases': 74, 'region_id': 'chr5:86679455-86679671'}","{'GRAPES2': None, 'CNVKIT': None, 'DECON': '2.64', 'GATK_GCNV': None}",False,2.64,,,,,0.9250259539939416,False
7577167,7577300,chr6,DEL,RB38576,1,1,0,0,0,32.83582089552239,1.0,133,"{'ID': 'CDS:ENST00000379802.8', 'Parent': 'ENST00000379802.8', 'gene_id': 'ENSG00000096696.15_1', 'transcript_id': 'ENST00000379802.8_1', 'gene_type': 'protein_coding', 'gene_name': 'DSP', 'transcript_type': 'protein_coding', 'transcript_name': 'DSP-201', 'exon_number': '20', 'exon_id': 'ENSE00001154962.1', 'level': '2', 'protein_id': 'ENSP00000369129.3', 'transcript_support_level': '1', 'hgnc_id': 'HGNC:3052', 'tag': 'basic,Ensembl_canonical,MANE_Select,appris_principal_3,CCDS', 'ccdsid': 'CCDS4501.1', 'havana_gene': 'OTTHUMG00000014212.5_1', 'havana_transcript': 'OTTHUMT00000039786.4_1', 'remap_original_location': 'chr6:+:7576959-7577042', 'remap_status': 'full_contig84', 'feature': 'CDS', 'feature_coordinates': 'chr6:7577192-7577275', 'probegroup': 'DSP', 'offset_coordinates': 'chr6:7577166-7577300', 'five_prime_bases': 79, 'three_prime_bases': 78, 'region_id': 'chr6:7577113-7577353'}","{'GRAPES2': None, 'CNVKIT': None, 'DECON': '5.32', 'GATK_GCNV': None}",False,5.32,,,,,0.9250259539939416,False
50647265,50647425,chr14,DUP,RB38576,1,1,0,0,0,32.91925465838509,1.0,160,"{'ID': 'CDS:ENST00000216373.10', 'Parent': 'ENST00000216373.10', 'gene_id': 'ENSG00000100485.12_1', 'transcript_id': 'ENST00000216373.10_1', 'gene_type': 'protein_coding', 'gene_name': 'SOS2', 'transcript_type': 'protein_coding', 'transcript_name': 'SOS2-201', 'exon_number': '7', 'exon_id': 'ENSE00000656827.1', 'level': '2', 'protein_id': 'ENSP00000216373.5', 'transcript_support_level': '1', 'hgnc_id': 'HGNC:11188', 'tag': 'basic,Ensembl_canonical,MANE_Select,appris_principal_1,CCDS', 'ccdsid': 'CCDS9697.1', 'havana_gene': 'OTTHUMG00000140292.5_1', 'havana_transcript': 'OTTHUMT00000276878.4_1', 'remap_original_location': 'chr14:-:50180572-50180682', 'remap_status': 'full_contig111', 'feature': 'CDS', 'feature_coordinates': 'chr14:50647290-50647400', 'probegroup': 'SOS2', 'offset_coordinates': 'chr14:50647264-50647425', 'five_prime_bases': 78, 'three_prime_bases': 76, 'region_id': 'chr14:50647212-50647476'}","{'GRAPES2': None, 'CNVKIT': None, 'DECON': '3.5', 'GATK_GCNV': None}",False,3.5,,,,,0.9250259539939416,False
52476723,52476898,chr15,DEL,RB38576,1,1,0,0,0,36.36363636363637,1.0,175,"{'ID': 'CDS:ENST00000261837.12', 'Parent': 'ENST00000261837.12', 'gene_id': 'ENSG00000069966.19_1', 'transcript_id': 'ENST00000261837.12_1', 'gene_type': 'protein_coding', 'gene_name': 'GNB5', 'transcript_type': 'protein_coding', 'transcript_name': 'GNB5-201', 'exon_number': '2', 'exon_id': 'ENSE00003613960.1', 'level': '2', 'protein_id': 'ENSP00000261837.7', 'transcript_support_level': '5', 'hgnc_id': 'HGNC:4401', 'tag': 'basic,Ensembl_canonical,MANE_Select,appris_principal_3,CCDS', 'ccdsid': 'CCDS10149.1', 'havana_gene': 'OTTHUMG00000131892.4_1', 'havana_transcript': 'OTTHUMT00000254842.2_1', 'remap_original_location': 'chr15:-:52184551-52184676', 'remap_status': 'full_contig126', 'feature': 'CDS', 'feature_coordinates': 'chr15:52476748-52476873', 'probegroup': 'GNB5', 'offset_coordinates': 'chr15:52476722-52476898', 'five_prime_bases': 82, 'three_prime_bases': 81, 'region_id': 'chr15:52476666-52476954'}","{'GRAPES2': None, 'CNVKIT': None, 'DECON': '4.42', 'GATK_GCNV': None}",False,4.42,,,,,0.9250259539939416,False
32380879,32404607,chrX,DEL,RB38576,5,1,0,0,1,33.4695941674744,1.0,23728,"{'ID': 'CDS:ENST00000357033.9', 'Parent': 'ENST00000357033.9', 'gene_id': 'ENSG00000198947.18_1', 'transcript_id': 'ENST00000357033.9_1', 'gene_type': 'protein_coding', 'gene_name': 'DMD', 'transcript_type': 'protein_coding', 'transcript_name': 'DMD-203', 'exon_number': '37', 'exon_id': 'ENSE00001434721.1', 'level': '2', 'protein_id': 'ENSP00000354923.3', 'transcript_support_level': '1', 'hgnc_id': 'HGNC:2928', 'tag': 'basic,Ensembl_canonical,MANE_Select,appris_principal_3,CCDS', 'ccdsid': 'CCDS14233.1', 'havana_gene': 'OTTHUMG00000021336.7_1', 'havana_transcript': 'OTTHUMT00000056182.2_1', 'remap_original_location': 'chrX:-:32362788-32362958', 'remap_status': 'full_contig171', 'feature': 'CDS', 'feature_coordinates': 'chrX:32380905-32381075', 'probegroup': 'DMD', 'offset_coordinates': 'chrX:32380879-32381100', 'five_prime_bases': 36, 'three_prime_bases': 34, 'region_id': 'chrX:32380869-32381109'}","{'GRAPES2': '0.999', 'CNVKIT': None, 'DECON': '68.4', 'GATK_GCNV': None}",True,68.4,,,0.999,in_silico,0.9250259539939416,False
